#INFO: **** input file is /project/lgagliardi/tuy/qchem/las-uscc-noci/working/polyene/c6_631g.py ****
# test the distribution of the nearest neighbor excitations

import numpy as np
import pyscf
from pyscf import gto, scf, lib, mcscf
from mrh.my_pyscf.mcscf.lasscf_o0 import LASSCF
from mrh.exploratory.unitary_cc import lasuccsd
from mrh.exploratory.unitary_cc.uccsd_sym0 import get_uccsd_op
from mrh.exploratory.citools import grad, lasci_ominus1
from mrh.exploratory.citools import fockspace


from typing import Iterable, Union
from typing import Dict, List, Any, TypedDict
import copy
import pickle
from enum import Enum
from scipy.linalg import eigh
from scipy import optimize
import sys

VERBOSE = 0
result = {}
if len(sys.argv) > 1:
    try:
        AMPLITUDE = float(sys.argv[1])
        print(f"Using AMPLITUDE argument: {AMPLITUDE}")
    except ValueError:
        print("Invalid AMPLITUDE argument, using default value 1.")
        AMPLITUDE = 1
else:
    AMPLITUDE = 1

def flatten(seq: Iterable) -> list:
    result = []
    for item in seq:
        if isinstance(item, (list, tuple, np.ndarray)):
            result.extend(flatten(item))
        else:
            result.append(item)
    return result


def cilas2f(lasci, norb_f, nelec_f):
    ''' nelec (na, nb)'''
    ci_f = []
    for i, ci in enumerate(lasci):
        ci_f.append(fockspace.hilbert2fock(ci, norb_f[i], nelec_f[i])[0])
    return ci_f

class MolConfig(TypedDict):
    # basic
    name : str
    xyz: str
    basis: str
    ncas: List[int]
    nelecas: List[int]
    spinsub: List[int]
    frag_atom_list: Any  # Can be List or Tuple depending on usage
    frag_spin_orb: Any
    adj: List[List[int]]

class TestConfig(TypedDict):
    epsilon: float
    # nearest neighbor parameters
    factor: None
    nn: bool
    # non-orthogonal configuration interaction parameters
    init_method: str # 'random' or 'uscc_opt' or 'load x'
    # max_nx: int  # max number of excitations per configuration
    # min_nc: int
    # test choices
    grad_test: bool
    noci_test: bool  
    frozen: str

def get_Sij(psi_i, psi_j, h):
    """Compute the overlap Sij = <psi_i|psi_j>."""
    ucj, _ = psi_j.hc_x(psi_j.x, h)[1:3]
    uci, _ = psi_i.hc_x(psi_i.x, h)[1:3]
    ucj, uci = ucj.ravel(), uci.ravel()
    Sij = uci.conj().dot(ucj)
    return Sij


def get_Sij_Hij(psi_i, psi_j, h):
    ucj, hucj = psi_j.hc_x (psi_j.x, h)[1:3]
    uci, huci = psi_i.hc_x (psi_i.x, h)[1:3]
    ucj, hucj = ucj.ravel (), hucj.ravel ()
    uci = uci.ravel ()
    Sij = uci.conj ().dot (ucj)
    Hij = uci.conj ().dot (hucj)
    return Sij, Hij


def arr_split(arr, n):
    """Split an array into n nearly equal parts."""
    k, m = divmod(len(arr), n)
    return list(arr[i * k + min(i, m):(i + 1) * k + min(i + 1, m)] for i in range(n))

def print_matrix(mat):
    for row in mat:
        print("  ".join(f"{x:.17f}" for x in row))

def zip_excitations(a_idxs, i_idxs):
    excitations = []
    for a, i in zip(a_idxs, i_idxs):
        excitations.append((tuple(i), tuple(a[::-1])))
    return excitations

def print_excitations(a_idxs, i_idxs):
    excitations = zip_excitations(a_idxs, i_idxs)
    for excitation in excitations:
        print([[int(x) for x in flatten(excitation)]])


def nci_test(a_idxs_selected, i_idxs_selected, test_config, mol_config, mol,las, mc_uscc, mf):

    nc = len(a_idxs_selected) + 1
    # we create ci for each excitation
    if VERBOSE >= 1:
        print("Number of CIs: ", nc)

    h1eff,e_core= mc_uscc.get_h1eff(mc_uscc.mo_coeff)
    h2eff = mc_uscc.get_h2eff()

    las_ucc_trial_cis = []
    
    min_ci_eng = 99999.9
    amps = []
    for i in range(nc):
        if( i == nc -1):
            amplitude = 0 # the last one is the reference state
        else:
            amplitude = AMPLITUDE # we should try different amplitudes

        mc_uscc_ci = mcscf.CASCI(mf, sum(mol_config['ncas']), sum(mol_config['nelecas']))
        mc_uscc_ci.mo_coeff = las.mo_coeff
        mc_uscc_ci.fcisolver = lasuccsd.FCISolver_USCC(mol, a_idxs_selected, i_idxs_selected)
        mc_uscc_ci.fcisolver.norb_f = mol_config['ncas']
        fci = mc_uscc_ci.fcisolver
        las_ci0_f = cilas2f(las.ci, mol_config['ncas'], mol_config['nelecas'])

        norb = sum(mol_config['ncas']) # not sure about this
        nelec = sum(mol_config['nelecas']) # not sure about this
        norb_f = getattr (fci, 'norb_f', [norb])
        psi =  getattr (fci, 'psi', fci.build_psi (las_ci0_f, norb, norb_f, nelec, frozen=test_config['frozen']))
        
        if i < nc - 1:
            psi.x[psi.nconstr + i] = amplitude
            amps.append(amplitude)

        energy = psi.energy_tot(psi.x, [e_core, h1eff, h2eff])
        if energy < min_ci_eng:
            min_ci_eng = energy

        las_ucc_trial_cis.append(psi)
        
    result['amps'] = amps
    S = np.zeros((nc, nc), dtype=np.complex128)
    H = np.zeros((nc, nc), dtype=np.complex128)
    h = [e_core, h1eff, h2eff]


    # Build S matrix incrementally, discarding linearly dependent CIs
    selected_indices = []
    S_inc = np.zeros((0, 0), dtype=np.complex128)
    threshold = 1e5  # You can adjust this threshold as needed

    for idx, psi in enumerate(las_ucc_trial_cis):
        # Build S matrix for current selection + this CI
        n_sel = len(selected_indices)
        S_new = np.zeros((n_sel + 1, n_sel + 1), dtype=np.complex128)
        # Fill previous block
        if n_sel > 0:
            S_new[:n_sel, :n_sel] = S_inc
            for j, jidx in enumerate(selected_indices):
                S_new[n_sel, j] = get_Sij(psi, las_ucc_trial_cis[jidx], h)
                S_new[j, n_sel] = get_Sij(las_ucc_trial_cis[jidx], psi, h)
        # Diagonal element
        S_new[n_sel, n_sel] = get_Sij(psi, psi, h)
        # Check condition number
        cond = np.linalg.cond(S_new)
        if cond < threshold:
            selected_indices.append(idx)
            S_inc = S_new
        else:
            if VERBOSE >= 1:
                print(f"Discarding CI {idx} due to linear dependence (cond={cond:.2e})")

    # Now, only keep selected CIs for S and H
    nc_sel = len(selected_indices)
    S = np.zeros((nc_sel, nc_sel), dtype=np.complex128)
    H = np.zeros((nc_sel, nc_sel), dtype=np.complex128)
    for i, idx_i in enumerate(selected_indices):
        for j, idx_j in enumerate(selected_indices):
            S[i, j], H[i, j] = get_Sij_Hij(las_ucc_trial_cis[idx_i], las_ucc_trial_cis[idx_j], h)

    if VERBOSE >= 0:
        print(f"Selected {nc_sel} CIs out of {nc} total CIs")
        print("Condition number of S matrix: ", np.linalg.cond(S))

    if VERBOSE >= 1:
        print("S matrix:")
        print_matrix(S)
        print("H matrix:")
        print_matrix(H)

    # print("min_ci_eng: ", min_ci_eng)
    eigvals, eigvecs = eigh(H, S)
    return eigvals[0], eigvecs[0], min_ci_eng   # Take the lowest eigenvalue as the energy



def test(mol_config, test_config, las, mol, mf):


    eps = test_config['epsilon']
    # if test_config['factor'] is not None: # if there is factor then use factor to select epsilon
    #     all_g_, g_sel_, a_idxs_all_, i_idxs_all_ = grad.get_grad_exact(las, 0)
    #     sortg = np.sort(abs(all_g_))
    #     n = len(all_g_)
    #     thre_idx = int(np.floor(test_config['factor'] * n))
    #     eps= sortg[-thre_idx]
    if test_config['factor'] is not None: # if there is factor then use factor to select epsilon
        g, gs, all_gen_indices_a, all_gen_indices_i = grad.get_grad_exact(las, epsilon=0.0)
        sortg = np.sort(abs(g))
        n = len(g)
        eps = sortg[ int(np.floor((test_config['factor'] *n)))]

    all_g, g_sel, a_idxs_selected_all, i_idxs_selected_all = grad.get_grad_exact(las, eps)

    # if test_config['grad_test']:
    #     result['all_g'] = all_g
    result['all_g'] = all_g
    result['g_sel'] = g_sel

    a_idxs_selected_nn = []
    i_idxs_selected_nn = []
    
    nn_g = []
    if(test_config['nn']):
        nn_g, a_idxs_selected_nn, i_idxs_selected_nn = get_nn_excitations(a_idxs_selected_all, i_idxs_selected_all, all_g, mol_config)
        if test_config['grad_test']:
            result['nn_g'] = nn_g

    result['tot_excitation_count'] = len(a_idxs_selected_all)
    result['excitation_count_nn'] = len(a_idxs_selected_nn)

    #Computing energy through the LAS-UCC kernel using selected excitations
    #==========================================================================================
    
    a_idxs_selected = None
    i_idxs_selected = None

    if test_config['nn']:
        a_idxs_selected = a_idxs_selected_nn
        i_idxs_selected = i_idxs_selected_nn
    else:
        a_idxs_selected = a_idxs_selected_all
        i_idxs_selected = i_idxs_selected_all
    
    if VERBOSE >= 2:
        print("All selected excitations:")
        print_excitations(a_idxs_selected, i_idxs_selected)

    mc_uscc = mcscf.CASCI(mf, sum(mol_config['ncas']), sum(mol_config['nelecas']))
    mc_uscc.mo_coeff = las.mo_coeff
    mc_uscc.fcisolver = lasuccsd.FCISolver_USCC(mol, a_idxs_selected, i_idxs_selected)
    mc_uscc.fcisolver.norb_f = mol_config['ncas'] # number of orbitals in each fragment
    # easily hit the maximal memory limit
    mc_uscc.fcisolver.frozen = test_config['frozen'] if 'frozen' in test_config else None  
    mc_uscc.kernel(ci0 = cilas2f(las.ci, mol_config['ncas'], mol_config['nelecas']))
    if not mc_uscc.converged:
        print('Warning: kernel hasn\'t converged')
    
    if VERBOSE >= 1:
        print("MC-USCC amplitudes: ", mc_uscc.fcisolver.psi.x)

    result['las_uscc_eng'] =  mc_uscc.e_tot 
   
    if test_config['noci_test']:
        result['las_uscc_noci_eng'], result['las_uscc_noci_vec'], result['min_ci_eng'] = nci_test(a_idxs_selected, i_idxs_selected, test_config, mol_config, mol,las, mc_uscc, mf)
    
    return result
   



def batch_test(mol_config, test_configs):
    results = []

    # Initializing the molecule with RHF
    #===================================
    symmetry = None
    charge = None
    spin = None
    if 'symmetry' in mol_config:
        symmetry = mol_config['symmetry']
    if 'charge' in mol_config:
        charge = mol_config['charge']
    if 'spin' in mol_config:
        spin = mol_config['spin']

    mol = gto.M(atom=mol_config['xyz'], basis=mol_config['basis'], symmetry = symmetry,
        charge = charge, spin = spin, verbose=4, output=mol_config['output'])
    if 'HF' in mol_config and mol_config['HF'] == 'ROHF':
        mf = scf.ROHF(mol).run()
    else:
        mf = scf.RHF(mol).run()

    # Running LASSCF
    #===================================
    las = LASSCF(mf, mol_config['ncas'], mol_config['nelecas'], spin_sub=mol_config['spinsub'], ouput=None)
    mo_loc = las.localize_init_guess(mol_config['frag_atom_list'], mf.mo_coeff)
    las.kernel(mo_loc)
    
    ref = mcscf.CASCI(mf, sum(mol_config['ncas']), sum(mol_config['nelecas']))
    ref.mo_coeff = las.mo_coeff
    ref.kernel() 

    for test_config in test_configs:
        
        result = test(mol_config, test_config, las, mol, mf)
        results.append(result)
    
    return results, ref.e_tot, las.e_tot



def empty_adj(n):
    return [[0 for _ in range(n)] for _ in range(n)]

def circle_adj(n):
    return [[1 if abs(i - j) == 1 or abs(i - j) == n-1 else 0 for j in range(n)] for i in range(n)]


if __name__ == "__main__":


    data_dir = '../geom'

    with open(data_dir + '/h4.xyz', 'r', encoding='utf-8') as f:
        h4xyz = f.read()

    with open(data_dir + '/h6.xyz', 'r', encoding='utf-8') as f:
        h6xyz = f.read()

    with open(data_dir + '/h8.xyz', 'r', encoding='utf-8') as f:
        h8xyz = f.read()

    with open(data_dir + '/h10.xyz', 'r', encoding='utf-8') as f:
        h10xyz = f.read()


    with open(data_dir + '/c4.xyz', 'r', encoding='utf-8') as f:
        c4xyz = f.read()

    with open(data_dir + '/c6.xyz', 'r', encoding='utf-8') as f:
        c6xyz = f.read()

    with open(data_dir + '/c8.xyz', 'r', encoding='utf-8') as f:
        c8xyz = f.read()

    with open(data_dir + '/c10.xyz', 'r', encoding='utf-8') as f:
        c10xyz = f.read()

    with open(data_dir + '/stil-001.xyz', 'r', encoding='utf-8') as f:
        stil001xyz = f.read()

    with open(data_dir + '/stil-60.xyz', 'r', encoding='utf-8') as f:
        stil60xyz = f.read()

    with open(data_dir + '/stil-90.xyz', 'r', encoding='utf-8') as f:
        stil90xyz = f.read()

    with open(data_dir + '/stil-120.xyz', 'r', encoding='utf-8') as f:
        stil120xyz = f.read()

    with open(data_dir + '/stil-180.xyz', 'r', encoding='utf-8') as f:
        stil180xyz = f.read()       


    # with open(data_dir + '/kremer/kremer-geometry.xyz', 'r', encoding='utf-8') as f:
    #     kremer_xyz = f.read()

    # kremer_basis = {
    #     "Cr": "def2-tzvp",
    #     "O": "def2-svp",
    #     "N": "def2-svp",
    #     "C": "def2-svp",
    #     "H": "def2-svp",
    # }

    # kremer_def2 : MolConfig = {
    #     'name' : 'kremer_def2',
    #     'HF' : 'ROHF',
    #     'xyz' : kremer_xyz,
    #     'basis' : kremer_basis,
    #     'symmetry' : False,
    #     'charge' : 3,
    #     'spin' : 6,
    #     'ncas': [3,3],
    #     'nelecas': [[3,0],[0,3]],
    #     'spinsub': [4,4],
    #     'frag_atom_list': [[0],[1]]
    # }

    h4_sto3g : MolConfig = {
        'name': 'H4_STO3G',
        'xyz': h4xyz,
        'basis': 'sto-3g',
        'ncas': [2, 2],
        'nelecas': [2, 2],
        'spinsub': [1, 1],
        'frag_atom_list': ((0, 1), (2, 3)),
        'output': 'h4_sto3g.out',
    }


    stil_631g_001 : MolConfig = {
        'name': 'STIL_631G_001',
        'xyz': stil001xyz,
        'basis': '631g',
        'ncas': [4,2,4],
        'nelecas': [4,2,4],
        'spinsub': [1, 1, 1],
        'frag_atom_list': [ [1,2,3,4,5,6,15,16,17,18,19] , [0,7, 14,20] , [8,9,10,11,12,13, 21,22,23,24,25] ],
        'frag_spin_orb': {
            0: (0, 1, 2, 3,10,11,12,13),
            1: (4,5,14,15),
            2: (6,7,8,9,16,17,18,19)
        },
        'adj': empty_adj(3),
        'output' : 'stil_631g_001.out',
    }

    stil_631g_60 : MolConfig = {
        'name': 'STIL_631G_60',
        'xyz': stil60xyz,
        'basis': '631g',
        'ncas': [4,2,4],
        'nelecas': [4,2,4],
        'spinsub': [1, 1, 1],
        'frag_atom_list': [ [1,2,3,4,5,6,15,16,17,18,19] , [0,7, 14,20] , [8,9,10,11,12,13, 21,22,23,24,25] ],
        'frag_spin_orb': {
            0: (0, 1, 2, 3,10,11,12,13),
            1: (4,5,14,15),
            2: (6,7,8,9,16,17,18,19)
        },
        'adj': empty_adj(3),
        'output' : 'stil_631g_60.out',
    }

    stil_631g_90 : MolConfig = {
        'name': 'STIL_631G_90',
        'xyz': stil90xyz,
        'basis': '631g',
        'ncas': [4,2,4],
        'nelecas': [4,2,4],
        'spinsub': [1, 1, 1],
        'frag_atom_list': [ [1,2,3,4,5,6,15,16,17,18,19] , [0,7, 14,20] , [8,9,10,11,12,13, 21,22,23,24,25] ],
        'frag_spin_orb': {
            0: (0, 1, 2, 3,10,11,12,13),
            1: (4,5,14,15),
            2: (6,7,8,9,16,17,18,19)
        },
        'adj': empty_adj(3),
        'output' : 'stil_631g_90.out',
    }

    stil_631g_120 : MolConfig = {
        'name': 'STIL_631G_120',
        'xyz': stil120xyz,
        'basis': '631g',
        'ncas': [4,2,4],
        'nelecas': [4,2,4],
        'spinsub': [1, 1, 1],
        'frag_atom_list': [ [1,2,3,4,5,6,15,16,17,18,19] , [0,7, 14,20] , [8,9,10,11,12,13, 21,22,23,24,25] ],
        'frag_spin_orb': {
            0: (0, 1, 2, 3,10,11,12,13),
            1: (4,5,14,15),
            2: (6,7,8,9,16,17,18,19)
        },
        'adj': empty_adj(3),
        'output' : 'stil_631g_120.out',
    }


    stil_631g_180 : MolConfig = {
        'name': 'STIL_631G_180',
        'xyz': stil180xyz,
        'basis': '631g',
        'ncas': [4,2,4],
        'nelecas': [4,2,4],
        'spinsub': [1, 1, 1],
        'frag_atom_list': [ [1,2,3,4,5,6,15,16,17,18,19] , [0,7, 14,20] , [8,9,10,11,12,13, 21,22,23,24,25] ],
        'frag_spin_orb': {
            0: (0, 1, 2, 3,10,11,12,13),
            1: (4,5,14,15),
            2: (6,7,8,9,16,17,18,19)
        },
        'adj': empty_adj(3),
        'output' : 'stil_631g_180.out',
    }

    # This c4 is too small, and I observed numericall error, that H and S have all identical
    # entries however the NOCI energy is lower 
    c4_631g : MolConfig = {
        'name': 'C4_631G',
        'xyz': c4xyz,
        'basis': '631g',
        'ncas': [2,2],
        'nelecas': [2,2],
        'spinsub': [1,1],
        'frag_atom_list':  [[0,2], [3,1]],
        'frag_spin_orb': {
            0: (0,1,4,5),
            1: (2,3,6,7),
        },
        'adj': circle_adj(2), # not sure about this
        'output': 'c4_631g.out',
    }

    c6_631g : MolConfig = {
        'name': 'C6_631G',
        'xyz': c6xyz,
        'basis': '631g',
        'ncas': [2,2,2],
        'nelecas': [2,2,2],
        'spinsub': [1,1,1],
        'frag_atom_list': [[0,2], [10,11], [3,1]], # not sure about this
        'frag_spin_orb': {
            0: (0,1,6,7),
            1: (2,3,8,9),
            2: (4,5,10,11),
        },
        'adj': circle_adj(3),
        'output': 'c6_631g.out',
    }


    c8_631g : MolConfig = {
        'name': 'C8_631G',
        'xyz': c8xyz,
        'basis': '631g',
        'ncas': [2,2,2,2],
        'nelecas': [2,2,2,2],
        'spinsub': [1,1,1,1],
        'frag_atom_list': [[0,2], [10,12], [13,11], [3,1]], 
        'frag_spin_orb': {
            0: (0,1,8,9),
            1: (2,3,10,11),
            2: (4,5,12,13),
            3: (6,7,14,15),
        },
        'adj': circle_adj(3),
        'output': 'c8_631g.out',
    }


    c10_631g : MolConfig = {
        'name': 'C10_631G',
        'xyz': c10xyz,
        'basis': '631g',
        'ncas': [2,2,2,2,2],
        'nelecas': [2,2,2,2,2],
        'spinsub': [1,1,1,1,1],
        'frag_atom_list': [[0,2], [10,12], [18,19], [13,11], [3,1]],
        'frag_spin_orb': {
            0: (0,1,10,11),
            1: (2,3,12,13),
            2: (4,5,14,15),
            3: (6,7,16,17),
            4: (8,9,18,19)
        },
        'adj': circle_adj(5),
        'output': 'c10_631g.out',
    }

    mol_configs = [c6_631g]
    # mol_configs = [h4_sto3g]



    nosi_test_01 : TestConfig = {
        'epsilon': 0.01,
        'factor': None,
        'nn': False,
        'init_method': 'uscc_opt',
        'frozen': 'CI',
        'grad_test': False,
        'noci_test': True
    }
        
    # noci_test_001 = copy.deepcopy(noci_test_01)
    # noci_test_001['epsilon'] = 0.001

    # noci_test_0001 = copy.deepcopy(noci_test_01)
    # noci_test_0001['epsilon'] = 0.0001

    # all_g, g_sel, a_idxs_selected_all, i_idxs_selected_all = grad.get_grad_exact(las, 0)
    # sortg = np.sort(abs(g))
    # n = len(g)
    # eps = np.zeros(15)
    factors = np.arange(0.01, 0.16, 0.01)

    # x = np.array([int(np.floor(f * n)) for f in factors])

    # for i in range(10):
    #     eps[i] = sortg[-x[i]]

    # print ("Epsilons = ", eps)


    nosi_tests = []

    for i in range(6):
        nosi_test = copy.deepcopy(nosi_test_01)
        nosi_test['factor'] = factors[i]
        nosi_tests.append(nosi_test)

    for mol_conf in mol_configs:
        print(f"Molecule {mol_conf['name']}: ")
        mol_results, ref_energy, las_energy = batch_test(mol_conf, nosi_tests)
        
        print(f"CASCI energy: {ref_energy:.17f}")
        print(f"LASSCF energy: {las_energy:.17f}")
        for result in mol_results:
            print(f"Total excitations: {len(result['all_g'])}")
            print(f"Selected excitations: {len(result['g_sel'])}")
            
            # print(f"NN excitations: {result['excitation_count_nn']}")

            if 'las_uscc_eng' in result:
                print(f"LAS-USCCSD-VQE energy: {result['las_uscc_eng']:.17f}")
            if 'las_uscc_noci_eng' in result:
                print(f"LAS-USCCSD-NOSI energy: {result['las_uscc_noci_eng']:.17f}")
            # if 'tot_g' in result:
            #     print(f"Total gradient norm: {np.linalg.norm(result['tot_g']):.17f}")
            # if 'nn_g' in result:
            #     print(f"NN gradient norm: {np.linalg.norm(result['nn_g']):.17f}")
            if 'las_uscc_noci_vec' in result:
                print("NOSI vector: ", result['las_uscc_noci_vec'])
            if 'min_ci_eng' in result:
                print(f"Minimum State energy: {result['min_ci_eng']:.17f}")
            if 'amps' in result:
                print("Amplitudes:\n", result['amps'])
            print("\n")
        
        print("\n\n")
#INFO: ******************** input file end ********************


System: uname_result(system='Linux', node='midway3-0562.rcc.local', release='4.18.0-305.3.1.el8.x86_64', version='#1 SMP Tue Jun 1 16:14:33 UTC 2021', machine='x86_64')  Threads 16
Python 3.9.19 | packaged by conda-forge | (main, Mar 20 2024, 12:50:21) 
[GCC 12.3.0]
numpy 2.0.2  scipy 1.13.1  h5py 3.14.0
Date: Sun Nov  9 09:04:07 2025
PySCF version 2.9.0
PySCF path  /home/tuy/repo/.venv/lib/python3.9/site-packages/pyscf
mrh path  /home/tuy/repo/mrh
GIT ORIG_HEAD b98c29c0816fd226852111a125e579215dc0ac5e
GIT HEAD (branch master) b49e04f5f5ffc1c27967a615ccab8ecdf1806538

[CONFIG] conf_file None
[INPUT] verbose = 4
[INPUT] num. atoms = 14
[INPUT] num. electrons = 44
[INPUT] charge = 0
[INPUT] spin (= nelec alpha-beta = 2S) = 0
[INPUT] symmetry False subgroup None
[INPUT] Mole.unit = angstrom
[INPUT] Symbol           X                Y                Z      unit          X                Y                Z       unit  Magmom
[INPUT]  1 C     -3.075055000000   0.167498000000   0.000000000000 AA   -5.811011767974   0.316525346412   0.000000000000 Bohr   0.0
[INPUT]  2 C      3.075055000000  -0.167498000000   0.000000000000 AA    5.811011767974  -0.316525346412   0.000000000000 Bohr   0.0
[INPUT]  3 C     -1.867388000000  -0.418911000000   0.000000000000 AA   -3.528851888299  -0.791627060568   0.000000000000 Bohr   0.0
[INPUT]  4 C      1.867388000000   0.418911000000   0.000000000000 AA    3.528851888299   0.791627060568   0.000000000000 Bohr   0.0
[INPUT]  5 H     -3.180907000000   1.249260000000   0.000000000000 AA   -6.011043057712   2.360759258374   0.000000000000 Bohr   0.0
[INPUT]  6 H      3.180907000000  -1.249260000000   0.000000000000 AA    6.011043057712  -2.360759258374   0.000000000000 Bohr   0.0
[INPUT]  7 H     -3.991128000000  -0.413469000000   0.000000000000 AA   -7.542138848083  -0.781343170998   0.000000000000 Bohr   0.0
[INPUT]  8 H      3.991128000000   0.413469000000   0.000000000000 AA    7.542138848083   0.781343170998   0.000000000000 Bohr   0.0
[INPUT]  9 H     -1.805249000000  -1.507080000000   0.000000000000 AA   -3.411426196645  -2.847968447810   0.000000000000 Bohr   0.0
[INPUT] 10 H      1.805249000000   1.507080000000   0.000000000000 AA    3.411426196645   2.847968447810   0.000000000000 Bohr   0.0
[INPUT] 11 C     -0.606997000000   0.297372000000   0.000000000000 AA   -1.147058088433   0.561951637114   0.000000000000 Bohr   0.0
[INPUT] 12 C      0.606997000000  -0.297372000000   0.000000000000 AA    1.147058088433  -0.561951637114   0.000000000000 Bohr   0.0
[INPUT] 13 H     -0.661631000000   1.386399000000   0.000000000000 AA   -1.250301385522   2.619914409371   0.000000000000 Bohr   0.0
[INPUT] 14 H      0.661631000000  -1.386399000000   0.000000000000 AA    1.250301385522  -2.619914409371   0.000000000000 Bohr   0.0

nuclear repulsion = 193.715997574267
number of shells = 46
number of NR pGTOs = 164
number of NR cGTOs = 70
basis = 631g
ecp = {}
CPU time:         1.34


******** <class 'pyscf.scf.hf.RHF'> ********
method = RHF
initial guess = minao
damping factor = 0
level_shift factor = 0
DIIS = <class 'pyscf.scf.diis.CDIIS'>
diis_start_cycle = 1
diis_space = 8
diis_damp = 0
SCF conv_tol = 1e-09
SCF conv_tol_grad = None
SCF max_cycles = 50
direct_scf = True
direct_scf_tol = 1e-13
chkfile to save SCF result = /scratch/local/jobs/39935251/tmpcedi54ik
max_memory 4000 MB (current use 94 MB)
Set gradient conv threshold to 3.16228e-05
Initial guess from minao.
init E= -232.969146505087
  HOMO = -0.19023051662518  LUMO = -0.0138813424796748
cycle= 1 E= -231.666676293639  delta_E=  1.3  |g|= 0.353  |ddm|= 3.27
  HOMO = -0.296605929542127  LUMO = 0.0664495386491519
cycle= 2 E= -231.719005507544  delta_E= -0.0523  |g|= 0.099  |ddm|= 0.642
  HOMO = -0.277512429268631  LUMO = 0.0962616969029308
cycle= 3 E= -231.72310601612  delta_E= -0.0041  |g|= 0.04  |ddm|= 0.204
  HOMO = -0.285509970219618  LUMO = 0.0913368017676783
cycle= 4 E= -231.723636587454  delta_E= -0.000531  |g|= 0.00769  |ddm|= 0.0609
  HOMO = -0.286791772508796  LUMO = 0.0912398486242798
cycle= 5 E= -231.723666122656  delta_E= -2.95e-05  |g|= 0.00226  |ddm|= 0.0114
  HOMO = -0.286709634657046  LUMO = 0.0919897175429868
cycle= 6 E= -231.723670397961  delta_E= -4.28e-06  |g|= 0.000428  |ddm|= 0.00516
  HOMO = -0.286842942336353  LUMO = 0.0920806364322724
cycle= 7 E= -231.723670635971  delta_E= -2.38e-07  |g|= 6.23e-05  |ddm|= 0.00142
  HOMO = -0.28685748313993  LUMO = 0.0920853363020494
cycle= 8 E= -231.723670639409  delta_E= -3.44e-09  |g|= 1.47e-05  |ddm|= 0.000198
  HOMO = -0.286860836529175  LUMO = 0.09208401942006
cycle= 9 E= -231.723670639569  delta_E= -1.6e-10  |g|= 4.49e-06  |ddm|= 4.94e-05
  HOMO = -0.286861163987383  LUMO = 0.0920834645315356
Extra cycle  E= -231.723670639579  delta_E= -1.05e-11  |g|= 1.74e-06  |ddm|= 8.96e-06
converged SCF energy = -231.723670639579

******** LASSCF flags ********
CAS (3e+3e, 6o), ncore = 19, nvir = 45
Divided into 3 LAS spaces
LAS 0 : (1e+1e, 2o)
LAS 1 : (1e+1e, 2o)
LAS 2 : (1e+1e, 2o)
nroots = 1
max_cycle_macro = 50
max_cycle_micro = 5
conv_tol_grad = 0.0001
max_memory 4000 MB (current use 138 MB)
fragment 0 FCI solver flags:
******** <class 'mrh.my_pyscf.mcscf.addons.get_h1e_zipped_fcisolver.<locals>.FCISolver'> ********
max. cycles = 100
conv_tol = 1e-10
davidson only = False
linear dependence = 1e-14
level shift = 0.001
max iter space = 12
max_memory 4000 MB
nroots = 1
pspace_size = 200
spin = 0
State-average over 1 states with weights [1.0]
fragment 1 FCI solver flags:
******** <class 'mrh.my_pyscf.mcscf.addons.get_h1e_zipped_fcisolver.<locals>.FCISolver'> ********
max. cycles = 100
conv_tol = 1e-10
davidson only = False
linear dependence = 1e-14
level shift = 0.001
max iter space = 12
max_memory 4000 MB
nroots = 1
pspace_size = 200
spin = 0
State-average over 1 states with weights [1.0]
fragment 2 FCI solver flags:
******** <class 'mrh.my_pyscf.mcscf.addons.get_h1e_zipped_fcisolver.<locals>.FCISolver'> ********
max. cycles = 100
conv_tol = 1e-10
davidson only = False
linear dependence = 1e-14
level shift = 0.001
max iter space = 12
max_memory 4000 MB
nroots = 1
pspace_size = 200
spin = 0
State-average over 1 states with weights [1.0]
LASCI subspace 0 with no orbsym information
LASCI subspace 1 with no orbsym information
LASCI subspace 2 with no orbsym information
LASCI subspace CI energies: [np.float64(-1.215665453980526), np.float64(-1.221559262185148), np.float64(-1.215660714560315)]
LASCI macro 0 : E = -231.713975337543 ; |g_int| = 0.271675306778055 ; |g_ci| = 0.00030749141727362 ; |g_x| = 0
LASCI micro 1 : |x_orb| = 0.254271364080249 ; |x_ci| = 0.0305486667825181
LASCI micro 2 : |x_orb| = 0.307017200523715 ; |x_ci| = 0.0289791266030585
LASCI micro 3 : |x_orb| = 0.307680841749358 ; |x_ci| = 0.0293447833312858
LASCI micro 4 : |x_orb| = 0.308010747035315 ; |x_ci| = 0.0299602688390551
LASCI micro 5 : |x_orb| = 0.308015535135171 ; |x_ci| = 0.0301969030493112
LASCI subspace 0 with no orbsym information
LASCI subspace 1 with no orbsym information
LASCI subspace 2 with no orbsym information
LASCI subspace CI energies: [np.float64(-1.2250631911375915), np.float64(-1.2438699586277533), np.float64(-1.2250628298714719)]
LASCI macro 1 : E = -231.770203920229 ; |g_int| = 0.137134752146717 ; |g_ci| = 2.68446086912298e-05 ; |g_x| = 0
LASCI micro 1 : |x_orb| = 0.339519282178339 ; |x_ci| = 0.00978072775959606
LASCI micro 2 : |x_orb| = 0.542975673817431 ; |x_ci| = 0.0495303565683854
LASCI micro 3 : |x_orb| = 0.544534463253485 ; |x_ci| = 0.0509857448596261
LASCI micro 4 : |x_orb| = 0.552352791263088 ; |x_ci| = 0.0476004483110669
LASCI micro 5 : |x_orb| = 0.552525472940452 ; |x_ci| = 0.0480382888093164
LASCI subspace 0 with no orbsym information
LASCI subspace 1 with no orbsym information
LASCI subspace 2 with no orbsym information
LASCI subspace CI energies: [np.float64(-1.2322141034270997), np.float64(-1.2454148255831243), np.float64(-1.2322139764439972)]
LASCI macro 2 : E = -231.797212617497 ; |g_int| = 0.0618614753310085 ; |g_ci| = 4.72694588347749e-05 ; |g_x| = 0
LASCI micro 1 : |x_orb| = 0.139168246215086 ; |x_ci| = 0.00782912415616783
LASCI micro 2 : |x_orb| = 0.153393345821075 ; |x_ci| = 0.00430678764076343
LASCI micro 3 : |x_orb| = 0.152158263142089 ; |x_ci| = 0.00529226651307722
LASCI micro 4 : |x_orb| = 0.151995896904783 ; |x_ci| = 0.00485989643235729
LASCI micro 5 : |x_orb| = 0.152252594765025 ; |x_ci| = 0.00478586103799858
LASCI subspace 0 with no orbsym information
LASCI subspace 1 with no orbsym information
LASCI subspace 2 with no orbsym information
LASCI subspace CI energies: [np.float64(-1.2327037447475), np.float64(-1.2442448990407278), np.float64(-1.2327036936908184)]
LASCI macro 3 : E = -231.801315853494 ; |g_int| = 0.0304034558002973 ; |g_ci| = 1.34801564489987e-05 ; |g_x| = 0
LASCI micro 1 : |x_orb| = 0.0634013238526938 ; |x_ci| = 0.00368522151853434
LASCI micro 2 : |x_orb| = 0.0782794427675272 ; |x_ci| = 0.00359154975991281
LASCI micro 3 : |x_orb| = 0.0778065647738557 ; |x_ci| = 0.00379510432630641
LASCI micro 4 : |x_orb| = 0.0771592557440505 ; |x_ci| = 0.00379124006695771
LASCI micro 5 : |x_orb| = 0.0773534859883269 ; |x_ci| = 0.00375064749481194
LASCI subspace 0 with no orbsym information
LASCI subspace 1 with no orbsym information
LASCI subspace 2 with no orbsym information
LASCI subspace CI energies: [np.float64(-1.232478705940304), np.float64(-1.2427036965812306), np.float64(-1.2324786741471985)]
LASCI macro 4 : E = -231.802343408533 ; |g_int| = 0.01514060048983 ; |g_ci| = 9.00275556637231e-06 ; |g_x| = 0
LASCI micro 1 : |x_orb| = 0.0313112492029787 ; |x_ci| = 0.00149714247182718
LASCI micro 2 : |x_orb| = 0.0406713919496588 ; |x_ci| = 0.00225015064959929
LASCI micro 3 : |x_orb| = 0.0405622608085899 ; |x_ci| = 0.00228401442963006
LASCI micro 4 : |x_orb| = 0.0399147219897855 ; |x_ci| = 0.00232513926540139
LASCI micro 5 : |x_orb| = 0.0400552448973506 ; |x_ci| = 0.00229983656329962
LASCI subspace 0 with no orbsym information
LASCI subspace 1 with no orbsym information
LASCI subspace 2 with no orbsym information
LASCI subspace CI energies: [np.float64(-1.2322117282014347), np.float64(-1.2417887486619246), np.float64(-1.2322117081916875)]
LASCI macro 5 : E = -231.802608872357 ; |g_int| = 0.00759644978039093 ; |g_ci| = 4.87386740168072e-06 ; |g_x| = 0
LASCI micro 1 : |x_orb| = 0.0158348984805447 ; |x_ci| = 0.00063153557655148
LASCI micro 2 : |x_orb| = 0.0210980321546762 ; |x_ci| = 0.00128767237095382
LASCI micro 3 : |x_orb| = 0.0211091039686551 ; |x_ci| = 0.00128499948328899
LASCI micro 4 : |x_orb| = 0.0206221150472565 ; |x_ci| = 0.00131813475819041
LASCI micro 5 : |x_orb| = 0.0207137310697194 ; |x_ci| = 0.0013009762577945
LASCI subspace 0 with no orbsym information
LASCI subspace 1 with no orbsym information
LASCI subspace 2 with no orbsym information
LASCI subspace CI energies: [np.float64(-1.2320136360329235), np.float64(-1.2412996951629829), np.float64(-1.232013623753173)]
LASCI macro 6 : E = -231.802678173954 ; |g_int| = 0.00383391047781 ; |g_ci| = 2.3989563938516e-06 ; |g_x| = 0
LASCI micro 1 : |x_orb| = 0.00807635929412535 ; |x_ci| = 0.000279538340615086
LASCI micro 2 : |x_orb| = 0.0109072283229531 ; |x_ci| = 0.000707829308002547
LASCI micro 3 : |x_orb| = 0.0109449531021952 ; |x_ci| = 0.000700442624707228
LASCI micro 4 : |x_orb| = 0.0106221727992298 ; |x_ci| = 0.000720885830277832
LASCI micro 5 : |x_orb| = 0.0106700968684967 ; |x_ci| = 0.00070996849699656
LASCI subspace 0 with no orbsym information
LASCI subspace 1 with no orbsym information
LASCI subspace 2 with no orbsym information
LASCI subspace CI energies: [np.float64(-1.2318830169223127), np.float64(-1.241041952991926), np.float64(-1.2318830095162137)]
LASCI macro 7 : E = -231.802696364607 ; |g_int| = 0.00194620487523541 ; |g_ci| = 1.12560054208727e-06 ; |g_x| = 0
LASCI micro 1 : |x_orb| = 0.00413875383156137 ; |x_ci| = 0.000128128388844762
LASCI micro 2 : |x_orb| = 0.00563027321846599 ; |x_ci| = 0.000381436866592149
LASCI micro 3 : |x_orb| = 0.00566478385947451 ; |x_ci| = 0.000375831442265757
LASCI micro 4 : |x_orb| = 0.0054649191745338 ; |x_ci| = 0.000387250683322112
LASCI micro 5 : |x_orb| = 0.0054838640404858 ; |x_ci| = 0.000380694332453144
LASCI subspace 0 with no orbsym information
LASCI subspace 1 with no orbsym information
LASCI subspace 2 with no orbsym information
LASCI subspace CI energies: [np.float64(-1.2318004395663253), np.float64(-1.2409055047889797), np.float64(-1.2318004351258418)]
LASCI macro 8 : E = -231.802701162569 ; |g_int| = 0.000993826511512171 ; |g_ci| = 5.11660133025359e-07 ; |g_x| = 0
LASCI micro 1 : |x_orb| = 0.00213013116181031 ; |x_ci| = 5.9784460628941e-05
LASCI micro 2 : |x_orb| = 0.00290858420900257 ; |x_ci| = 0.000203458304633379
LASCI micro 3 : |x_orb| = 0.00293324707007337 ; |x_ci| = 0.000200099910283554
LASCI micro 4 : |x_orb| = 0.00281463355761261 ; |x_ci| = 0.000206168410682887
LASCI subspace 0 with no orbsym information
LASCI subspace 1 with no orbsym information
LASCI subspace 2 with no orbsym information
LASCI subspace CI energies: [np.float64(-1.2317520362159868), np.float64(-1.2408404666450221), np.float64(-1.231752032792317)]
LASCI macro 9 : E = -231.80270243199 ; |g_int| = 0.000513996168750951 ; |g_ci| = 8.6355398475321e-07 ; |g_x| = 0
LASCI micro 1 : |x_orb| = 0.00109970265243793 ; |x_ci| = 2.77846580799152e-05
LASCI micro 2 : |x_orb| = 0.0015067571942185 ; |x_ci| = 0.000108360476707621
LASCI subspace 0 with no orbsym information
LASCI subspace 1 with no orbsym information
LASCI subspace 2 with no orbsym information
LASCI subspace CI energies: [np.float64(-1.2317212466596392), np.float64(-1.2407952112541207), np.float64(-1.2317212443083192)]
LASCI macro 10 : E = -231.802702771564 ; |g_int| = 0.000272669292948558 ; |g_ci| = 4.52022210862316e-07 ; |g_x| = 0
LASCI micro 1 : |x_orb| = 0.000551118300379129 ; |x_ci| = 1.67471905967554e-05
LASCI micro 2 : |x_orb| = 0.000755669500156813 ; |x_ci| = 5.78000676314373e-05
LASCI subspace 0 with no orbsym information
LASCI subspace 1 with no orbsym information
LASCI subspace 2 with no orbsym information
LASCI subspace CI energies: [np.float64(-1.2317033449202346), np.float64(-1.2407727008023322), np.float64(-1.231703343291372)]
LASCI macro 11 : E = -231.80270286357 ; |g_int| = 0.00014817924051085 ; |g_ci| = 2.92592187649327e-07 ; |g_x| = 0
LASCI subspace 0 with no orbsym information
LASCI subspace 1 with no orbsym information
LASCI subspace 2 with no orbsym information
LASCI subspace CI energies: [np.float64(-1.231698413450807), np.float64(-1.240764313016052), np.float64(-1.231698412471657)]
LASCI macro 12 : E = -231.802702881686 ; |g_int| = 0.0001002728108458 ; |g_ci| = 8.23222314613694e-08 ; |g_x| = 0
LASCI subspace 0 with no orbsym information
LASCI subspace 1 with no orbsym information
LASCI subspace 2 with no orbsym information
LASCI subspace CI energies: [np.float64(-1.2316946835238798), np.float64(-1.240759422370649), np.float64(-1.2316946828509963)]
LASCI macro 13 : E = -231.802702889877 ; |g_int| = 7.28744423320423e-05 ; |g_ci| = 4.83317124807268e-08 ; |g_x| = 0
LASCI converged after 14 cycles
LASCI E = -231.802702889877 ; |g_int| = 7.28744423320423e-05 ; |g_ci| = 4.83317124807268e-08 ; |g_ext| = 0
Fragment 0 natural orbitals
Natural occ [1.91798187 0.08201813]
Natural orbital (expansion on AOs) in CAS space
               #1        #2       
0 C 1s           0.00000   0.00000
0 C 2s          -0.00000  -0.00000
0 C 3s          -0.00000  -0.00000
0 C 2px         -0.00000  -0.00000
0 C 2py          0.00000   0.00000
0 C 2pz          0.38955   0.56509
0 C 3px          0.00000   0.00000
0 C 3py          0.00000   0.00000
0 C 3pz          0.30253   0.39275
1 C 1s           0.00000   0.00000
1 C 2s           0.00000  -0.00000
1 C 3s          -0.00000  -0.00000
1 C 2px         -0.00000   0.00000
1 C 2py          0.00000  -0.00000
1 C 2pz          0.01794  -0.01599
1 C 3px          0.00000  -0.00000
1 C 3py          0.00000   0.00000
1 C 3pz          0.02332  -0.01661
2 C 1s           0.00000  -0.00000
2 C 2s          -0.00000   0.00000
2 C 3s          -0.00000   0.00000
2 C 2px          0.00000  -0.00000
2 C 2py         -0.00000   0.00000
2 C 2pz          0.39275  -0.59275
2 C 3px         -0.00000  -0.00000
2 C 3py         -0.00000  -0.00000
2 C 3pz          0.29129  -0.43618
3 C 1s          -0.00000  -0.00000
3 C 2s          -0.00000   0.00000
3 C 3s           0.00000  -0.00000
3 C 2px          0.00000   0.00000
3 C 2py          0.00000  -0.00000
3 C 2pz         -0.00705  -0.01720
3 C 3px         -0.00000  -0.00000
3 C 3py         -0.00000  -0.00000
3 C 3pz         -0.00088  -0.01867
4 H 1s          -0.00000   0.00000
4 H 2s          -0.00000  -0.00000
5 H 1s          -0.00000   0.00000
5 H 2s           0.00000   0.00000
6 H 1s          -0.00000   0.00000
6 H 2s           0.00000   0.00000
7 H 1s          -0.00000   0.00000
7 H 2s          -0.00000  -0.00000
8 H 1s          -0.00000  -0.00000
8 H 2s          -0.00000  -0.00000
9 H 1s          -0.00000  -0.00000
9 H 2s          -0.00000   0.00000
10 C 1s         -0.00000   0.00000
10 C 2s         -0.00000  -0.00000
10 C 3s          0.00000  -0.00000
10 C 2px        -0.00000   0.00000
10 C 2py        -0.00000   0.00000
10 C 2pz         0.03485   0.08054
10 C 3px         0.00000  -0.00000
10 C 3py        -0.00000   0.00000
10 C 3pz        -0.01685   0.16542
11 C 1s          0.00000  -0.00000
11 C 2s          0.00000  -0.00000
11 C 3s         -0.00000   0.00000
11 C 2px         0.00000  -0.00000
11 C 2py         0.00000  -0.00000
11 C 2pz        -0.05707   0.05162
11 C 3px         0.00000  -0.00000
11 C 3py        -0.00000   0.00000
11 C 3pz        -0.06603   0.03420
12 H 1s         -0.00000  -0.00000
12 H 2s         -0.00000  -0.00000
13 H 1s         -0.00000  -0.00000
13 H 2s         -0.00000   0.00000
Fragment 1 natural orbitals
Natural occ [1.93130762 0.06869238]
Natural orbital (expansion on AOs) in CAS space
               #1        #2       
0 C 1s           0.00000  -0.00000
0 C 2s           0.00000   0.00000
0 C 3s          -0.00000   0.00000
0 C 2px         -0.00000   0.00000
0 C 2py          0.00000  -0.00000
0 C 2pz          0.05280   0.03963
0 C 3px          0.00000   0.00000
0 C 3py          0.00000   0.00000
0 C 3pz          0.06696   0.01528
1 C 1s          -0.00000   0.00000
1 C 2s           0.00000  -0.00000
1 C 3s           0.00000  -0.00000
1 C 2px          0.00000   0.00000
1 C 2py         -0.00000   0.00000
1 C 2pz          0.05280  -0.03963
1 C 3px         -0.00000   0.00000
1 C 3py          0.00000   0.00000
1 C 3pz          0.06696  -0.01528
2 C 1s          -0.00000   0.00000
2 C 2s           0.00000   0.00000
2 C 3s          -0.00000  -0.00000
2 C 2px         -0.00000  -0.00000
2 C 2py          0.00000   0.00000
2 C 2pz         -0.03986   0.08511
2 C 3px         -0.00000  -0.00000
2 C 3py         -0.00000  -0.00000
2 C 3pz          0.01099   0.17205
3 C 1s           0.00000  -0.00000
3 C 2s           0.00000  -0.00000
3 C 3s          -0.00000   0.00000
3 C 2px          0.00000   0.00000
3 C 2py         -0.00000   0.00000
3 C 2pz         -0.03986  -0.08511
3 C 3px         -0.00000  -0.00000
3 C 3py         -0.00000  -0.00000
3 C 3pz          0.01099  -0.17205
4 H 1s           0.00000  -0.00000
4 H 2s          -0.00000  -0.00000
5 H 1s           0.00000   0.00000
5 H 2s           0.00000   0.00000
6 H 1s           0.00000   0.00000
6 H 2s           0.00000   0.00000
7 H 1s           0.00000  -0.00000
7 H 2s          -0.00000  -0.00000
8 H 1s          -0.00000  -0.00000
8 H 2s          -0.00000  -0.00000
9 H 1s           0.00000   0.00000
9 H 2s           0.00000   0.00000
10 C 1s         -0.00000  -0.00000
10 C 2s         -0.00000   0.00000
10 C 3s          0.00000   0.00000
10 C 2px        -0.00000  -0.00000
10 C 2py         0.00000  -0.00000
10 C 2pz        -0.39003  -0.59193
10 C 3px        -0.00000  -0.00000
10 C 3py         0.00000   0.00000
10 C 3pz        -0.29686  -0.42541
11 C 1s          0.00000  -0.00000
11 C 2s         -0.00000  -0.00000
11 C 3s          0.00000   0.00000
11 C 2px        -0.00000   0.00000
11 C 2py        -0.00000  -0.00000
11 C 2pz        -0.39003   0.59193
11 C 3px        -0.00000  -0.00000
11 C 3py         0.00000   0.00000
11 C 3pz        -0.29686   0.42541
12 H 1s         -0.00000  -0.00000
12 H 2s         -0.00000  -0.00000
13 H 1s          0.00000  -0.00000
13 H 2s          0.00000  -0.00000
Fragment 2 natural orbitals
Natural occ [1.91798187 0.08201813]
Natural orbital (expansion on AOs) in CAS space
               #1        #2       
0 C 1s           0.00000  -0.00000
0 C 2s           0.00000  -0.00000
0 C 3s          -0.00000   0.00000
0 C 2px          0.00000   0.00000
0 C 2py          0.00000   0.00000
0 C 2pz         -0.01794   0.01599
0 C 3px         -0.00000  -0.00000
0 C 3py         -0.00000  -0.00000
0 C 3pz         -0.02332   0.01661
1 C 1s          -0.00000  -0.00000
1 C 2s          -0.00000  -0.00000
1 C 3s          -0.00000   0.00000
1 C 2px         -0.00000  -0.00000
1 C 2py          0.00000   0.00000
1 C 2pz         -0.38955  -0.56509
1 C 3px         -0.00000  -0.00000
1 C 3py         -0.00000  -0.00000
1 C 3pz         -0.30253  -0.39275
2 C 1s          -0.00000   0.00000
2 C 2s          -0.00000  -0.00000
2 C 3s           0.00000   0.00000
2 C 2px         -0.00000   0.00000
2 C 2py         -0.00000  -0.00000
2 C 2pz          0.00705   0.01720
2 C 3px          0.00000   0.00000
2 C 3py          0.00000   0.00000
2 C 3pz          0.00088   0.01867
3 C 1s           0.00000   0.00000
3 C 2s           0.00000  -0.00000
3 C 3s          -0.00000   0.00000
3 C 2px          0.00000  -0.00000
3 C 2py         -0.00000   0.00000
3 C 2pz         -0.39275   0.59275
3 C 3px          0.00000  -0.00000
3 C 3py          0.00000   0.00000
3 C 3pz         -0.29129   0.43618
4 H 1s           0.00000  -0.00000
4 H 2s           0.00000   0.00000
5 H 1s          -0.00000  -0.00000
5 H 2s          -0.00000  -0.00000
6 H 1s          -0.00000  -0.00000
6 H 2s          -0.00000  -0.00000
7 H 1s           0.00000  -0.00000
7 H 2s           0.00000   0.00000
8 H 1s           0.00000  -0.00000
8 H 2s           0.00000   0.00000
9 H 1s           0.00000  -0.00000
9 H 2s           0.00000  -0.00000
10 C 1s          0.00000   0.00000
10 C 2s          0.00000   0.00000
10 C 3s         -0.00000  -0.00000
10 C 2px         0.00000   0.00000
10 C 2py         0.00000  -0.00000
10 C 2pz         0.05707  -0.05162
10 C 3px        -0.00000   0.00000
10 C 3py         0.00000   0.00000
10 C 3pz         0.06603  -0.03420
11 C 1s         -0.00000   0.00000
11 C 2s         -0.00000   0.00000
11 C 3s          0.00000  -0.00000
11 C 2px        -0.00000  -0.00000
11 C 2py        -0.00000   0.00000
11 C 2pz        -0.03485  -0.08054
11 C 3px        -0.00000  -0.00000
11 C 3py         0.00000  -0.00000
11 C 3pz         0.01685  -0.16542
12 H 1s          0.00000   0.00000
12 H 2s          0.00000  -0.00000
13 H 1s          0.00000   0.00000
13 H 2s          0.00000  -0.00000
LASCI energy = -231.802702889877

******** CASCI flags ********
CAS (3e+3e, 6o), ncore = 19, nvir = 45
natorb = False
canonicalization = True
sorting_mo_energy = False
max_memory 4000 (MB)
******** <class 'pyscf.fci.direct_spin1.FCISolver'> ********
max. cycles = 200
conv_tol = 1e-08
davidson only = False
linear dependence = 1e-12
level shift = 0.001
max iter space = 12
max_memory 4000 MB
nroots = 1
pspace_size = 400
spin = None
Density matrix diagonal elements [1.90166174 0.09869106 1.90150946 0.09778494 1.90166174 0.09869106]
CASCI converged
CASCI E = -231.812763066915  E(CI) = -5.84201468176690  S^2 = 0.0000000

******** CASCI flags ********
CAS (3e+3e, 6o), ncore = 19, nvir = 45
natorb = False
canonicalization = True
sorting_mo_energy = False
max_memory 4000 (MB)
******** <class 'mrh.exploratory.unitary_cc.lasuccsd.FCISolver_USCC'> ********
max. cycles = 100
conv_tol = 1e-10
davidson only = False
linear dependence = 1e-14
level shift = 0.001
max iter space = 12
max_memory 4000 MB
nroots = 1
pspace_size = 400
spin = None
LASCI object has 847 degrees of freedom
iteration 0, E = -231.807934, |x| = 1.480104e-01, |g| = 1.273989e-01
iteration 1, E = -231.809943, |x| = 1.441419e-01, |g| = 1.584524e-01
iteration 2, E = -231.811658, |x| = 1.415146e-01, |g| = 6.757512e-02
iteration 3, E = -231.812100, |x| = 1.430461e-01, |g| = 3.790545e-02
iteration 4, E = -231.812322, |x| = 1.539513e-01, |g| = 2.691556e-02
iteration 5, E = -231.812419, |x| = 1.572447e-01, |g| = 1.993715e-02
iteration 6, E = -231.812460, |x| = 1.575126e-01, |g| = 1.226185e-02
iteration 7, E = -231.812482, |x| = 1.577984e-01, |g| = 1.490247e-02
iteration 8, E = -231.812502, |x| = 1.587069e-01, |g| = 1.049818e-02
iteration 9, E = -231.812528, |x| = 1.606072e-01, |g| = 6.802432e-03
iteration 10, E = -231.812545, |x| = 1.653979e-01, |g| = 1.316062e-02
iteration 11, E = -231.812564, |x| = 1.685885e-01, |g| = 7.923040e-03
iteration 12, E = -231.812579, |x| = 1.719602e-01, |g| = 8.374771e-03
iteration 13, E = -231.812583, |x| = 1.739065e-01, |g| = 1.172295e-02
iteration 14, E = -231.812591, |x| = 1.741388e-01, |g| = 9.202274e-03
iteration 15, E = -231.812603, |x| = 1.747162e-01, |g| = 6.091406e-03
iteration 16, E = -231.812617, |x| = 1.767820e-01, |g| = 5.081981e-03
iteration 17, E = -231.812632, |x| = 1.825075e-01, |g| = 9.511667e-03
iteration 18, E = -231.812636, |x| = 1.897068e-01, |g| = 1.285393e-02
iteration 19, E = -231.812644, |x| = 1.905546e-01, |g| = 1.006457e-02
iteration 20, E = -231.812655, |x| = 1.912464e-01, |g| = 6.133030e-03
iteration 21, E = -231.812667, |x| = 1.950455e-01, |g| = 4.070968e-03
iteration 22, E = -231.812670, |x| = 2.002211e-01, |g| = 8.719501e-03
iteration 23, E = -231.812675, |x| = 2.020693e-01, |g| = 7.160427e-03
iteration 24, E = -231.812683, |x| = 2.040231e-01, |g| = 5.944578e-03
iteration 25, E = -231.812693, |x| = 2.066790e-01, |g| = 4.722592e-03
iteration 26, E = -231.812699, |x| = 2.135857e-01, |g| = 9.012491e-03
iteration 27, E = -231.812708, |x| = 2.187815e-01, |g| = 5.672325e-03
iteration 28, E = -231.812715, |x| = 2.225045e-01, |g| = 4.181229e-03
iteration 29, E = -231.812720, |x| = 2.245574e-01, |g| = 5.705584e-03
iteration 30, E = -231.812726, |x| = 2.279306e-01, |g| = 4.609300e-03
iteration 31, E = -231.812729, |x| = 2.342836e-01, |g| = 5.988541e-03
iteration 32, E = -231.812733, |x| = 2.362203e-01, |g| = 3.539053e-03
iteration 33, E = -231.812735, |x| = 2.352418e-01, |g| = 2.866310e-03
iteration 34, E = -231.812737, |x| = 2.354873e-01, |g| = 2.705815e-03
iteration 35, E = -231.812739, |x| = 2.374359e-01, |g| = 2.269437e-03
iteration 36, E = -231.812741, |x| = 2.418686e-01, |g| = 1.539953e-03
iteration 37, E = -231.812741, |x| = 2.436238e-01, |g| = 2.162183e-03
iteration 38, E = -231.812742, |x| = 2.431596e-01, |g| = 1.565331e-03
iteration 39, E = -231.812743, |x| = 2.419904e-01, |g| = 1.316222e-03
iteration 40, E = -231.812743, |x| = 2.421153e-01, |g| = 1.616885e-03
iteration 41, E = -231.812744, |x| = 2.439461e-01, |g| = 2.054462e-03
iteration 42, E = -231.812745, |x| = 2.458615e-01, |g| = 1.060197e-03
iteration 43, E = -231.812745, |x| = 2.467056e-01, |g| = 9.286608e-04
iteration 44, E = -231.812746, |x| = 2.476120e-01, |g| = 1.401116e-03
iteration 45, E = -231.812747, |x| = 2.496411e-01, |g| = 1.624831e-03
iteration 46, E = -231.812749, |x| = 2.529368e-01, |g| = 1.205994e-03
iteration 47, E = -231.812750, |x| = 2.533742e-01, |g| = 8.393557e-04
iteration 48, E = -231.812750, |x| = 2.540976e-01, |g| = 9.266516e-04
iteration 49, E = -231.812751, |x| = 2.555407e-01, |g| = 1.229475e-03
iteration 50, E = -231.812752, |x| = 2.563100e-01, |g| = 9.387354e-04
iteration 51, E = -231.812752, |x| = 2.572571e-01, |g| = 6.975784e-04
iteration 52, E = -231.812753, |x| = 2.595284e-01, |g| = 1.094214e-03
iteration 53, E = -231.812754, |x| = 2.617457e-01, |g| = 1.286373e-03
iteration 54, E = -231.812754, |x| = 2.638582e-01, |g| = 9.286966e-04
iteration 55, E = -231.812755, |x| = 2.651668e-01, |g| = 6.389355e-04
iteration 56, E = -231.812755, |x| = 2.659890e-01, |g| = 8.914567e-04
iteration 57, E = -231.812756, |x| = 2.673044e-01, |g| = 1.110493e-03
iteration 58, E = -231.812757, |x| = 2.693864e-01, |g| = 8.439778e-04
iteration 59, E = -231.812757, |x| = 2.711602e-01, |g| = 5.750237e-04
iteration 60, E = -231.812757, |x| = 2.719509e-01, |g| = 5.619401e-04
iteration 61, E = -231.812757, |x| = 2.726798e-01, |g| = 6.710859e-04
iteration 62, E = -231.812758, |x| = 2.737729e-01, |g| = 5.905869e-04
iteration 63, E = -231.812758, |x| = 2.745450e-01, |g| = 4.441242e-04
iteration 64, E = -231.812758, |x| = 2.750403e-01, |g| = 4.828946e-04
iteration 65, E = -231.812758, |x| = 2.755457e-01, |g| = 5.116082e-04
iteration 66, E = -231.812758, |x| = 2.761403e-01, |g| = 4.315251e-04
iteration 67, E = -231.812759, |x| = 2.766368e-01, |g| = 3.390568e-04
iteration 68, E = -231.812759, |x| = 2.772818e-01, |g| = 3.774059e-04
iteration 69, E = -231.812759, |x| = 2.779069e-01, |g| = 3.775957e-04
iteration 70, E = -231.812759, |x| = 2.781846e-01, |g| = 2.880585e-04
iteration 71, E = -231.812759, |x| = 2.783343e-01, |g| = 2.907149e-04
iteration 72, E = -231.812759, |x| = 2.785650e-01, |g| = 3.628622e-04
iteration 73, E = -231.812759, |x| = 2.789330e-01, |g| = 3.950077e-04
iteration 74, E = -231.812759, |x| = 2.796654e-01, |g| = 3.444054e-04
iteration 75, E = -231.812760, |x| = 2.806399e-01, |g| = 3.054959e-04
iteration 76, E = -231.812760, |x| = 2.813658e-01, |g| = 3.449268e-04
iteration 77, E = -231.812760, |x| = 2.820206e-01, |g| = 3.806199e-04
iteration 78, E = -231.812760, |x| = 2.827493e-01, |g| = 3.886999e-04
iteration 79, E = -231.812760, |x| = 2.833739e-01, |g| = 3.722205e-04
iteration 80, E = -231.812760, |x| = 2.838513e-01, |g| = 3.452737e-04
iteration 81, E = -231.812760, |x| = 2.844700e-01, |g| = 3.014151e-04
iteration 82, E = -231.812761, |x| = 2.851396e-01, |g| = 2.756095e-04
iteration 83, E = -231.812761, |x| = 2.856836e-01, |g| = 2.722163e-04
iteration 84, E = -231.812761, |x| = 2.862668e-01, |g| = 2.663314e-04
iteration 85, E = -231.812761, |x| = 2.866709e-01, |g| = 2.453313e-04
iteration 86, E = -231.812761, |x| = 2.869679e-01, |g| = 2.295370e-04
iteration 87, E = -231.812761, |x| = 2.873423e-01, |g| = 2.231978e-04
iteration 88, E = -231.812761, |x| = 2.876240e-01, |g| = 2.135945e-04
iteration 89, E = -231.812761, |x| = 2.879862e-01, |g| = 2.016594e-04
iteration 90, E = -231.812761, |x| = 2.885050e-01, |g| = 2.047701e-04
iteration 91, E = -231.812761, |x| = 2.888268e-01, |g| = 2.005246e-04
iteration 92, E = -231.812761, |x| = 2.890338e-01, |g| = 1.697496e-04
iteration 93, E = -231.812761, |x| = 2.892051e-01, |g| = 1.670034e-04
iteration 94, E = -231.812761, |x| = 2.893726e-01, |g| = 2.134259e-04
iteration 95, E = -231.812761, |x| = 2.899251e-01, |g| = 2.495821e-04
iteration 96, E = -231.812761, |x| = 2.905343e-01, |g| = 2.045569e-04
iteration 97, E = -231.812761, |x| = 2.911525e-01, |g| = 1.683726e-04
iteration 98, E = -231.812761, |x| = 2.916783e-01, |g| = 1.966554e-04
iteration 99, E = -231.812762, |x| = 2.920642e-01, |g| = 2.130459e-04
iteration 100, E = -231.812762, |x| = 2.923034e-01, |g| = 1.698164e-04
iteration 101, E = -231.812762, |x| = 2.924092e-01, |g| = 1.333007e-04
iteration 102, E = -231.812762, |x| = 2.924857e-01, |g| = 1.466731e-04
iteration 103, E = -231.812762, |x| = 2.927246e-01, |g| = 1.849541e-04
iteration 104, E = -231.812762, |x| = 2.931702e-01, |g| = 1.895850e-04
iteration 105, E = -231.812762, |x| = 2.936375e-01, |g| = 1.710303e-04
iteration 106, E = -231.812762, |x| = 2.940528e-01, |g| = 1.713877e-04
iteration 107, E = -231.812762, |x| = 2.943691e-01, |g| = 1.985482e-04
iteration 108, E = -231.812762, |x| = 2.947703e-01, |g| = 2.257427e-04
iteration 109, E = -231.812762, |x| = 2.952477e-01, |g| = 2.176665e-04
iteration 110, E = -231.812762, |x| = 2.957051e-01, |g| = 1.829952e-04
iteration 111, E = -231.812762, |x| = 2.960762e-01, |g| = 1.628541e-04
iteration 112, E = -231.812762, |x| = 2.965199e-01, |g| = 1.807740e-04
iteration 113, E = -231.812762, |x| = 2.971125e-01, |g| = 1.787748e-04
iteration 114, E = -231.812762, |x| = 2.976966e-01, |g| = 1.517942e-04
iteration 115, E = -231.812762, |x| = 2.982051e-01, |g| = 1.413430e-04
iteration 116, E = -231.812762, |x| = 2.985009e-01, |g| = 1.313722e-04
iteration 117, E = -231.812762, |x| = 2.986180e-01, |g| = 1.026424e-04
iteration 118, E = -231.812762, |x| = 2.987639e-01, |g| = 8.733393e-05
iteration 119, E = -231.812762, |x| = 2.988705e-01, |g| = 9.396166e-05
iteration 120, E = -231.812762, |x| = 2.990549e-01, |g| = 9.899242e-05
iteration 121, E = -231.812762, |x| = 2.992385e-01, |g| = 8.798071e-05
iteration 122, E = -231.812762, |x| = 2.993523e-01, |g| = 8.109206e-05
iteration 123, E = -231.812762, |x| = 2.994903e-01, |g| = 9.352786e-05
iteration 124, E = -231.812762, |x| = 2.996422e-01, |g| = 1.157938e-04
iteration 125, E = -231.812762, |x| = 2.999502e-01, |g| = 1.334453e-04
iteration 126, E = -231.812762, |x| = 3.004881e-01, |g| = 1.374439e-04
iteration 127, E = -231.812762, |x| = 3.009887e-01, |g| = 1.262495e-04
iteration 128, E = -231.812762, |x| = 3.014234e-01, |g| = 1.236653e-04
iteration 129, E = -231.812762, |x| = 3.017911e-01, |g| = 1.374107e-04
iteration 130, E = -231.812762, |x| = 3.022883e-01, |g| = 1.548687e-04
iteration 131, E = -231.812762, |x| = 3.028084e-01, |g| = 1.473699e-04
iteration 132, E = -231.812763, |x| = 3.032837e-01, |g| = 1.109387e-04
iteration 133, E = -231.812763, |x| = 3.034749e-01, |g| = 9.017087e-05
iteration 134, E = -231.812763, |x| = 3.037059e-01, |g| = 8.919659e-05
iteration 135, E = -231.812763, |x| = 3.039739e-01, |g| = 9.080415e-05
iteration 136, E = -231.812763, |x| = 3.041930e-01, |g| = 7.906153e-05
iteration 137, E = -231.812763, |x| = 3.044035e-01, |g| = 6.432899e-05
iteration 138, E = -231.812763, |x| = 3.044599e-01, |g| = 5.969678e-05
iteration 139, E = -231.812763, |x| = 3.045321e-01, |g| = 6.155444e-05
iteration 140, E = -231.812763, |x| = 3.046249e-01, |g| = 6.114295e-05
iteration 141, E = -231.812763, |x| = 3.047257e-01, |g| = 6.084987e-05
iteration 142, E = -231.812763, |x| = 3.049232e-01, |g| = 6.525376e-05
iteration 143, E = -231.812763, |x| = 3.051097e-01, |g| = 6.786109e-05
iteration 144, E = -231.812763, |x| = 3.052949e-01, |g| = 6.610403e-05
iteration 145, E = -231.812763, |x| = 3.054776e-01, |g| = 7.018166e-05
iteration 146, E = -231.812763, |x| = 3.056621e-01, |g| = 8.754405e-05
iteration 147, E = -231.812763, |x| = 3.059490e-01, |g| = 1.075435e-04
iteration 148, E = -231.812763, |x| = 3.062629e-01, |g| = 1.075272e-04
iteration 149, E = -231.812763, |x| = 3.065141e-01, |g| = 8.949766e-05
iteration 150, E = -231.812763, |x| = 3.067441e-01, |g| = 8.476218e-05
iteration 151, E = -231.812763, |x| = 3.069932e-01, |g| = 9.710321e-05
iteration 152, E = -231.812763, |x| = 3.073299e-01, |g| = 9.683513e-05
iteration 153, E = -231.812763, |x| = 3.076629e-01, |g| = 7.071770e-05
iteration 154, E = -231.812763, |x| = 3.077951e-01, |g| = 5.530114e-05
iteration 155, E = -231.812763, |x| = 3.079267e-01, |g| = 6.354689e-05
iteration 156, E = -231.812763, |x| = 3.080488e-01, |g| = 7.781432e-05
iteration 157, E = -231.812763, |x| = 3.081524e-01, |g| = 6.942619e-05
iteration 158, E = -231.812763, |x| = 3.082492e-01, |g| = 4.426538e-05
iteration 159, E = -231.812763, |x| = 3.082378e-01, |g| = 3.605356e-05
iteration 160, E = -231.812763, |x| = 3.082816e-01, |g| = 4.386267e-05
iteration 161, E = -231.812763, |x| = 3.083649e-01, |g| = 5.351018e-05
iteration 162, E = -231.812763, |x| = 3.085123e-01, |g| = 5.632199e-05
iteration 163, E = -231.812763, |x| = 3.087108e-01, |g| = 5.389501e-05
iteration 164, E = -231.812763, |x| = 3.088958e-01, |g| = 6.135119e-05
iteration 165, E = -231.812763, |x| = 3.091454e-01, |g| = 7.885398e-05
iteration 166, E = -231.812763, |x| = 3.094230e-01, |g| = 9.160454e-05
iteration 167, E = -231.812763, |x| = 3.096999e-01, |g| = 8.903065e-05
iteration 168, E = -231.812763, |x| = 3.099702e-01, |g| = 7.933366e-05
iteration 169, E = -231.812763, |x| = 3.101433e-01, |g| = 7.822599e-05
iteration 170, E = -231.812763, |x| = 3.103576e-01, |g| = 7.676106e-05
iteration 171, E = -231.812763, |x| = 3.105594e-01, |g| = 6.685533e-05
iteration 172, E = -231.812763, |x| = 3.107527e-01, |g| = 5.766952e-05
iteration 173, E = -231.812763, |x| = 3.110059e-01, |g| = 5.701606e-05
iteration 174, E = -231.812763, |x| = 3.111356e-01, |g| = 5.090687e-05
iteration 175, E = -231.812763, |x| = 3.112456e-01, |g| = 3.535976e-05
iteration 176, E = -231.812763, |x| = 3.112192e-01, |g| = 2.827176e-05
iteration 177, E = -231.812763, |x| = 3.112031e-01, |g| = 3.161523e-05
iteration 178, E = -231.812763, |x| = 3.112183e-01, |g| = 3.712223e-05
iteration 179, E = -231.812763, |x| = 3.112435e-01, |g| = 3.564806e-05
iteration 180, E = -231.812763, |x| = 3.113599e-01, |g| = 3.070915e-05
iteration 181, E = -231.812763, |x| = 3.114563e-01, |g| = 3.288349e-05
iteration 182, E = -231.812763, |x| = 3.115772e-01, |g| = 4.087983e-05
iteration 183, E = -231.812763, |x| = 3.117223e-01, |g| = 4.538686e-05
iteration 184, E = -231.812763, |x| = 3.117704e-01, |g| = 4.083070e-05
iteration 185, E = -231.812763, |x| = 3.118312e-01, |g| = 3.615963e-05
iteration 186, E = -231.812763, |x| = 3.117883e-01, |g| = 4.042072e-05
iteration 187, E = -231.812763, |x| = 3.118413e-01, |g| = 4.870836e-05
iteration 188, E = -231.812763, |x| = 3.119011e-01, |g| = 5.439663e-05
iteration 189, E = -231.812763, |x| = 3.121075e-01, |g| = 5.617998e-05
iteration 190, E = -231.812763, |x| = 3.123811e-01, |g| = 5.613000e-05
iteration 191, E = -231.812763, |x| = 3.126258e-01, |g| = 5.232544e-05
iteration 192, E = -231.812763, |x| = 3.128170e-01, |g| = 4.158192e-05
iteration 193, E = -231.812763, |x| = 3.127955e-01, |g| = 3.150621e-05
iteration 194, E = -231.812763, |x| = 3.128230e-01, |g| = 2.895848e-05
iteration 195, E = -231.812763, |x| = 3.127955e-01, |g| = 3.050802e-05
iteration 196, E = -231.812763, |x| = 3.128495e-01, |g| = 2.754792e-05
iteration 197, E = -231.812763, |x| = 3.129342e-01, |g| = 2.124077e-05
iteration 198, E = -231.812763, |x| = 3.129935e-01, |g| = 1.964597e-05
iteration 199, E = -231.812763, |x| = 3.130734e-01, |g| = 2.252810e-05
iteration 200, E = -231.812763, |x| = 3.130908e-01, |g| = 2.419332e-05
iteration 201, E = -231.812763, |x| = 3.130982e-01, |g| = 2.087774e-05
iteration 202, E = -231.812763, |x| = 3.130497e-01, |g| = 1.915020e-05
iteration 203, E = -231.812763, |x| = 3.130220e-01, |g| = 2.284456e-05
iteration 204, E = -231.812763, |x| = 3.130165e-01, |g| = 2.925286e-05
iteration 205, E = -231.812763, |x| = 3.130633e-01, |g| = 3.252946e-05
iteration 206, E = -231.812763, |x| = 3.132112e-01, |g| = 3.046026e-05
iteration 207, E = -231.812763, |x| = 3.133636e-01, |g| = 2.915147e-05
iteration 208, E = -231.812763, |x| = 3.135442e-01, |g| = 3.367813e-05
iteration 209, E = -231.812763, |x| = 3.136954e-01, |g| = 4.002706e-05
iteration 210, E = -231.812763, |x| = 3.138173e-01, |g| = 4.217795e-05
iteration 211, E = -231.812763, |x| = 3.138847e-01, |g| = 3.897384e-05
iteration 212, E = -231.812763, |x| = 3.138706e-01, |g| = 3.645993e-05
iteration 213, E = -231.812763, |x| = 3.139138e-01, |g| = 3.511733e-05
iteration 214, E = -231.812763, |x| = 3.139385e-01, |g| = 2.913728e-05
iteration 215, E = -231.812763, |x| = 3.140606e-01, |g| = 2.215814e-05
iteration 216, E = -231.812763, |x| = 3.141115e-01, |g| = 1.906196e-05
iteration 217, E = -231.812763, |x| = 3.141770e-01, |g| = 1.885614e-05
iteration 218, E = -231.812763, |x| = 3.141638e-01, |g| = 1.878996e-05
iteration 219, E = -231.812763, |x| = 3.141480e-01, |g| = 1.802400e-05
iteration 220, E = -231.812763, |x| = 3.140907e-01, |g| = 1.936451e-05
iteration 221, E = -231.812763, |x| = 3.140741e-01, |g| = 2.271724e-05
iteration 222, E = -231.812763, |x| = 3.140800e-01, |g| = 2.574140e-05
iteration 223, E = -231.812763, |x| = 3.141732e-01, |g| = 2.838296e-05
iteration 224, E = -231.812763, |x| = 3.143160e-01, |g| = 3.179110e-05
iteration 225, E = -231.812763, |x| = 3.145174e-01, |g| = 3.654999e-05
iteration 226, E = -231.812763, |x| = 3.146898e-01, |g| = 3.840245e-05
iteration 227, E = -231.812763, |x| = 3.147548e-01, |g| = 3.413204e-05
iteration 228, E = -231.812763, |x| = 3.147185e-01, |g| = 2.968609e-05
iteration 229, E = -231.812763, |x| = 3.146183e-01, |g| = 3.196253e-05
iteration 230, E = -231.812763, |x| = 3.145632e-01, |g| = 3.931199e-05
iteration 231, E = -231.812763, |x| = 3.145685e-01, |g| = 4.272562e-05
iteration 232, E = -231.812763, |x| = 3.147710e-01, |g| = 3.546645e-05
iteration 233, E = -231.812763, |x| = 3.149729e-01, |g| = 2.455777e-05
iteration 234, E = -231.812763, |x| = 3.151443e-01, |g| = 2.193569e-05
iteration 235, E = -231.812763, |x| = 3.152155e-01, |g| = 2.328107e-05
iteration 236, E = -231.812763, |x| = 3.152469e-01, |g| = 2.307005e-05
iteration 237, E = -231.812763, |x| = 3.151859e-01, |g| = 2.160959e-05
iteration 238, E = -231.812763, |x| = 3.151225e-01, |g| = 2.122842e-05
iteration 239, E = -231.812763, |x| = 3.150738e-01, |g| = 2.247437e-05
iteration 240, E = -231.812763, |x| = 3.150993e-01, |g| = 2.319212e-05
iteration 241, E = -231.812763, |x| = 3.151996e-01, |g| = 2.260463e-05
iteration 242, E = -231.812763, |x| = 3.153486e-01, |g| = 2.303883e-05
iteration 243, E = -231.812763, |x| = 3.155129e-01, |g| = 2.547967e-05
iteration 244, E = -231.812763, |x| = 3.156484e-01, |g| = 2.843485e-05
iteration 245, E = -231.812763, |x| = 3.157380e-01, |g| = 2.999096e-05
iteration 246, E = -231.812763, |x| = 3.157511e-01, |g| = 3.127417e-05
iteration 247, E = -231.812763, |x| = 3.157496e-01, |g| = 3.294870e-05
iteration 248, E = -231.812763, |x| = 3.157591e-01, |g| = 3.311386e-05
iteration 249, E = -231.812763, |x| = 3.158623e-01, |g| = 3.043983e-05
iteration 250, E = -231.812763, |x| = 3.160016e-01, |g| = 2.708371e-05
iteration 251, E = -231.812763, |x| = 3.161758e-01, |g| = 2.682800e-05
iteration 252, E = -231.812763, |x| = 3.162925e-01, |g| = 2.749716e-05
iteration 253, E = -231.812763, |x| = 3.163431e-01, |g| = 2.409340e-05
iteration 254, E = -231.812763, |x| = 3.162675e-01, |g| = 1.977839e-05
iteration 255, E = -231.812763, |x| = 3.161895e-01, |g| = 1.849750e-05
iteration 256, E = -231.812763, |x| = 3.160999e-01, |g| = 2.035009e-05
iteration 257, E = -231.812763, |x| = 3.160965e-01, |g| = 2.244883e-05
iteration 258, E = -231.812763, |x| = 3.161609e-01, |g| = 2.107146e-05
iteration 259, E = -231.812763, |x| = 3.163292e-01, |g| = 2.141088e-05
iteration 260, E = -231.812763, |x| = 3.165184e-01, |g| = 2.570892e-05
iteration 261, E = -231.812763, |x| = 3.167749e-01, |g| = 3.184685e-05
iteration 262, E = -231.812763, |x| = 3.169564e-01, |g| = 3.406734e-05
iteration 263, E = -231.812763, |x| = 3.169982e-01, |g| = 2.570404e-05
iteration 264, E = -231.812763, |x| = 3.168651e-01, |g| = 1.896258e-05
iteration 265, E = -231.812763, |x| = 3.167582e-01, |g| = 1.831064e-05
iteration 266, E = -231.812763, |x| = 3.166729e-01, |g| = 1.876364e-05
iteration 267, E = -231.812763, |x| = 3.167149e-01, |g| = 1.709331e-05
iteration 268, E = -231.812763, |x| = 3.168219e-01, |g| = 1.338779e-05
iteration 269, E = -231.812763, |x| = 3.169653e-01, |g| = 1.377152e-05
iteration 270, E = -231.812763, |x| = 3.171038e-01, |g| = 1.743843e-05
iteration 271, E = -231.812763, |x| = 3.172439e-01, |g| = 2.050532e-05
iteration 272, E = -231.812763, |x| = 3.172770e-01, |g| = 1.986826e-05
iteration 273, E = -231.812763, |x| = 3.172061e-01, |g| = 1.577054e-05
iteration 274, E = -231.812763, |x| = 3.170878e-01, |g| = 1.505533e-05
iteration 275, E = -231.812763, |x| = 3.170009e-01, |g| = 1.753454e-05
iteration 276, E = -231.812763, |x| = 3.169760e-01, |g| = 1.988791e-05
iteration 277, E = -231.812763, |x| = 3.170764e-01, |g| = 2.059157e-05
iteration 278, E = -231.812763, |x| = 3.172773e-01, |g| = 2.112177e-05
iteration 279, E = -231.812763, |x| = 3.175400e-01, |g| = 2.450028e-05
iteration 280, E = -231.812763, |x| = 3.178119e-01, |g| = 2.958518e-05
iteration 281, E = -231.812763, |x| = 3.179925e-01, |g| = 3.127170e-05
iteration 282, E = -231.812763, |x| = 3.179682e-01, |g| = 2.662739e-05
iteration 283, E = -231.812763, |x| = 3.177994e-01, |g| = 2.079209e-05
iteration 284, E = -231.812763, |x| = 3.176529e-01, |g| = 1.853365e-05
iteration 285, E = -231.812763, |x| = 3.176149e-01, |g| = 1.718290e-05
iteration 286, E = -231.812763, |x| = 3.177060e-01, |g| = 1.551493e-05
iteration 287, E = -231.812763, |x| = 3.178714e-01, |g| = 1.532349e-05
iteration 288, E = -231.812763, |x| = 3.180682e-01, |g| = 1.771132e-05
iteration 289, E = -231.812763, |x| = 3.182367e-01, |g| = 2.075881e-05
iteration 290, E = -231.812763, |x| = 3.182908e-01, |g| = 2.057246e-05
iteration 291, E = -231.812763, |x| = 3.181785e-01, |g| = 1.834481e-05
iteration 292, E = -231.812763, |x| = 3.179996e-01, |g| = 1.818886e-05
iteration 293, E = -231.812763, |x| = 3.178233e-01, |g| = 2.160416e-05
iteration 294, E = -231.812763, |x| = 3.177401e-01, |g| = 2.662965e-05
iteration 295, E = -231.812763, |x| = 3.178431e-01, |g| = 2.943489e-05
iteration 296, E = -231.812763, |x| = 3.181961e-01, |g| = 3.079616e-05
iteration 297, E = -231.812763, |x| = 3.187133e-01, |g| = 3.249431e-05
iteration 298, E = -231.812763, |x| = 3.192579e-01, |g| = 3.336871e-05
iteration 299, E = -231.812763, |x| = 3.195302e-01, |g| = 2.912163e-05
iteration 300, E = -231.812763, |x| = 3.194454e-01, |g| = 2.050094e-05
iteration 301, E = -231.812763, |x| = 3.191934e-01, |g| = 1.723576e-05
iteration 302, E = -231.812763, |x| = 3.189621e-01, |g| = 1.980478e-05
iteration 303, E = -231.812763, |x| = 3.187758e-01, |g| = 2.401848e-05
iteration 304, E = -231.812763, |x| = 3.188367e-01, |g| = 2.427855e-05
iteration 305, E = -231.812763, |x| = 3.191375e-01, |g| = 1.656228e-05
iteration 306, E = -231.812763, |x| = 3.194678e-01, |g| = 1.233239e-05
iteration 307, E = -231.812763, |x| = 3.196890e-01, |g| = 1.384984e-05
iteration 308, E = -231.812763, |x| = 3.199156e-01, |g| = 1.829446e-05
iteration 309, E = -231.812763, |x| = 3.200530e-01, |g| = 2.401256e-05
iteration 310, E = -231.812763, |x| = 3.200798e-01, |g| = 2.615391e-05
iteration 311, E = -231.812763, |x| = 3.198762e-01, |g| = 2.537667e-05
iteration 312, E = -231.812763, |x| = 3.196331e-01, |g| = 2.317869e-05
iteration 313, E = -231.812763, |x| = 3.194341e-01, |g| = 2.325921e-05
iteration 314, E = -231.812763, |x| = 3.194889e-01, |g| = 2.541576e-05
iteration 315, E = -231.812763, |x| = 3.197268e-01, |g| = 2.403803e-05
iteration 316, E = -231.812763, |x| = 3.201753e-01, |g| = 2.393858e-05
iteration 317, E = -231.812763, |x| = 3.205782e-01, |g| = 2.591084e-05
iteration 318, E = -231.812763, |x| = 3.209167e-01, |g| = 2.582452e-05
iteration 319, E = -231.812763, |x| = 3.209052e-01, |g| = 2.624845e-05
iteration 320, E = -231.812763, |x| = 3.207788e-01, |g| = 1.927184e-05
iteration 321, E = -231.812763, |x| = 3.204944e-01, |g| = 1.494879e-05
iteration 322, E = -231.812763, |x| = 3.204848e-01, |g| = 1.441700e-05
iteration 323, E = -231.812763, |x| = 3.205186e-01, |g| = 1.132623e-05
iteration 324, E = -231.812763, |x| = 3.207190e-01, |g| = 1.085766e-05
iteration 325, E = -231.812763, |x| = 3.208905e-01, |g| = 1.099386e-05
iteration 326, E = -231.812763, |x| = 3.210074e-01, |g| = 1.155240e-05
iteration 327, E = -231.812763, |x| = 3.209910e-01, |g| = 1.128361e-05
iteration 328, E = -231.812763, |x| = 3.208615e-01, |g| = 1.126042e-05
iteration 329, E = -231.812763, |x| = 3.206855e-01, |g| = 1.297335e-05
iteration 330, E = -231.812763, |x| = 3.205183e-01, |g| = 1.554550e-05
iteration 331, E = -231.812763, |x| = 3.204861e-01, |g| = 1.796185e-05
iteration 332, E = -231.812763, |x| = 3.206418e-01, |g| = 1.626958e-05
iteration 333, E = -231.812763, |x| = 3.209492e-01, |g| = 1.462291e-05
iteration 334, E = -231.812763, |x| = 3.212601e-01, |g| = 1.552043e-05
iteration 335, E = -231.812763, |x| = 3.215110e-01, |g| = 1.728452e-05
iteration 336, E = -231.812763, |x| = 3.215728e-01, |g| = 1.751576e-05
iteration 337, E = -231.812763, |x| = 3.214271e-01, |g| = 1.391558e-05
iteration 338, E = -231.812763, |x| = 3.211889e-01, |g| = 1.183828e-05
iteration 339, E = -231.812763, |x| = 3.210071e-01, |g| = 1.322497e-05
iteration 340, E = -231.812763, |x| = 3.209180e-01, |g| = 1.480881e-05
iteration 341, E = -231.812763, |x| = 3.210022e-01, |g| = 1.410056e-05
iteration 342, E = -231.812763, |x| = 3.212120e-01, |g| = 1.110772e-05
iteration 343, E = -231.812763, |x| = 3.214161e-01, |g| = 1.012270e-05
iteration 344, E = -231.812763, |x| = 3.215506e-01, |g| = 1.134566e-05
iteration 345, E = -231.812763, |x| = 3.215977e-01, |g| = 1.216813e-05
iteration 346, E = -231.812763, |x| = 3.215282e-01, |g| = 1.120166e-05
iteration 347, E = -231.812763, |x| = 3.213999e-01, |g| = 9.804896e-06
iteration 348, E = -231.812763, |x| = 3.212982e-01, |g| = 1.026606e-05
iteration 349, E = -231.812763, |x| = 3.212607e-01, |g| = 1.217764e-05
iteration 350, E = -231.812763, |x| = 3.213156e-01, |g| = 1.404749e-05
iteration 351, E = -231.812763, |x| = 3.214762e-01, |g| = 1.477772e-05
iteration 352, E = -231.812763, |x| = 3.216781e-01, |g| = 1.445369e-05
iteration 353, E = -231.812763, |x| = 3.218162e-01, |g| = 1.408497e-05
iteration 354, E = -231.812763, |x| = 3.218342e-01, |g| = 1.394041e-05
iteration 355, E = -231.812763, |x| = 3.217471e-01, |g| = 1.358761e-05
iteration 356, E = -231.812763, |x| = 3.216163e-01, |g| = 1.309578e-05
iteration 357, E = -231.812763, |x| = 3.215395e-01, |g| = 1.237630e-05
iteration 358, E = -231.812763, |x| = 3.215785e-01, |g| = 1.100678e-05
iteration 359, E = -231.812763, |x| = 3.217077e-01, |g| = 9.834080e-06
iteration 360, E = -231.812763, |x| = 3.218749e-01, |g| = 1.022758e-05
iteration 361, E = -231.812763, |x| = 3.220484e-01, |g| = 1.222976e-05
iteration 362, E = -231.812763, |x| = 3.221692e-01, |g| = 1.383261e-05
iteration 363, E = -231.812763, |x| = 3.221583e-01, |g| = 1.271424e-05
iteration 364, E = -231.812763, |x| = 3.220300e-01, |g| = 1.004605e-05
iteration 365, E = -231.812763, |x| = 3.218867e-01, |g| = 9.643359e-06
iteration 366, E = -231.812763, |x| = 3.217816e-01, |g| = 1.165414e-05
iteration 367, E = -231.812763, |x| = 3.217473e-01, |g| = 1.414936e-05
iteration 368, E = -231.812763, |x| = 3.218389e-01, |g| = 1.511119e-05
iteration 369, E = -231.812763, |x| = 3.220443e-01, |g| = 1.437929e-05
iteration 370, E = -231.812763, |x| = 3.222728e-01, |g| = 1.397296e-05
iteration 371, E = -231.812763, |x| = 3.224166e-01, |g| = 1.386201e-05
iteration 372, E = -231.812763, |x| = 3.224114e-01, |g| = 1.191962e-05
iteration 373, E = -231.812763, |x| = 3.222903e-01, |g| = 9.018416e-06
iteration 374, E = -231.812763, |x| = 3.221648e-01, |g| = 8.234860e-06
iteration 375, E = -231.812763, |x| = 3.220756e-01, |g| = 9.606192e-06
iteration 376, E = -231.812763, |x| = 3.220572e-01, |g| = 1.108451e-05
iteration 377, E = -231.812763, |x| = 3.221450e-01, |g| = 1.010676e-05
iteration 378, E = -231.812763, |x| = 3.222993e-01, |g| = 8.115371e-06
iteration 379, E = -231.812763, |x| = 3.224305e-01, |g| = 8.138441e-06
iteration 380, E = -231.812763, |x| = 3.225383e-01, |g| = 1.017532e-05
iteration 381, E = -231.812763, |x| = 3.226051e-01, |g| = 1.298642e-05
iteration 382, E = -231.812763, |x| = 3.226001e-01, |g| = 1.393529e-05
iteration 383, E = -231.812763, |x| = 3.224996e-01, |g| = 1.283702e-05
iteration 384, E = -231.812763, |x| = 3.223893e-01, |g| = 1.163896e-05
iteration 385, E = -231.812763, |x| = 3.223260e-01, |g| = 1.183976e-05
iteration 386, E = -231.812763, |x| = 3.223644e-01, |g| = 1.266942e-05
iteration 387, E = -231.812763, |x| = 3.224817e-01, |g| = 1.251294e-05
iteration 388, E = -231.812763, |x| = 3.226742e-01, |g| = 1.333503e-05
iteration 389, E = -231.812763, |x| = 3.228554e-01, |g| = 1.523695e-05
iteration 390, E = -231.812763, |x| = 3.229988e-01, |g| = 1.569068e-05
iteration 391, E = -231.812763, |x| = 3.229840e-01, |g| = 1.462450e-05
iteration 392, E = -231.812763, |x| = 3.228992e-01, |g| = 1.055771e-05
iteration 393, E = -231.812763, |x| = 3.227723e-01, |g| = 8.745714e-06
iteration 394, E = -231.812763, |x| = 3.227524e-01, |g| = 8.676914e-06
iteration 395, E = -231.812763, |x| = 3.227671e-01, |g| = 7.087058e-06
iteration 396, E = -231.812763, |x| = 3.228662e-01, |g| = 7.116312e-06
iteration 397, E = -231.812763, |x| = 3.229526e-01, |g| = 7.865213e-06
iteration 398, E = -231.812763, |x| = 3.230509e-01, |g| = 9.225287e-06
iteration 399, E = -231.812763, |x| = 3.230849e-01, |g| = 1.059367e-05
iteration 400, E = -231.812763, |x| = 3.230549e-01, |g| = 1.005316e-05
iteration 401, E = -231.812763, |x| = 3.229590e-01, |g| = 1.013394e-05
iteration 402, E = -231.812763, |x| = 3.228662e-01, |g| = 1.180987e-05
iteration 403, E = -231.812763, |x| = 3.228140e-01, |g| = 1.384511e-05
iteration 404, E = -231.812763, |x| = 3.228821e-01, |g| = 1.370648e-05
iteration 405, E = -231.812763, |x| = 3.230522e-01, |g| = 1.051744e-05
iteration 406, E = -231.812763, |x| = 3.232224e-01, |g| = 8.431583e-06
iteration 407, E = -231.812763, |x| = 3.233271e-01, |g| = 8.457301e-06
iteration 408, E = -231.812763, |x| = 3.233599e-01, |g| = 8.420581e-06
iteration 409, E = -231.812763, |x| = 3.233074e-01, |g| = 7.326683e-06
iteration 410, E = -231.812763, |x| = 3.232162e-01, |g| = 6.521175e-06
iteration 411, E = -231.812763, |x| = 3.231296e-01, |g| = 7.376771e-06
iteration 412, E = -231.812763, |x| = 3.230717e-01, |g| = 9.105914e-06
iteration 413, E = -231.812763, |x| = 3.230889e-01, |g| = 9.437428e-06
iteration 414, E = -231.812763, |x| = 3.231958e-01, |g| = 7.300161e-06
iteration 415, E = -231.812763, |x| = 3.233150e-01, |g| = 5.470290e-06
Fragment 0 local quantum numbers
<N>,<Sz>,<S^2> = 2.000353, 0.000000, 0.010873
Fragment 1 local quantum numbers
<N>,<Sz>,<S^2> = 1.999294, 0.000000, 0.018457
Fragment 2 local quantum numbers
<N>,<Sz>,<S^2> = 2.000353, -0.000000, 0.010874
Whole system quantum numbers
<N>,<Sz>,<S^2> = 6.000000, 0.000000, 0.000000
Density matrix diagonal elements [1.90166333 0.09868951 1.90150993 0.0977844  1.9016677  0.09868512]
CASCI converged
CASCI E = -231.812763050374  E(CI) = -5.84201466522504  S^2 = 0.0000000

******** CASCI flags ********
CAS (3e+3e, 6o), ncore = 19, nvir = 45
natorb = False
canonicalization = True
sorting_mo_energy = False
max_memory 4000 (MB)
******** <class 'mrh.exploratory.unitary_cc.lasuccsd.FCISolver_USCC'> ********
max. cycles = 100
conv_tol = 1e-10
davidson only = False
linear dependence = 1e-14
level shift = 0.001
max iter space = 12
max_memory 4000 MB
nroots = 1
pspace_size = 400
spin = None
LASCI object has 847 degrees of freedom
iteration 0, E = -231.807934, |x| = 1.480104e-01, |g| = 1.273989e-01
iteration 1, E = -231.809943, |x| = 1.441419e-01, |g| = 1.584524e-01
iteration 2, E = -231.811658, |x| = 1.415146e-01, |g| = 6.757512e-02
iteration 3, E = -231.812100, |x| = 1.430461e-01, |g| = 3.790545e-02
iteration 4, E = -231.812322, |x| = 1.539513e-01, |g| = 2.691556e-02
iteration 5, E = -231.812419, |x| = 1.572447e-01, |g| = 1.993715e-02
iteration 6, E = -231.812460, |x| = 1.575126e-01, |g| = 1.226185e-02
iteration 7, E = -231.812482, |x| = 1.577984e-01, |g| = 1.490247e-02
iteration 8, E = -231.812502, |x| = 1.587069e-01, |g| = 1.049818e-02
iteration 9, E = -231.812528, |x| = 1.606072e-01, |g| = 6.802432e-03
iteration 10, E = -231.812545, |x| = 1.653979e-01, |g| = 1.316062e-02
iteration 11, E = -231.812564, |x| = 1.685885e-01, |g| = 7.923040e-03
iteration 12, E = -231.812579, |x| = 1.719602e-01, |g| = 8.374771e-03
iteration 13, E = -231.812583, |x| = 1.739065e-01, |g| = 1.172295e-02
iteration 14, E = -231.812591, |x| = 1.741388e-01, |g| = 9.202273e-03
iteration 15, E = -231.812603, |x| = 1.747162e-01, |g| = 6.091405e-03
iteration 16, E = -231.812617, |x| = 1.767820e-01, |g| = 5.081982e-03
iteration 17, E = -231.812632, |x| = 1.825075e-01, |g| = 9.511667e-03
iteration 18, E = -231.812636, |x| = 1.897068e-01, |g| = 1.285393e-02
iteration 19, E = -231.812644, |x| = 1.905546e-01, |g| = 1.006457e-02
iteration 20, E = -231.812655, |x| = 1.912464e-01, |g| = 6.133022e-03
iteration 21, E = -231.812667, |x| = 1.950455e-01, |g| = 4.070978e-03
iteration 22, E = -231.812670, |x| = 2.002211e-01, |g| = 8.719501e-03
iteration 23, E = -231.812675, |x| = 2.020693e-01, |g| = 7.160426e-03
iteration 24, E = -231.812683, |x| = 2.040231e-01, |g| = 5.944574e-03
iteration 25, E = -231.812693, |x| = 2.066790e-01, |g| = 4.722585e-03
iteration 26, E = -231.812699, |x| = 2.135858e-01, |g| = 9.012494e-03
iteration 27, E = -231.812708, |x| = 2.187815e-01, |g| = 5.672324e-03
iteration 28, E = -231.812715, |x| = 2.225045e-01, |g| = 4.181229e-03
iteration 29, E = -231.812720, |x| = 2.245573e-01, |g| = 5.705585e-03
iteration 30, E = -231.812726, |x| = 2.279306e-01, |g| = 4.609299e-03
iteration 31, E = -231.812729, |x| = 2.342836e-01, |g| = 5.988543e-03
iteration 32, E = -231.812733, |x| = 2.362203e-01, |g| = 3.539055e-03
iteration 33, E = -231.812735, |x| = 2.352418e-01, |g| = 2.866310e-03
iteration 34, E = -231.812737, |x| = 2.354873e-01, |g| = 2.705815e-03
iteration 35, E = -231.812739, |x| = 2.374359e-01, |g| = 2.269437e-03
iteration 36, E = -231.812741, |x| = 2.418686e-01, |g| = 1.539952e-03
iteration 37, E = -231.812741, |x| = 2.436238e-01, |g| = 2.162183e-03
iteration 38, E = -231.812742, |x| = 2.431596e-01, |g| = 1.565332e-03
iteration 39, E = -231.812743, |x| = 2.419904e-01, |g| = 1.316222e-03
iteration 40, E = -231.812743, |x| = 2.421153e-01, |g| = 1.616883e-03
iteration 41, E = -231.812744, |x| = 2.439461e-01, |g| = 2.054462e-03
iteration 42, E = -231.812745, |x| = 2.458615e-01, |g| = 1.060197e-03
iteration 43, E = -231.812745, |x| = 2.467056e-01, |g| = 9.286607e-04
iteration 44, E = -231.812746, |x| = 2.476120e-01, |g| = 1.401115e-03
iteration 45, E = -231.812747, |x| = 2.496411e-01, |g| = 1.624830e-03
iteration 46, E = -231.812749, |x| = 2.529368e-01, |g| = 1.205995e-03
iteration 47, E = -231.812750, |x| = 2.533742e-01, |g| = 8.393562e-04
iteration 48, E = -231.812750, |x| = 2.540976e-01, |g| = 9.266513e-04
iteration 49, E = -231.812751, |x| = 2.555407e-01, |g| = 1.229475e-03
iteration 50, E = -231.812752, |x| = 2.563100e-01, |g| = 9.387359e-04
iteration 51, E = -231.812752, |x| = 2.572571e-01, |g| = 6.975781e-04
iteration 52, E = -231.812753, |x| = 2.595283e-01, |g| = 1.094213e-03
iteration 53, E = -231.812754, |x| = 2.617457e-01, |g| = 1.286373e-03
iteration 54, E = -231.812754, |x| = 2.638582e-01, |g| = 9.286973e-04
iteration 55, E = -231.812755, |x| = 2.651668e-01, |g| = 6.389355e-04
iteration 56, E = -231.812755, |x| = 2.659890e-01, |g| = 8.914560e-04
iteration 57, E = -231.812756, |x| = 2.673044e-01, |g| = 1.110493e-03
iteration 58, E = -231.812757, |x| = 2.693864e-01, |g| = 8.439786e-04
iteration 59, E = -231.812757, |x| = 2.711602e-01, |g| = 5.750239e-04
iteration 60, E = -231.812757, |x| = 2.719509e-01, |g| = 5.619398e-04
iteration 61, E = -231.812757, |x| = 2.726798e-01, |g| = 6.710858e-04
iteration 62, E = -231.812758, |x| = 2.737729e-01, |g| = 5.905874e-04
iteration 63, E = -231.812758, |x| = 2.745450e-01, |g| = 4.441243e-04
iteration 64, E = -231.812758, |x| = 2.750403e-01, |g| = 4.828945e-04
iteration 65, E = -231.812758, |x| = 2.755457e-01, |g| = 5.116083e-04
iteration 66, E = -231.812758, |x| = 2.761403e-01, |g| = 4.315253e-04
iteration 67, E = -231.812759, |x| = 2.766368e-01, |g| = 3.390567e-04
iteration 68, E = -231.812759, |x| = 2.772818e-01, |g| = 3.774058e-04
iteration 69, E = -231.812759, |x| = 2.779069e-01, |g| = 3.775960e-04
iteration 70, E = -231.812759, |x| = 2.781846e-01, |g| = 2.880587e-04
iteration 71, E = -231.812759, |x| = 2.783343e-01, |g| = 2.907149e-04
iteration 72, E = -231.812759, |x| = 2.785650e-01, |g| = 3.628622e-04
iteration 73, E = -231.812759, |x| = 2.789330e-01, |g| = 3.950082e-04
iteration 74, E = -231.812759, |x| = 2.796654e-01, |g| = 3.444057e-04
iteration 75, E = -231.812760, |x| = 2.806399e-01, |g| = 3.054958e-04
iteration 76, E = -231.812760, |x| = 2.813658e-01, |g| = 3.449270e-04
iteration 77, E = -231.812760, |x| = 2.820206e-01, |g| = 3.806202e-04
iteration 78, E = -231.812760, |x| = 2.827493e-01, |g| = 3.886998e-04
iteration 79, E = -231.812760, |x| = 2.833739e-01, |g| = 3.722203e-04
iteration 80, E = -231.812760, |x| = 2.838513e-01, |g| = 3.452738e-04
iteration 81, E = -231.812760, |x| = 2.844700e-01, |g| = 3.014152e-04
iteration 82, E = -231.812761, |x| = 2.851396e-01, |g| = 2.756095e-04
iteration 83, E = -231.812761, |x| = 2.856836e-01, |g| = 2.722163e-04
iteration 84, E = -231.812761, |x| = 2.862668e-01, |g| = 2.663315e-04
iteration 85, E = -231.812761, |x| = 2.866709e-01, |g| = 2.453313e-04
iteration 86, E = -231.812761, |x| = 2.869679e-01, |g| = 2.295369e-04
iteration 87, E = -231.812761, |x| = 2.873423e-01, |g| = 2.231978e-04
iteration 88, E = -231.812761, |x| = 2.876240e-01, |g| = 2.135944e-04
iteration 89, E = -231.812761, |x| = 2.879862e-01, |g| = 2.016594e-04
iteration 90, E = -231.812761, |x| = 2.885050e-01, |g| = 2.047701e-04
iteration 91, E = -231.812761, |x| = 2.888268e-01, |g| = 2.005246e-04
iteration 92, E = -231.812761, |x| = 2.890338e-01, |g| = 1.697496e-04
iteration 93, E = -231.812761, |x| = 2.892051e-01, |g| = 1.670034e-04
iteration 94, E = -231.812761, |x| = 2.893726e-01, |g| = 2.134260e-04
iteration 95, E = -231.812761, |x| = 2.899251e-01, |g| = 2.495821e-04
iteration 96, E = -231.812761, |x| = 2.905343e-01, |g| = 2.045568e-04
iteration 97, E = -231.812761, |x| = 2.911525e-01, |g| = 1.683726e-04
iteration 98, E = -231.812761, |x| = 2.916783e-01, |g| = 1.966555e-04
iteration 99, E = -231.812762, |x| = 2.920642e-01, |g| = 2.130459e-04
iteration 100, E = -231.812762, |x| = 2.923034e-01, |g| = 1.698163e-04
iteration 101, E = -231.812762, |x| = 2.924092e-01, |g| = 1.333007e-04
iteration 102, E = -231.812762, |x| = 2.924857e-01, |g| = 1.466731e-04
iteration 103, E = -231.812762, |x| = 2.927246e-01, |g| = 1.849541e-04
iteration 104, E = -231.812762, |x| = 2.931702e-01, |g| = 1.895849e-04
iteration 105, E = -231.812762, |x| = 2.936375e-01, |g| = 1.710303e-04
iteration 106, E = -231.812762, |x| = 2.940528e-01, |g| = 1.713877e-04
iteration 107, E = -231.812762, |x| = 2.943691e-01, |g| = 1.985482e-04
iteration 108, E = -231.812762, |x| = 2.947703e-01, |g| = 2.257427e-04
iteration 109, E = -231.812762, |x| = 2.952477e-01, |g| = 2.176664e-04
iteration 110, E = -231.812762, |x| = 2.957051e-01, |g| = 1.829952e-04
iteration 111, E = -231.812762, |x| = 2.960762e-01, |g| = 1.628541e-04
iteration 112, E = -231.812762, |x| = 2.965199e-01, |g| = 1.807741e-04
iteration 113, E = -231.812762, |x| = 2.971125e-01, |g| = 1.787748e-04
iteration 114, E = -231.812762, |x| = 2.976966e-01, |g| = 1.517942e-04
iteration 115, E = -231.812762, |x| = 2.982051e-01, |g| = 1.413430e-04
iteration 116, E = -231.812762, |x| = 2.985009e-01, |g| = 1.313722e-04
iteration 117, E = -231.812762, |x| = 2.986180e-01, |g| = 1.026424e-04
iteration 118, E = -231.812762, |x| = 2.987639e-01, |g| = 8.733392e-05
iteration 119, E = -231.812762, |x| = 2.988705e-01, |g| = 9.396168e-05
iteration 120, E = -231.812762, |x| = 2.990549e-01, |g| = 9.899244e-05
iteration 121, E = -231.812762, |x| = 2.992385e-01, |g| = 8.798070e-05
iteration 122, E = -231.812762, |x| = 2.993523e-01, |g| = 8.109204e-05
iteration 123, E = -231.812762, |x| = 2.994903e-01, |g| = 9.352787e-05
iteration 124, E = -231.812762, |x| = 2.996422e-01, |g| = 1.157938e-04
iteration 125, E = -231.812762, |x| = 2.999503e-01, |g| = 1.334458e-04
iteration 126, E = -231.812762, |x| = 3.004881e-01, |g| = 1.374439e-04
iteration 127, E = -231.812762, |x| = 3.009887e-01, |g| = 1.262494e-04
iteration 128, E = -231.812762, |x| = 3.014234e-01, |g| = 1.236654e-04
iteration 129, E = -231.812762, |x| = 3.017911e-01, |g| = 1.374108e-04
iteration 130, E = -231.812762, |x| = 3.022883e-01, |g| = 1.548688e-04
iteration 131, E = -231.812762, |x| = 3.028084e-01, |g| = 1.473697e-04
iteration 132, E = -231.812763, |x| = 3.032837e-01, |g| = 1.109386e-04
iteration 133, E = -231.812763, |x| = 3.034749e-01, |g| = 9.017084e-05
iteration 134, E = -231.812763, |x| = 3.037059e-01, |g| = 8.919664e-05
iteration 135, E = -231.812763, |x| = 3.039739e-01, |g| = 9.080415e-05
iteration 136, E = -231.812763, |x| = 3.041930e-01, |g| = 7.906146e-05
iteration 137, E = -231.812763, |x| = 3.044035e-01, |g| = 6.432895e-05
iteration 138, E = -231.812763, |x| = 3.044599e-01, |g| = 5.969681e-05
iteration 139, E = -231.812763, |x| = 3.045321e-01, |g| = 6.155447e-05
iteration 140, E = -231.812763, |x| = 3.046249e-01, |g| = 6.114295e-05
iteration 141, E = -231.812763, |x| = 3.047257e-01, |g| = 6.084990e-05
iteration 142, E = -231.812763, |x| = 3.049232e-01, |g| = 6.525383e-05
iteration 143, E = -231.812763, |x| = 3.051097e-01, |g| = 6.786109e-05
iteration 144, E = -231.812763, |x| = 3.052949e-01, |g| = 6.610400e-05
iteration 145, E = -231.812763, |x| = 3.054776e-01, |g| = 7.018171e-05
iteration 146, E = -231.812763, |x| = 3.056621e-01, |g| = 8.754422e-05
iteration 147, E = -231.812763, |x| = 3.059491e-01, |g| = 1.075436e-04
iteration 148, E = -231.812763, |x| = 3.062629e-01, |g| = 1.075272e-04
iteration 149, E = -231.812763, |x| = 3.065141e-01, |g| = 8.949752e-05
iteration 150, E = -231.812763, |x| = 3.067441e-01, |g| = 8.476223e-05
iteration 151, E = -231.812763, |x| = 3.069932e-01, |g| = 9.710336e-05
iteration 152, E = -231.812763, |x| = 3.073299e-01, |g| = 9.683509e-05
iteration 153, E = -231.812763, |x| = 3.076629e-01, |g| = 7.071752e-05
iteration 154, E = -231.812763, |x| = 3.077951e-01, |g| = 5.530113e-05
iteration 155, E = -231.812763, |x| = 3.079267e-01, |g| = 6.354701e-05
iteration 156, E = -231.812763, |x| = 3.080488e-01, |g| = 7.781441e-05
iteration 157, E = -231.812763, |x| = 3.081524e-01, |g| = 6.942609e-05
iteration 158, E = -231.812763, |x| = 3.082492e-01, |g| = 4.426529e-05
iteration 159, E = -231.812763, |x| = 3.082378e-01, |g| = 3.605358e-05
iteration 160, E = -231.812763, |x| = 3.082816e-01, |g| = 4.386275e-05
iteration 161, E = -231.812763, |x| = 3.083649e-01, |g| = 5.351038e-05
iteration 162, E = -231.812763, |x| = 3.085123e-01, |g| = 5.632195e-05
iteration 163, E = -231.812763, |x| = 3.087108e-01, |g| = 5.389498e-05
iteration 164, E = -231.812763, |x| = 3.088958e-01, |g| = 6.135133e-05
iteration 165, E = -231.812763, |x| = 3.091454e-01, |g| = 7.885418e-05
iteration 166, E = -231.812763, |x| = 3.094230e-01, |g| = 9.160460e-05
iteration 167, E = -231.812763, |x| = 3.096999e-01, |g| = 8.903050e-05
iteration 168, E = -231.812763, |x| = 3.099702e-01, |g| = 7.933360e-05
iteration 169, E = -231.812763, |x| = 3.101433e-01, |g| = 7.822605e-05
iteration 170, E = -231.812763, |x| = 3.103576e-01, |g| = 7.676104e-05
iteration 171, E = -231.812763, |x| = 3.105594e-01, |g| = 6.685521e-05
iteration 172, E = -231.812763, |x| = 3.107527e-01, |g| = 5.766952e-05
iteration 173, E = -231.812763, |x| = 3.110059e-01, |g| = 5.701612e-05
iteration 174, E = -231.812763, |x| = 3.111356e-01, |g| = 5.090679e-05
iteration 175, E = -231.812763, |x| = 3.112456e-01, |g| = 3.535963e-05
iteration 176, E = -231.812763, |x| = 3.112192e-01, |g| = 2.827176e-05
iteration 177, E = -231.812763, |x| = 3.112031e-01, |g| = 3.161531e-05
iteration 178, E = -231.812763, |x| = 3.112183e-01, |g| = 3.712227e-05
iteration 179, E = -231.812763, |x| = 3.112435e-01, |g| = 3.564799e-05
iteration 180, E = -231.812763, |x| = 3.113599e-01, |g| = 3.070912e-05
iteration 181, E = -231.812763, |x| = 3.114563e-01, |g| = 3.288356e-05
iteration 182, E = -231.812763, |x| = 3.115772e-01, |g| = 4.087992e-05
iteration 183, E = -231.812763, |x| = 3.117223e-01, |g| = 4.538685e-05
iteration 184, E = -231.812763, |x| = 3.117704e-01, |g| = 4.083061e-05
iteration 185, E = -231.812763, |x| = 3.118312e-01, |g| = 3.615963e-05
iteration 186, E = -231.812763, |x| = 3.117883e-01, |g| = 4.042080e-05
iteration 187, E = -231.812763, |x| = 3.118413e-01, |g| = 4.870843e-05
iteration 188, E = -231.812763, |x| = 3.119011e-01, |g| = 5.439664e-05
iteration 189, E = -231.812763, |x| = 3.121075e-01, |g| = 5.617998e-05
iteration 190, E = -231.812763, |x| = 3.123811e-01, |g| = 5.613001e-05
iteration 191, E = -231.812763, |x| = 3.126258e-01, |g| = 5.232539e-05
iteration 192, E = -231.812763, |x| = 3.128170e-01, |g| = 4.158178e-05
iteration 193, E = -231.812763, |x| = 3.127955e-01, |g| = 3.150614e-05
iteration 194, E = -231.812763, |x| = 3.128230e-01, |g| = 2.895851e-05
iteration 195, E = -231.812763, |x| = 3.127955e-01, |g| = 3.050804e-05
iteration 196, E = -231.812763, |x| = 3.128495e-01, |g| = 2.754787e-05
iteration 197, E = -231.812763, |x| = 3.129342e-01, |g| = 2.124072e-05
iteration 198, E = -231.812763, |x| = 3.129935e-01, |g| = 1.964599e-05
iteration 199, E = -231.812763, |x| = 3.130734e-01, |g| = 2.252813e-05
iteration 200, E = -231.812763, |x| = 3.130908e-01, |g| = 2.419332e-05
iteration 201, E = -231.812763, |x| = 3.130982e-01, |g| = 2.087769e-05
iteration 202, E = -231.812763, |x| = 3.130497e-01, |g| = 1.915019e-05
iteration 203, E = -231.812763, |x| = 3.130220e-01, |g| = 2.284460e-05
iteration 204, E = -231.812763, |x| = 3.130165e-01, |g| = 2.925291e-05
iteration 205, E = -231.812763, |x| = 3.130632e-01, |g| = 3.252948e-05
iteration 206, E = -231.812763, |x| = 3.132112e-01, |g| = 3.046026e-05
iteration 207, E = -231.812763, |x| = 3.133636e-01, |g| = 2.915149e-05
iteration 208, E = -231.812763, |x| = 3.135442e-01, |g| = 3.367818e-05
iteration 209, E = -231.812763, |x| = 3.136954e-01, |g| = 4.002711e-05
iteration 210, E = -231.812763, |x| = 3.138173e-01, |g| = 4.217797e-05
iteration 211, E = -231.812763, |x| = 3.138847e-01, |g| = 3.897383e-05
iteration 212, E = -231.812763, |x| = 3.138706e-01, |g| = 3.645991e-05
iteration 213, E = -231.812763, |x| = 3.139138e-01, |g| = 3.511730e-05
iteration 214, E = -231.812763, |x| = 3.139385e-01, |g| = 2.913720e-05
iteration 215, E = -231.812763, |x| = 3.140606e-01, |g| = 2.215809e-05
iteration 216, E = -231.812763, |x| = 3.141115e-01, |g| = 1.906195e-05
iteration 217, E = -231.812763, |x| = 3.141770e-01, |g| = 1.885614e-05
iteration 218, E = -231.812763, |x| = 3.141638e-01, |g| = 1.878997e-05
iteration 219, E = -231.812763, |x| = 3.141480e-01, |g| = 1.802401e-05
iteration 220, E = -231.812763, |x| = 3.140907e-01, |g| = 1.936452e-05
iteration 221, E = -231.812763, |x| = 3.140741e-01, |g| = 2.271726e-05
iteration 222, E = -231.812763, |x| = 3.140800e-01, |g| = 2.574143e-05
iteration 223, E = -231.812763, |x| = 3.141732e-01, |g| = 2.838301e-05
iteration 224, E = -231.812763, |x| = 3.143160e-01, |g| = 3.179116e-05
iteration 225, E = -231.812763, |x| = 3.145174e-01, |g| = 3.655001e-05
iteration 226, E = -231.812763, |x| = 3.146899e-01, |g| = 3.840240e-05
iteration 227, E = -231.812763, |x| = 3.147548e-01, |g| = 3.413198e-05
iteration 228, E = -231.812763, |x| = 3.147185e-01, |g| = 2.968608e-05
iteration 229, E = -231.812763, |x| = 3.146183e-01, |g| = 3.196259e-05
iteration 230, E = -231.812763, |x| = 3.145632e-01, |g| = 3.931206e-05
iteration 231, E = -231.812763, |x| = 3.145685e-01, |g| = 4.272559e-05
iteration 232, E = -231.812763, |x| = 3.147710e-01, |g| = 3.546634e-05
iteration 233, E = -231.812763, |x| = 3.149729e-01, |g| = 2.455771e-05
iteration 234, E = -231.812763, |x| = 3.151443e-01, |g| = 2.193569e-05
iteration 235, E = -231.812763, |x| = 3.152155e-01, |g| = 2.328108e-05
iteration 236, E = -231.812763, |x| = 3.152469e-01, |g| = 2.307005e-05
iteration 237, E = -231.812763, |x| = 3.151859e-01, |g| = 2.160958e-05
iteration 238, E = -231.812763, |x| = 3.151225e-01, |g| = 2.122842e-05
iteration 239, E = -231.812763, |x| = 3.150738e-01, |g| = 2.247437e-05
iteration 240, E = -231.812763, |x| = 3.150993e-01, |g| = 2.319212e-05
iteration 241, E = -231.812763, |x| = 3.151996e-01, |g| = 2.260463e-05
iteration 242, E = -231.812763, |x| = 3.153486e-01, |g| = 2.303885e-05
iteration 243, E = -231.812763, |x| = 3.155129e-01, |g| = 2.547969e-05
iteration 244, E = -231.812763, |x| = 3.156484e-01, |g| = 2.843486e-05
iteration 245, E = -231.812763, |x| = 3.157380e-01, |g| = 2.999097e-05
iteration 246, E = -231.812763, |x| = 3.157511e-01, |g| = 3.127420e-05
iteration 247, E = -231.812763, |x| = 3.157496e-01, |g| = 3.294872e-05
iteration 248, E = -231.812763, |x| = 3.157591e-01, |g| = 3.311384e-05
iteration 249, E = -231.812763, |x| = 3.158623e-01, |g| = 3.043980e-05
iteration 250, E = -231.812763, |x| = 3.160016e-01, |g| = 2.708370e-05
iteration 251, E = -231.812763, |x| = 3.161759e-01, |g| = 2.682801e-05
iteration 252, E = -231.812763, |x| = 3.162925e-01, |g| = 2.749717e-05
iteration 253, E = -231.812763, |x| = 3.163432e-01, |g| = 2.409336e-05
iteration 254, E = -231.812763, |x| = 3.162675e-01, |g| = 1.977837e-05
iteration 255, E = -231.812763, |x| = 3.161895e-01, |g| = 1.849751e-05
iteration 256, E = -231.812763, |x| = 3.160999e-01, |g| = 2.035011e-05
iteration 257, E = -231.812763, |x| = 3.160965e-01, |g| = 2.244884e-05
iteration 258, E = -231.812763, |x| = 3.161609e-01, |g| = 2.107145e-05
iteration 259, E = -231.812763, |x| = 3.163292e-01, |g| = 2.141090e-05
iteration 260, E = -231.812763, |x| = 3.165184e-01, |g| = 2.570897e-05
iteration 261, E = -231.812763, |x| = 3.167749e-01, |g| = 3.184689e-05
iteration 262, E = -231.812763, |x| = 3.169564e-01, |g| = 3.406734e-05
iteration 263, E = -231.812763, |x| = 3.169982e-01, |g| = 2.570397e-05
iteration 264, E = -231.812763, |x| = 3.168651e-01, |g| = 1.896256e-05
iteration 265, E = -231.812763, |x| = 3.167582e-01, |g| = 1.831066e-05
iteration 266, E = -231.812763, |x| = 3.166729e-01, |g| = 1.876364e-05
iteration 267, E = -231.812763, |x| = 3.167149e-01, |g| = 1.709330e-05
iteration 268, E = -231.812763, |x| = 3.168219e-01, |g| = 1.338778e-05
iteration 269, E = -231.812763, |x| = 3.169653e-01, |g| = 1.377154e-05
iteration 270, E = -231.812763, |x| = 3.171038e-01, |g| = 1.743848e-05
iteration 271, E = -231.812763, |x| = 3.172439e-01, |g| = 2.050536e-05
iteration 272, E = -231.812763, |x| = 3.172770e-01, |g| = 1.986825e-05
iteration 273, E = -231.812763, |x| = 3.172061e-01, |g| = 1.577052e-05
iteration 274, E = -231.812763, |x| = 3.170878e-01, |g| = 1.505533e-05
iteration 275, E = -231.812763, |x| = 3.170009e-01, |g| = 1.753457e-05
iteration 276, E = -231.812763, |x| = 3.169760e-01, |g| = 1.988795e-05
iteration 277, E = -231.812763, |x| = 3.170764e-01, |g| = 2.059159e-05
iteration 278, E = -231.812763, |x| = 3.172773e-01, |g| = 2.112179e-05
iteration 279, E = -231.812763, |x| = 3.175401e-01, |g| = 2.450032e-05
iteration 280, E = -231.812763, |x| = 3.178119e-01, |g| = 2.958523e-05
iteration 281, E = -231.812763, |x| = 3.179926e-01, |g| = 3.127173e-05
iteration 282, E = -231.812763, |x| = 3.179682e-01, |g| = 2.662737e-05
iteration 283, E = -231.812763, |x| = 3.177994e-01, |g| = 2.079206e-05
iteration 284, E = -231.812763, |x| = 3.176529e-01, |g| = 1.853364e-05
iteration 285, E = -231.812763, |x| = 3.176149e-01, |g| = 1.718290e-05
iteration 286, E = -231.812763, |x| = 3.177060e-01, |g| = 1.551494e-05
iteration 287, E = -231.812763, |x| = 3.178714e-01, |g| = 1.532350e-05
iteration 288, E = -231.812763, |x| = 3.180682e-01, |g| = 1.771135e-05
iteration 289, E = -231.812763, |x| = 3.182367e-01, |g| = 2.075885e-05
iteration 290, E = -231.812763, |x| = 3.182908e-01, |g| = 2.057247e-05
iteration 291, E = -231.812763, |x| = 3.181785e-01, |g| = 1.834481e-05
iteration 292, E = -231.812763, |x| = 3.179996e-01, |g| = 1.818887e-05
iteration 293, E = -231.812763, |x| = 3.178233e-01, |g| = 2.160421e-05
iteration 294, E = -231.812763, |x| = 3.177401e-01, |g| = 2.662974e-05
iteration 295, E = -231.812763, |x| = 3.178431e-01, |g| = 2.943498e-05
iteration 296, E = -231.812763, |x| = 3.181961e-01, |g| = 3.079621e-05
iteration 297, E = -231.812763, |x| = 3.187133e-01, |g| = 3.249432e-05
iteration 298, E = -231.812763, |x| = 3.192580e-01, |g| = 3.336868e-05
iteration 299, E = -231.812763, |x| = 3.195302e-01, |g| = 2.912161e-05
iteration 300, E = -231.812763, |x| = 3.194454e-01, |g| = 2.050093e-05
iteration 301, E = -231.812763, |x| = 3.191934e-01, |g| = 1.723577e-05
iteration 302, E = -231.812763, |x| = 3.189621e-01, |g| = 1.980483e-05
iteration 303, E = -231.812763, |x| = 3.187758e-01, |g| = 2.401855e-05
iteration 304, E = -231.812763, |x| = 3.188367e-01, |g| = 2.427860e-05
iteration 305, E = -231.812763, |x| = 3.191375e-01, |g| = 1.656226e-05
iteration 306, E = -231.812763, |x| = 3.194678e-01, |g| = 1.233237e-05
iteration 307, E = -231.812763, |x| = 3.196890e-01, |g| = 1.384988e-05
iteration 308, E = -231.812763, |x| = 3.199156e-01, |g| = 1.829453e-05
iteration 309, E = -231.812763, |x| = 3.200530e-01, |g| = 2.401218e-05
iteration 310, E = -231.812763, |x| = 3.200798e-01, |g| = 2.615504e-05
iteration 311, E = -231.812763, |x| = 3.198762e-01, |g| = 2.537687e-05
iteration 312, E = -231.812763, |x| = 3.196331e-01, |g| = 2.317854e-05
iteration 313, E = -231.812763, |x| = 3.194341e-01, |g| = 2.325910e-05
iteration 314, E = -231.812763, |x| = 3.194889e-01, |g| = 2.541577e-05
iteration 315, E = -231.812763, |x| = 3.197268e-01, |g| = 2.403789e-05
iteration 316, E = -231.812763, |x| = 3.201753e-01, |g| = 2.393855e-05
iteration 317, E = -231.812763, |x| = 3.205783e-01, |g| = 2.591115e-05
iteration 318, E = -231.812763, |x| = 3.209168e-01, |g| = 2.582444e-05
iteration 319, E = -231.812763, |x| = 3.209052e-01, |g| = 2.624808e-05
iteration 320, E = -231.812763, |x| = 3.207788e-01, |g| = 1.927144e-05
iteration 321, E = -231.812763, |x| = 3.204943e-01, |g| = 1.494844e-05
iteration 322, E = -231.812763, |x| = 3.204848e-01, |g| = 1.441679e-05
iteration 323, E = -231.812763, |x| = 3.205186e-01, |g| = 1.132618e-05
iteration 324, E = -231.812763, |x| = 3.207190e-01, |g| = 1.085756e-05
iteration 325, E = -231.812763, |x| = 3.208906e-01, |g| = 1.099390e-05
iteration 326, E = -231.812763, |x| = 3.210075e-01, |g| = 1.155244e-05
iteration 327, E = -231.812763, |x| = 3.209910e-01, |g| = 1.128353e-05
iteration 328, E = -231.812763, |x| = 3.208614e-01, |g| = 1.126045e-05
iteration 329, E = -231.812763, |x| = 3.206855e-01, |g| = 1.297361e-05
iteration 330, E = -231.812763, |x| = 3.205183e-01, |g| = 1.554574e-05
iteration 331, E = -231.812763, |x| = 3.204861e-01, |g| = 1.796182e-05
iteration 332, E = -231.812763, |x| = 3.206418e-01, |g| = 1.626933e-05
iteration 333, E = -231.812763, |x| = 3.209493e-01, |g| = 1.462279e-05
iteration 334, E = -231.812763, |x| = 3.212601e-01, |g| = 1.552062e-05
iteration 335, E = -231.812763, |x| = 3.215110e-01, |g| = 1.728466e-05
iteration 336, E = -231.812763, |x| = 3.215728e-01, |g| = 1.751551e-05
iteration 337, E = -231.812763, |x| = 3.214271e-01, |g| = 1.391520e-05
iteration 338, E = -231.812763, |x| = 3.211889e-01, |g| = 1.183826e-05
iteration 339, E = -231.812763, |x| = 3.210071e-01, |g| = 1.322518e-05
iteration 340, E = -231.812763, |x| = 3.209180e-01, |g| = 1.480890e-05
iteration 341, E = -231.812763, |x| = 3.210022e-01, |g| = 1.410028e-05
iteration 342, E = -231.812763, |x| = 3.212120e-01, |g| = 1.110746e-05
iteration 343, E = -231.812763, |x| = 3.214161e-01, |g| = 1.012275e-05
iteration 344, E = -231.812763, |x| = 3.215506e-01, |g| = 1.134582e-05
iteration 345, E = -231.812763, |x| = 3.215977e-01, |g| = 1.216814e-05
iteration 346, E = -231.812763, |x| = 3.215282e-01, |g| = 1.120145e-05
iteration 347, E = -231.812763, |x| = 3.213999e-01, |g| = 9.804817e-06
iteration 348, E = -231.812763, |x| = 3.212982e-01, |g| = 1.026621e-05
iteration 349, E = -231.812763, |x| = 3.212607e-01, |g| = 1.217786e-05
iteration 350, E = -231.812763, |x| = 3.213157e-01, |g| = 1.404762e-05
iteration 351, E = -231.812763, |x| = 3.214762e-01, |g| = 1.477768e-05
iteration 352, E = -231.812763, |x| = 3.216781e-01, |g| = 1.445363e-05
iteration 353, E = -231.812763, |x| = 3.218162e-01, |g| = 1.408498e-05
iteration 354, E = -231.812763, |x| = 3.218342e-01, |g| = 1.394041e-05
iteration 355, E = -231.812763, |x| = 3.217471e-01, |g| = 1.358757e-05
iteration 356, E = -231.812763, |x| = 3.216162e-01, |g| = 1.309574e-05
iteration 357, E = -231.812763, |x| = 3.215395e-01, |g| = 1.237623e-05
iteration 358, E = -231.812763, |x| = 3.215786e-01, |g| = 1.100665e-05
iteration 359, E = -231.812763, |x| = 3.217078e-01, |g| = 9.834004e-06
iteration 360, E = -231.812763, |x| = 3.218749e-01, |g| = 1.022772e-05
iteration 361, E = -231.812763, |x| = 3.220485e-01, |g| = 1.223002e-05
iteration 362, E = -231.812763, |x| = 3.221692e-01, |g| = 1.383270e-05
iteration 363, E = -231.812763, |x| = 3.221583e-01, |g| = 1.271397e-05
iteration 364, E = -231.812763, |x| = 3.220300e-01, |g| = 1.004581e-05
iteration 365, E = -231.812763, |x| = 3.218867e-01, |g| = 9.643472e-06
iteration 366, E = -231.812763, |x| = 3.217816e-01, |g| = 1.165443e-05
iteration 367, E = -231.812763, |x| = 3.217473e-01, |g| = 1.414956e-05
iteration 368, E = -231.812763, |x| = 3.218389e-01, |g| = 1.511111e-05
iteration 369, E = -231.812763, |x| = 3.220443e-01, |g| = 1.437916e-05
iteration 370, E = -231.812763, |x| = 3.222728e-01, |g| = 1.397301e-05
iteration 371, E = -231.812763, |x| = 3.224166e-01, |g| = 1.386201e-05
iteration 372, E = -231.812763, |x| = 3.224113e-01, |g| = 1.191934e-05
iteration 373, E = -231.812763, |x| = 3.222903e-01, |g| = 9.018158e-06
iteration 374, E = -231.812763, |x| = 3.221648e-01, |g| = 8.234943e-06
iteration 375, E = -231.812763, |x| = 3.220756e-01, |g| = 9.606434e-06
iteration 376, E = -231.812763, |x| = 3.220572e-01, |g| = 1.108459e-05
iteration 377, E = -231.812763, |x| = 3.221450e-01, |g| = 1.010651e-05
iteration 378, E = -231.812763, |x| = 3.222993e-01, |g| = 8.115195e-06
iteration 379, E = -231.812763, |x| = 3.224305e-01, |g| = 8.138591e-06
iteration 380, E = -231.812763, |x| = 3.225383e-01, |g| = 1.017564e-05
iteration 381, E = -231.812763, |x| = 3.226051e-01, |g| = 1.298878e-05
iteration 382, E = -231.812763, |x| = 3.226001e-01, |g| = 1.393521e-05
iteration 383, E = -231.812763, |x| = 3.224995e-01, |g| = 1.283574e-05
iteration 384, E = -231.812763, |x| = 3.223893e-01, |g| = 1.163898e-05
iteration 385, E = -231.812763, |x| = 3.223260e-01, |g| = 1.184032e-05
iteration 386, E = -231.812763, |x| = 3.223645e-01, |g| = 1.266960e-05
iteration 387, E = -231.812763, |x| = 3.224818e-01, |g| = 1.251281e-05
iteration 388, E = -231.812763, |x| = 3.226743e-01, |g| = 1.333537e-05
iteration 389, E = -231.812763, |x| = 3.228555e-01, |g| = 1.523804e-05
iteration 390, E = -231.812763, |x| = 3.229988e-01, |g| = 1.569078e-05
iteration 391, E = -231.812763, |x| = 3.229839e-01, |g| = 1.462334e-05
iteration 392, E = -231.812763, |x| = 3.228992e-01, |g| = 1.055676e-05
iteration 393, E = -231.812763, |x| = 3.227723e-01, |g| = 8.745410e-06
iteration 394, E = -231.812763, |x| = 3.227524e-01, |g| = 8.676935e-06
iteration 395, E = -231.812763, |x| = 3.227671e-01, |g| = 7.086746e-06
iteration 396, E = -231.812763, |x| = 3.228662e-01, |g| = 7.116093e-06
iteration 397, E = -231.812763, |x| = 3.229527e-01, |g| = 7.865849e-06
iteration 398, E = -231.812763, |x| = 3.230509e-01, |g| = 9.225971e-06
iteration 399, E = -231.812763, |x| = 3.230849e-01, |g| = 1.059369e-05
iteration 400, E = -231.812763, |x| = 3.230549e-01, |g| = 1.005276e-05
iteration 401, E = -231.812763, |x| = 3.229589e-01, |g| = 1.013409e-05
iteration 402, E = -231.812763, |x| = 3.228661e-01, |g| = 1.181094e-05
iteration 403, E = -231.812763, |x| = 3.228140e-01, |g| = 1.384588e-05
iteration 404, E = -231.812763, |x| = 3.228822e-01, |g| = 1.370564e-05
iteration 405, E = -231.812763, |x| = 3.230523e-01, |g| = 1.051608e-05
iteration 406, E = -231.812763, |x| = 3.232224e-01, |g| = 8.431414e-06
iteration 407, E = -231.812763, |x| = 3.233271e-01, |g| = 8.457688e-06
iteration 408, E = -231.812763, |x| = 3.233599e-01, |g| = 8.420445e-06
iteration 409, E = -231.812763, |x| = 3.233074e-01, |g| = 7.326043e-06
iteration 410, E = -231.812763, |x| = 3.232162e-01, |g| = 6.521151e-06
iteration 411, E = -231.812763, |x| = 3.231296e-01, |g| = 7.377498e-06
iteration 412, E = -231.812763, |x| = 3.230717e-01, |g| = 9.106661e-06
iteration 413, E = -231.812763, |x| = 3.230889e-01, |g| = 9.437058e-06
iteration 414, E = -231.812763, |x| = 3.231959e-01, |g| = 7.299075e-06
iteration 415, E = -231.812763, |x| = 3.233151e-01, |g| = 5.470050e-06
Fragment 0 local quantum numbers
<N>,<Sz>,<S^2> = 2.000353, 0.000000, 0.010873
Fragment 1 local quantum numbers
<N>,<Sz>,<S^2> = 1.999294, 0.000000, 0.018457
Fragment 2 local quantum numbers
<N>,<Sz>,<S^2> = 2.000353, -0.000000, 0.010874
Whole system quantum numbers
<N>,<Sz>,<S^2> = 6.000000, -0.000000, 0.000000
Density matrix diagonal elements [1.90166333 0.09868951 1.90150993 0.0977844  1.9016677  0.09868512]
CASCI converged
CASCI E = -231.812763050374  E(CI) = -5.84201466522504  S^2 = 0.0000000

******** CASCI flags ********
CAS (3e+3e, 6o), ncore = 19, nvir = 45
natorb = False
canonicalization = True
sorting_mo_energy = False
max_memory 4000 (MB)
******** <class 'mrh.exploratory.unitary_cc.lasuccsd.FCISolver_USCC'> ********
max. cycles = 100
conv_tol = 1e-10
davidson only = False
linear dependence = 1e-14
level shift = 0.001
max iter space = 12
max_memory 4000 MB
nroots = 1
pspace_size = 400
spin = None
LASCI object has 847 degrees of freedom
iteration 0, E = -231.807934, |x| = 1.480104e-01, |g| = 1.273989e-01
iteration 1, E = -231.809943, |x| = 1.441419e-01, |g| = 1.584524e-01
iteration 2, E = -231.811658, |x| = 1.415146e-01, |g| = 6.757512e-02
iteration 3, E = -231.812100, |x| = 1.430461e-01, |g| = 3.790545e-02
iteration 4, E = -231.812322, |x| = 1.539513e-01, |g| = 2.691556e-02
iteration 5, E = -231.812419, |x| = 1.572447e-01, |g| = 1.993715e-02
iteration 6, E = -231.812460, |x| = 1.575126e-01, |g| = 1.226185e-02
iteration 7, E = -231.812482, |x| = 1.577984e-01, |g| = 1.490247e-02
iteration 8, E = -231.812502, |x| = 1.587069e-01, |g| = 1.049818e-02
iteration 9, E = -231.812528, |x| = 1.606072e-01, |g| = 6.802432e-03
iteration 10, E = -231.812545, |x| = 1.653979e-01, |g| = 1.316062e-02
iteration 11, E = -231.812564, |x| = 1.685885e-01, |g| = 7.923040e-03
iteration 12, E = -231.812579, |x| = 1.719602e-01, |g| = 8.374771e-03
iteration 13, E = -231.812583, |x| = 1.739065e-01, |g| = 1.172295e-02
iteration 14, E = -231.812591, |x| = 1.741388e-01, |g| = 9.202274e-03
iteration 15, E = -231.812603, |x| = 1.747162e-01, |g| = 6.091406e-03
iteration 16, E = -231.812617, |x| = 1.767820e-01, |g| = 5.081981e-03
iteration 17, E = -231.812632, |x| = 1.825075e-01, |g| = 9.511667e-03
iteration 18, E = -231.812636, |x| = 1.897068e-01, |g| = 1.285393e-02
iteration 19, E = -231.812644, |x| = 1.905546e-01, |g| = 1.006457e-02
iteration 20, E = -231.812655, |x| = 1.912464e-01, |g| = 6.133028e-03
iteration 21, E = -231.812667, |x| = 1.950455e-01, |g| = 4.070972e-03
iteration 22, E = -231.812670, |x| = 2.002211e-01, |g| = 8.719502e-03
iteration 23, E = -231.812675, |x| = 2.020693e-01, |g| = 7.160426e-03
iteration 24, E = -231.812683, |x| = 2.040231e-01, |g| = 5.944577e-03
iteration 25, E = -231.812693, |x| = 2.066790e-01, |g| = 4.722589e-03
iteration 26, E = -231.812699, |x| = 2.135857e-01, |g| = 9.012491e-03
iteration 27, E = -231.812708, |x| = 2.187815e-01, |g| = 5.672325e-03
iteration 28, E = -231.812715, |x| = 2.225045e-01, |g| = 4.181229e-03
iteration 29, E = -231.812720, |x| = 2.245574e-01, |g| = 5.705584e-03
iteration 30, E = -231.812726, |x| = 2.279306e-01, |g| = 4.609300e-03
iteration 31, E = -231.812729, |x| = 2.342836e-01, |g| = 5.988542e-03
iteration 32, E = -231.812733, |x| = 2.362203e-01, |g| = 3.539055e-03
iteration 33, E = -231.812735, |x| = 2.352418e-01, |g| = 2.866310e-03
iteration 34, E = -231.812737, |x| = 2.354873e-01, |g| = 2.705815e-03
iteration 35, E = -231.812739, |x| = 2.374359e-01, |g| = 2.269437e-03
iteration 36, E = -231.812741, |x| = 2.418686e-01, |g| = 1.539952e-03
iteration 37, E = -231.812741, |x| = 2.436238e-01, |g| = 2.162183e-03
iteration 38, E = -231.812742, |x| = 2.431596e-01, |g| = 1.565332e-03
iteration 39, E = -231.812743, |x| = 2.419904e-01, |g| = 1.316222e-03
iteration 40, E = -231.812743, |x| = 2.421153e-01, |g| = 1.616883e-03
iteration 41, E = -231.812744, |x| = 2.439461e-01, |g| = 2.054462e-03
iteration 42, E = -231.812745, |x| = 2.458615e-01, |g| = 1.060197e-03
iteration 43, E = -231.812745, |x| = 2.467056e-01, |g| = 9.286606e-04
iteration 44, E = -231.812746, |x| = 2.476120e-01, |g| = 1.401115e-03
iteration 45, E = -231.812747, |x| = 2.496411e-01, |g| = 1.624830e-03
iteration 46, E = -231.812749, |x| = 2.529368e-01, |g| = 1.205994e-03
iteration 47, E = -231.812750, |x| = 2.533742e-01, |g| = 8.393559e-04
iteration 48, E = -231.812750, |x| = 2.540976e-01, |g| = 9.266515e-04
iteration 49, E = -231.812751, |x| = 2.555407e-01, |g| = 1.229475e-03
iteration 50, E = -231.812752, |x| = 2.563100e-01, |g| = 9.387354e-04
iteration 51, E = -231.812752, |x| = 2.572571e-01, |g| = 6.975785e-04
iteration 52, E = -231.812753, |x| = 2.595284e-01, |g| = 1.094214e-03
iteration 53, E = -231.812754, |x| = 2.617457e-01, |g| = 1.286373e-03
iteration 54, E = -231.812754, |x| = 2.638582e-01, |g| = 9.286965e-04
iteration 55, E = -231.812755, |x| = 2.651668e-01, |g| = 6.389356e-04
iteration 56, E = -231.812755, |x| = 2.659890e-01, |g| = 8.914566e-04
iteration 57, E = -231.812756, |x| = 2.673044e-01, |g| = 1.110493e-03
iteration 58, E = -231.812757, |x| = 2.693864e-01, |g| = 8.439778e-04
iteration 59, E = -231.812757, |x| = 2.711602e-01, |g| = 5.750237e-04
iteration 60, E = -231.812757, |x| = 2.719509e-01, |g| = 5.619400e-04
iteration 61, E = -231.812757, |x| = 2.726798e-01, |g| = 6.710858e-04
iteration 62, E = -231.812758, |x| = 2.737729e-01, |g| = 5.905870e-04
iteration 63, E = -231.812758, |x| = 2.745450e-01, |g| = 4.441242e-04
iteration 64, E = -231.812758, |x| = 2.750403e-01, |g| = 4.828946e-04
iteration 65, E = -231.812758, |x| = 2.755457e-01, |g| = 5.116082e-04
iteration 66, E = -231.812758, |x| = 2.761403e-01, |g| = 4.315251e-04
iteration 67, E = -231.812759, |x| = 2.766368e-01, |g| = 3.390568e-04
iteration 68, E = -231.812759, |x| = 2.772818e-01, |g| = 3.774059e-04
iteration 69, E = -231.812759, |x| = 2.779069e-01, |g| = 3.775958e-04
iteration 70, E = -231.812759, |x| = 2.781846e-01, |g| = 2.880585e-04
iteration 71, E = -231.812759, |x| = 2.783343e-01, |g| = 2.907149e-04
iteration 72, E = -231.812759, |x| = 2.785650e-01, |g| = 3.628622e-04
iteration 73, E = -231.812759, |x| = 2.789330e-01, |g| = 3.950079e-04
iteration 74, E = -231.812759, |x| = 2.796654e-01, |g| = 3.444056e-04
iteration 75, E = -231.812760, |x| = 2.806399e-01, |g| = 3.054958e-04
iteration 76, E = -231.812760, |x| = 2.813658e-01, |g| = 3.449269e-04
iteration 77, E = -231.812760, |x| = 2.820206e-01, |g| = 3.806201e-04
iteration 78, E = -231.812760, |x| = 2.827493e-01, |g| = 3.886999e-04
iteration 79, E = -231.812760, |x| = 2.833739e-01, |g| = 3.722205e-04
iteration 80, E = -231.812760, |x| = 2.838513e-01, |g| = 3.452737e-04
iteration 81, E = -231.812760, |x| = 2.844700e-01, |g| = 3.014151e-04
iteration 82, E = -231.812761, |x| = 2.851396e-01, |g| = 2.756095e-04
iteration 83, E = -231.812761, |x| = 2.856836e-01, |g| = 2.722164e-04
iteration 84, E = -231.812761, |x| = 2.862668e-01, |g| = 2.663314e-04
iteration 85, E = -231.812761, |x| = 2.866709e-01, |g| = 2.453313e-04
iteration 86, E = -231.812761, |x| = 2.869679e-01, |g| = 2.295370e-04
iteration 87, E = -231.812761, |x| = 2.873423e-01, |g| = 2.231978e-04
iteration 88, E = -231.812761, |x| = 2.876240e-01, |g| = 2.135945e-04
iteration 89, E = -231.812761, |x| = 2.879862e-01, |g| = 2.016594e-04
iteration 90, E = -231.812761, |x| = 2.885050e-01, |g| = 2.047701e-04
iteration 91, E = -231.812761, |x| = 2.888268e-01, |g| = 2.005246e-04
iteration 92, E = -231.812761, |x| = 2.890338e-01, |g| = 1.697495e-04
iteration 93, E = -231.812761, |x| = 2.892051e-01, |g| = 1.670034e-04
iteration 94, E = -231.812761, |x| = 2.893726e-01, |g| = 2.134261e-04
iteration 95, E = -231.812761, |x| = 2.899251e-01, |g| = 2.495821e-04
iteration 96, E = -231.812761, |x| = 2.905343e-01, |g| = 2.045567e-04
iteration 97, E = -231.812761, |x| = 2.911525e-01, |g| = 1.683726e-04
iteration 98, E = -231.812761, |x| = 2.916783e-01, |g| = 1.966555e-04
iteration 99, E = -231.812762, |x| = 2.920642e-01, |g| = 2.130459e-04
iteration 100, E = -231.812762, |x| = 2.923034e-01, |g| = 1.698162e-04
iteration 101, E = -231.812762, |x| = 2.924092e-01, |g| = 1.333007e-04
iteration 102, E = -231.812762, |x| = 2.924857e-01, |g| = 1.466732e-04
iteration 103, E = -231.812762, |x| = 2.927246e-01, |g| = 1.849540e-04
iteration 104, E = -231.812762, |x| = 2.931702e-01, |g| = 1.895849e-04
iteration 105, E = -231.812762, |x| = 2.936375e-01, |g| = 1.710303e-04
iteration 106, E = -231.812762, |x| = 2.940528e-01, |g| = 1.713877e-04
iteration 107, E = -231.812762, |x| = 2.943691e-01, |g| = 1.985482e-04
iteration 108, E = -231.812762, |x| = 2.947703e-01, |g| = 2.257429e-04
iteration 109, E = -231.812762, |x| = 2.952477e-01, |g| = 2.176664e-04
iteration 110, E = -231.812762, |x| = 2.957051e-01, |g| = 1.829951e-04
iteration 111, E = -231.812762, |x| = 2.960762e-01, |g| = 1.628541e-04
iteration 112, E = -231.812762, |x| = 2.965199e-01, |g| = 1.807741e-04
iteration 113, E = -231.812762, |x| = 2.971125e-01, |g| = 1.787747e-04
iteration 114, E = -231.812762, |x| = 2.976966e-01, |g| = 1.517941e-04
iteration 115, E = -231.812762, |x| = 2.982051e-01, |g| = 1.413430e-04
iteration 116, E = -231.812762, |x| = 2.985009e-01, |g| = 1.313721e-04
iteration 117, E = -231.812762, |x| = 2.986180e-01, |g| = 1.026423e-04
iteration 118, E = -231.812762, |x| = 2.987639e-01, |g| = 8.733394e-05
iteration 119, E = -231.812762, |x| = 2.988705e-01, |g| = 9.396169e-05
iteration 120, E = -231.812762, |x| = 2.990549e-01, |g| = 9.899241e-05
iteration 121, E = -231.812762, |x| = 2.992385e-01, |g| = 8.798067e-05
iteration 122, E = -231.812762, |x| = 2.993523e-01, |g| = 8.109207e-05
iteration 123, E = -231.812762, |x| = 2.994903e-01, |g| = 9.352790e-05
iteration 124, E = -231.812762, |x| = 2.996422e-01, |g| = 1.157938e-04
iteration 125, E = -231.812762, |x| = 2.999503e-01, |g| = 1.334461e-04
iteration 126, E = -231.812762, |x| = 3.004881e-01, |g| = 1.374439e-04
iteration 127, E = -231.812762, |x| = 3.009887e-01, |g| = 1.262493e-04
iteration 128, E = -231.812762, |x| = 3.014234e-01, |g| = 1.236654e-04
iteration 129, E = -231.812762, |x| = 3.017911e-01, |g| = 1.374109e-04
iteration 130, E = -231.812762, |x| = 3.022883e-01, |g| = 1.548689e-04
iteration 131, E = -231.812762, |x| = 3.028084e-01, |g| = 1.473696e-04
iteration 132, E = -231.812763, |x| = 3.032837e-01, |g| = 1.109385e-04
iteration 133, E = -231.812763, |x| = 3.034749e-01, |g| = 9.017082e-05
iteration 134, E = -231.812763, |x| = 3.037059e-01, |g| = 8.919670e-05
iteration 135, E = -231.812763, |x| = 3.039739e-01, |g| = 9.080418e-05
iteration 136, E = -231.812763, |x| = 3.041930e-01, |g| = 7.906141e-05
iteration 137, E = -231.812763, |x| = 3.044035e-01, |g| = 6.432891e-05
iteration 138, E = -231.812763, |x| = 3.044599e-01, |g| = 5.969683e-05
iteration 139, E = -231.812763, |x| = 3.045321e-01, |g| = 6.155451e-05
iteration 140, E = -231.812763, |x| = 3.046249e-01, |g| = 6.114293e-05
iteration 141, E = -231.812763, |x| = 3.047257e-01, |g| = 6.084988e-05
iteration 142, E = -231.812763, |x| = 3.049232e-01, |g| = 6.525387e-05
iteration 143, E = -231.812763, |x| = 3.051097e-01, |g| = 6.786113e-05
iteration 144, E = -231.812763, |x| = 3.052949e-01, |g| = 6.610400e-05
iteration 145, E = -231.812763, |x| = 3.054776e-01, |g| = 7.018174e-05
iteration 146, E = -231.812763, |x| = 3.056621e-01, |g| = 8.754435e-05
iteration 147, E = -231.812763, |x| = 3.059491e-01, |g| = 1.075437e-04
iteration 148, E = -231.812763, |x| = 3.062629e-01, |g| = 1.075272e-04
iteration 149, E = -231.812763, |x| = 3.065141e-01, |g| = 8.949747e-05
iteration 150, E = -231.812763, |x| = 3.067441e-01, |g| = 8.476229e-05
iteration 151, E = -231.812763, |x| = 3.069932e-01, |g| = 9.710350e-05
iteration 152, E = -231.812763, |x| = 3.073299e-01, |g| = 9.683511e-05
iteration 153, E = -231.812763, |x| = 3.076629e-01, |g| = 7.071743e-05
iteration 154, E = -231.812763, |x| = 3.077951e-01, |g| = 5.530114e-05
iteration 155, E = -231.812763, |x| = 3.079267e-01, |g| = 6.354714e-05
iteration 156, E = -231.812763, |x| = 3.080488e-01, |g| = 7.781453e-05
iteration 157, E = -231.812763, |x| = 3.081524e-01, |g| = 6.942603e-05
iteration 158, E = -231.812763, |x| = 3.082492e-01, |g| = 4.426516e-05
iteration 159, E = -231.812763, |x| = 3.082378e-01, |g| = 3.605360e-05
iteration 160, E = -231.812763, |x| = 3.082816e-01, |g| = 4.386284e-05
iteration 161, E = -231.812763, |x| = 3.083649e-01, |g| = 5.351062e-05
iteration 162, E = -231.812763, |x| = 3.085123e-01, |g| = 5.632193e-05
iteration 163, E = -231.812763, |x| = 3.087108e-01, |g| = 5.389496e-05
iteration 164, E = -231.812763, |x| = 3.088958e-01, |g| = 6.135148e-05
iteration 165, E = -231.812763, |x| = 3.091454e-01, |g| = 7.885439e-05
iteration 166, E = -231.812763, |x| = 3.094231e-01, |g| = 9.160467e-05
iteration 167, E = -231.812763, |x| = 3.096999e-01, |g| = 8.903036e-05
iteration 168, E = -231.812763, |x| = 3.099702e-01, |g| = 7.933356e-05
iteration 169, E = -231.812763, |x| = 3.101433e-01, |g| = 7.822615e-05
iteration 170, E = -231.812763, |x| = 3.103576e-01, |g| = 7.676103e-05
iteration 171, E = -231.812763, |x| = 3.105594e-01, |g| = 6.685507e-05
iteration 172, E = -231.812763, |x| = 3.107527e-01, |g| = 5.766950e-05
iteration 173, E = -231.812763, |x| = 3.110059e-01, |g| = 5.701619e-05
iteration 174, E = -231.812763, |x| = 3.111356e-01, |g| = 5.090672e-05
iteration 175, E = -231.812763, |x| = 3.112456e-01, |g| = 3.535950e-05
iteration 176, E = -231.812763, |x| = 3.112192e-01, |g| = 2.827176e-05
iteration 177, E = -231.812763, |x| = 3.112031e-01, |g| = 3.161538e-05
iteration 178, E = -231.812763, |x| = 3.112183e-01, |g| = 3.712231e-05
iteration 179, E = -231.812763, |x| = 3.112435e-01, |g| = 3.564792e-05
iteration 180, E = -231.812763, |x| = 3.113599e-01, |g| = 3.070908e-05
iteration 181, E = -231.812763, |x| = 3.114563e-01, |g| = 3.288364e-05
iteration 182, E = -231.812763, |x| = 3.115772e-01, |g| = 4.088001e-05
iteration 183, E = -231.812763, |x| = 3.117223e-01, |g| = 4.538682e-05
iteration 184, E = -231.812763, |x| = 3.117704e-01, |g| = 4.083051e-05
iteration 185, E = -231.812763, |x| = 3.118312e-01, |g| = 3.615963e-05
iteration 186, E = -231.812763, |x| = 3.117883e-01, |g| = 4.042089e-05
iteration 187, E = -231.812763, |x| = 3.118413e-01, |g| = 4.870849e-05
iteration 188, E = -231.812763, |x| = 3.119011e-01, |g| = 5.439662e-05
iteration 189, E = -231.812763, |x| = 3.121075e-01, |g| = 5.617995e-05
iteration 190, E = -231.812763, |x| = 3.123811e-01, |g| = 5.613005e-05
iteration 191, E = -231.812763, |x| = 3.126258e-01, |g| = 5.232538e-05
iteration 192, E = -231.812763, |x| = 3.128170e-01, |g| = 4.158167e-05
iteration 193, E = -231.812763, |x| = 3.127955e-01, |g| = 3.150608e-05
iteration 194, E = -231.812763, |x| = 3.128230e-01, |g| = 2.895854e-05
iteration 195, E = -231.812763, |x| = 3.127955e-01, |g| = 3.050807e-05
iteration 196, E = -231.812763, |x| = 3.128495e-01, |g| = 2.754781e-05
iteration 197, E = -231.812763, |x| = 3.129342e-01, |g| = 2.124067e-05
iteration 198, E = -231.812763, |x| = 3.129935e-01, |g| = 1.964602e-05
iteration 199, E = -231.812763, |x| = 3.130734e-01, |g| = 2.252818e-05
iteration 200, E = -231.812763, |x| = 3.130908e-01, |g| = 2.419330e-05
iteration 201, E = -231.812763, |x| = 3.130982e-01, |g| = 2.087764e-05
iteration 202, E = -231.812763, |x| = 3.130497e-01, |g| = 1.915020e-05
iteration 203, E = -231.812763, |x| = 3.130220e-01, |g| = 2.284467e-05
iteration 204, E = -231.812763, |x| = 3.130165e-01, |g| = 2.925297e-05
iteration 205, E = -231.812763, |x| = 3.130632e-01, |g| = 3.252944e-05
iteration 206, E = -231.812763, |x| = 3.132112e-01, |g| = 3.046019e-05
iteration 207, E = -231.812763, |x| = 3.133636e-01, |g| = 2.915151e-05
iteration 208, E = -231.812763, |x| = 3.135442e-01, |g| = 3.367826e-05
iteration 209, E = -231.812763, |x| = 3.136954e-01, |g| = 4.002715e-05
iteration 210, E = -231.812763, |x| = 3.138173e-01, |g| = 4.217791e-05
iteration 211, E = -231.812763, |x| = 3.138847e-01, |g| = 3.897377e-05
iteration 212, E = -231.812763, |x| = 3.138706e-01, |g| = 3.645994e-05
iteration 213, E = -231.812763, |x| = 3.139138e-01, |g| = 3.511731e-05
iteration 214, E = -231.812763, |x| = 3.139385e-01, |g| = 2.913713e-05
iteration 215, E = -231.812763, |x| = 3.140606e-01, |g| = 2.215803e-05
iteration 216, E = -231.812763, |x| = 3.141115e-01, |g| = 1.906197e-05
iteration 217, E = -231.812763, |x| = 3.141770e-01, |g| = 1.885615e-05
iteration 218, E = -231.812763, |x| = 3.141638e-01, |g| = 1.878995e-05
iteration 219, E = -231.812763, |x| = 3.141480e-01, |g| = 1.802400e-05
iteration 220, E = -231.812763, |x| = 3.140907e-01, |g| = 1.936456e-05
iteration 221, E = -231.812763, |x| = 3.140741e-01, |g| = 2.271730e-05
iteration 222, E = -231.812763, |x| = 3.140800e-01, |g| = 2.574143e-05
iteration 223, E = -231.812763, |x| = 3.141732e-01, |g| = 2.838299e-05
iteration 224, E = -231.812763, |x| = 3.143160e-01, |g| = 3.179118e-05
iteration 225, E = -231.812763, |x| = 3.145174e-01, |g| = 3.655008e-05
iteration 226, E = -231.812763, |x| = 3.146899e-01, |g| = 3.840242e-05
iteration 227, E = -231.812763, |x| = 3.147548e-01, |g| = 3.413191e-05
iteration 228, E = -231.812763, |x| = 3.147185e-01, |g| = 2.968605e-05
iteration 229, E = -231.812763, |x| = 3.146183e-01, |g| = 3.196265e-05
iteration 230, E = -231.812763, |x| = 3.145632e-01, |g| = 3.931216e-05
iteration 231, E = -231.812763, |x| = 3.145685e-01, |g| = 4.272559e-05
iteration 232, E = -231.812763, |x| = 3.147710e-01, |g| = 3.546622e-05
iteration 233, E = -231.812763, |x| = 3.149729e-01, |g| = 2.455766e-05
iteration 234, E = -231.812763, |x| = 3.151443e-01, |g| = 2.193571e-05
iteration 235, E = -231.812763, |x| = 3.152155e-01, |g| = 2.328110e-05
iteration 236, E = -231.812763, |x| = 3.152469e-01, |g| = 2.307002e-05
iteration 237, E = -231.812763, |x| = 3.151859e-01, |g| = 2.160955e-05
iteration 238, E = -231.812763, |x| = 3.151225e-01, |g| = 2.122844e-05
iteration 239, E = -231.812763, |x| = 3.150738e-01, |g| = 2.247440e-05
iteration 240, E = -231.812763, |x| = 3.150993e-01, |g| = 2.319211e-05
iteration 241, E = -231.812763, |x| = 3.151996e-01, |g| = 2.260461e-05
iteration 242, E = -231.812763, |x| = 3.153486e-01, |g| = 2.303886e-05
iteration 243, E = -231.812763, |x| = 3.155129e-01, |g| = 2.547973e-05
iteration 244, E = -231.812763, |x| = 3.156484e-01, |g| = 2.843488e-05
iteration 245, E = -231.812763, |x| = 3.157380e-01, |g| = 2.999096e-05
iteration 246, E = -231.812763, |x| = 3.157511e-01, |g| = 3.127420e-05
iteration 247, E = -231.812763, |x| = 3.157496e-01, |g| = 3.294875e-05
iteration 248, E = -231.812763, |x| = 3.157591e-01, |g| = 3.311384e-05
iteration 249, E = -231.812763, |x| = 3.158623e-01, |g| = 3.043976e-05
iteration 250, E = -231.812763, |x| = 3.160016e-01, |g| = 2.708368e-05
iteration 251, E = -231.812763, |x| = 3.161759e-01, |g| = 2.682803e-05
iteration 252, E = -231.812763, |x| = 3.162925e-01, |g| = 2.749717e-05
iteration 253, E = -231.812763, |x| = 3.163432e-01, |g| = 2.409331e-05
iteration 254, E = -231.812763, |x| = 3.162675e-01, |g| = 1.977833e-05
iteration 255, E = -231.812763, |x| = 3.161895e-01, |g| = 1.849753e-05
iteration 256, E = -231.812763, |x| = 3.160999e-01, |g| = 2.035014e-05
iteration 257, E = -231.812763, |x| = 3.160965e-01, |g| = 2.244884e-05
iteration 258, E = -231.812763, |x| = 3.161609e-01, |g| = 2.107142e-05
iteration 259, E = -231.812763, |x| = 3.163292e-01, |g| = 2.141090e-05
iteration 260, E = -231.812763, |x| = 3.165184e-01, |g| = 2.570904e-05
iteration 261, E = -231.812763, |x| = 3.167749e-01, |g| = 3.184696e-05
iteration 262, E = -231.812763, |x| = 3.169564e-01, |g| = 3.406731e-05
iteration 263, E = -231.812763, |x| = 3.169982e-01, |g| = 2.570387e-05
iteration 264, E = -231.812763, |x| = 3.168651e-01, |g| = 1.896253e-05
iteration 265, E = -231.812763, |x| = 3.167582e-01, |g| = 1.831069e-05
iteration 266, E = -231.812763, |x| = 3.166729e-01, |g| = 1.876364e-05
iteration 267, E = -231.812763, |x| = 3.167149e-01, |g| = 1.709326e-05
iteration 268, E = -231.812763, |x| = 3.168219e-01, |g| = 1.338776e-05
iteration 269, E = -231.812763, |x| = 3.169653e-01, |g| = 1.377156e-05
iteration 270, E = -231.812763, |x| = 3.171038e-01, |g| = 1.743853e-05
iteration 271, E = -231.812763, |x| = 3.172439e-01, |g| = 2.050537e-05
iteration 272, E = -231.812763, |x| = 3.172770e-01, |g| = 1.986821e-05
iteration 273, E = -231.812763, |x| = 3.172061e-01, |g| = 1.577049e-05
iteration 274, E = -231.812763, |x| = 3.170878e-01, |g| = 1.505535e-05
iteration 275, E = -231.812763, |x| = 3.170009e-01, |g| = 1.753460e-05
iteration 276, E = -231.812763, |x| = 3.169760e-01, |g| = 1.988795e-05
iteration 277, E = -231.812763, |x| = 3.170764e-01, |g| = 2.059157e-05
iteration 278, E = -231.812763, |x| = 3.172773e-01, |g| = 2.112179e-05
iteration 279, E = -231.812763, |x| = 3.175401e-01, |g| = 2.450037e-05
iteration 280, E = -231.812763, |x| = 3.178119e-01, |g| = 2.958528e-05
iteration 281, E = -231.812763, |x| = 3.179926e-01, |g| = 3.127170e-05
iteration 282, E = -231.812763, |x| = 3.179682e-01, |g| = 2.662730e-05
iteration 283, E = -231.812763, |x| = 3.177994e-01, |g| = 2.079203e-05
iteration 284, E = -231.812763, |x| = 3.176529e-01, |g| = 1.853364e-05
iteration 285, E = -231.812763, |x| = 3.176149e-01, |g| = 1.718289e-05
iteration 286, E = -231.812763, |x| = 3.177060e-01, |g| = 1.551492e-05
iteration 287, E = -231.812763, |x| = 3.178714e-01, |g| = 1.532351e-05
iteration 288, E = -231.812763, |x| = 3.180682e-01, |g| = 1.771138e-05
iteration 289, E = -231.812763, |x| = 3.182367e-01, |g| = 2.075887e-05
iteration 290, E = -231.812763, |x| = 3.182908e-01, |g| = 2.057244e-05
iteration 291, E = -231.812763, |x| = 3.181785e-01, |g| = 1.834479e-05
iteration 292, E = -231.812763, |x| = 3.179996e-01, |g| = 1.818890e-05
iteration 293, E = -231.812763, |x| = 3.178233e-01, |g| = 2.160426e-05
iteration 294, E = -231.812763, |x| = 3.177401e-01, |g| = 2.662977e-05
iteration 295, E = -231.812763, |x| = 3.178431e-01, |g| = 2.943496e-05
iteration 296, E = -231.812763, |x| = 3.181961e-01, |g| = 3.079620e-05
iteration 297, E = -231.812763, |x| = 3.187133e-01, |g| = 3.249435e-05
iteration 298, E = -231.812763, |x| = 3.192580e-01, |g| = 3.336870e-05
iteration 299, E = -231.812763, |x| = 3.195302e-01, |g| = 2.912156e-05
iteration 300, E = -231.812763, |x| = 3.194454e-01, |g| = 2.050087e-05
iteration 301, E = -231.812763, |x| = 3.191934e-01, |g| = 1.723576e-05
iteration 302, E = -231.812763, |x| = 3.189621e-01, |g| = 1.980489e-05
iteration 303, E = -231.812763, |x| = 3.187758e-01, |g| = 2.401858e-05
iteration 304, E = -231.812763, |x| = 3.188367e-01, |g| = 2.427857e-05
iteration 305, E = -231.812763, |x| = 3.191375e-01, |g| = 1.656219e-05
iteration 306, E = -231.812763, |x| = 3.194678e-01, |g| = 1.233237e-05
iteration 307, E = -231.812763, |x| = 3.196890e-01, |g| = 1.384992e-05
iteration 308, E = -231.812763, |x| = 3.199156e-01, |g| = 1.829458e-05
iteration 309, E = -231.812763, |x| = 3.200531e-01, |g| = 2.401265e-05
iteration 310, E = -231.812763, |x| = 3.200798e-01, |g| = 2.615440e-05
iteration 311, E = -231.812763, |x| = 3.198762e-01, |g| = 2.537666e-05
iteration 312, E = -231.812763, |x| = 3.196331e-01, |g| = 2.317863e-05
iteration 313, E = -231.812763, |x| = 3.194341e-01, |g| = 2.325923e-05
iteration 314, E = -231.812763, |x| = 3.194889e-01, |g| = 2.541582e-05
iteration 315, E = -231.812763, |x| = 3.197268e-01, |g| = 2.403796e-05
iteration 316, E = -231.812763, |x| = 3.201753e-01, |g| = 2.393854e-05
iteration 317, E = -231.812763, |x| = 3.205782e-01, |g| = 2.591105e-05
iteration 318, E = -231.812763, |x| = 3.209167e-01, |g| = 2.582454e-05
iteration 319, E = -231.812763, |x| = 3.209052e-01, |g| = 2.624823e-05
iteration 320, E = -231.812763, |x| = 3.207788e-01, |g| = 1.927159e-05
iteration 321, E = -231.812763, |x| = 3.204944e-01, |g| = 1.494856e-05
iteration 322, E = -231.812763, |x| = 3.204848e-01, |g| = 1.441688e-05
iteration 323, E = -231.812763, |x| = 3.205186e-01, |g| = 1.132621e-05
iteration 324, E = -231.812763, |x| = 3.207190e-01, |g| = 1.085761e-05
iteration 325, E = -231.812763, |x| = 3.208905e-01, |g| = 1.099390e-05
iteration 326, E = -231.812763, |x| = 3.210074e-01, |g| = 1.155244e-05
iteration 327, E = -231.812763, |x| = 3.209910e-01, |g| = 1.128356e-05
iteration 328, E = -231.812763, |x| = 3.208615e-01, |g| = 1.126044e-05
iteration 329, E = -231.812763, |x| = 3.206855e-01, |g| = 1.297353e-05
iteration 330, E = -231.812763, |x| = 3.205183e-01, |g| = 1.554567e-05
iteration 331, E = -231.812763, |x| = 3.204861e-01, |g| = 1.796185e-05
iteration 332, E = -231.812763, |x| = 3.206418e-01, |g| = 1.626942e-05
iteration 333, E = -231.812763, |x| = 3.209493e-01, |g| = 1.462282e-05
iteration 334, E = -231.812763, |x| = 3.212601e-01, |g| = 1.552056e-05
iteration 335, E = -231.812763, |x| = 3.215110e-01, |g| = 1.728462e-05
iteration 336, E = -231.812763, |x| = 3.215728e-01, |g| = 1.751560e-05
iteration 337, E = -231.812763, |x| = 3.214271e-01, |g| = 1.391532e-05
iteration 338, E = -231.812763, |x| = 3.211889e-01, |g| = 1.183826e-05
iteration 339, E = -231.812763, |x| = 3.210071e-01, |g| = 1.322511e-05
iteration 340, E = -231.812763, |x| = 3.209180e-01, |g| = 1.480886e-05
iteration 341, E = -231.812763, |x| = 3.210022e-01, |g| = 1.410037e-05
iteration 342, E = -231.812763, |x| = 3.212120e-01, |g| = 1.110754e-05
iteration 343, E = -231.812763, |x| = 3.214161e-01, |g| = 1.012273e-05
iteration 344, E = -231.812763, |x| = 3.215506e-01, |g| = 1.134577e-05
iteration 345, E = -231.812763, |x| = 3.215977e-01, |g| = 1.216813e-05
iteration 346, E = -231.812763, |x| = 3.215282e-01, |g| = 1.120152e-05
iteration 347, E = -231.812763, |x| = 3.213999e-01, |g| = 9.804846e-06
iteration 348, E = -231.812763, |x| = 3.212982e-01, |g| = 1.026615e-05
iteration 349, E = -231.812763, |x| = 3.212607e-01, |g| = 1.217778e-05
iteration 350, E = -231.812763, |x| = 3.213156e-01, |g| = 1.404756e-05
iteration 351, E = -231.812763, |x| = 3.214762e-01, |g| = 1.477769e-05
iteration 352, E = -231.812763, |x| = 3.216781e-01, |g| = 1.445365e-05
iteration 353, E = -231.812763, |x| = 3.218162e-01, |g| = 1.408497e-05
iteration 354, E = -231.812763, |x| = 3.218342e-01, |g| = 1.394040e-05
iteration 355, E = -231.812763, |x| = 3.217471e-01, |g| = 1.358757e-05
iteration 356, E = -231.812763, |x| = 3.216163e-01, |g| = 1.309575e-05
iteration 357, E = -231.812763, |x| = 3.215395e-01, |g| = 1.237625e-05
iteration 358, E = -231.812763, |x| = 3.215786e-01, |g| = 1.100668e-05
iteration 359, E = -231.812763, |x| = 3.217078e-01, |g| = 9.834023e-06
iteration 360, E = -231.812763, |x| = 3.218749e-01, |g| = 1.022767e-05
iteration 361, E = -231.812763, |x| = 3.220485e-01, |g| = 1.222993e-05
iteration 362, E = -231.812763, |x| = 3.221692e-01, |g| = 1.383266e-05
iteration 363, E = -231.812763, |x| = 3.221583e-01, |g| = 1.271405e-05
iteration 364, E = -231.812763, |x| = 3.220300e-01, |g| = 1.004589e-05
iteration 365, E = -231.812763, |x| = 3.218867e-01, |g| = 9.643434e-06
iteration 366, E = -231.812763, |x| = 3.217816e-01, |g| = 1.165432e-05
iteration 367, E = -231.812763, |x| = 3.217473e-01, |g| = 1.414948e-05
iteration 368, E = -231.812763, |x| = 3.218389e-01, |g| = 1.511112e-05
iteration 369, E = -231.812763, |x| = 3.220443e-01, |g| = 1.437920e-05
iteration 370, E = -231.812763, |x| = 3.222728e-01, |g| = 1.397299e-05
iteration 371, E = -231.812763, |x| = 3.224166e-01, |g| = 1.386200e-05
iteration 372, E = -231.812763, |x| = 3.224114e-01, |g| = 1.191943e-05
iteration 373, E = -231.812763, |x| = 3.222903e-01, |g| = 9.018239e-06
iteration 374, E = -231.812763, |x| = 3.221648e-01, |g| = 8.234911e-06
iteration 375, E = -231.812763, |x| = 3.220756e-01, |g| = 9.606349e-06
iteration 376, E = -231.812763, |x| = 3.220572e-01, |g| = 1.108454e-05
iteration 377, E = -231.812763, |x| = 3.221450e-01, |g| = 1.010660e-05
iteration 378, E = -231.812763, |x| = 3.222993e-01, |g| = 8.115250e-06
iteration 379, E = -231.812763, |x| = 3.224305e-01, |g| = 8.138531e-06
iteration 380, E = -231.812763, |x| = 3.225383e-01, |g| = 1.017554e-05
iteration 381, E = -231.812763, |x| = 3.226051e-01, |g| = 1.298951e-05
iteration 382, E = -231.812763, |x| = 3.226001e-01, |g| = 1.393526e-05
iteration 383, E = -231.812763, |x| = 3.224995e-01, |g| = 1.283542e-05
iteration 384, E = -231.812763, |x| = 3.223893e-01, |g| = 1.163895e-05
iteration 385, E = -231.812763, |x| = 3.223260e-01, |g| = 1.184047e-05
iteration 386, E = -231.812763, |x| = 3.223645e-01, |g| = 1.266964e-05
iteration 387, E = -231.812763, |x| = 3.224818e-01, |g| = 1.251281e-05
iteration 388, E = -231.812763, |x| = 3.226743e-01, |g| = 1.333542e-05
iteration 389, E = -231.812763, |x| = 3.228555e-01, |g| = 1.523821e-05
iteration 390, E = -231.812763, |x| = 3.229988e-01, |g| = 1.569083e-05
iteration 391, E = -231.812763, |x| = 3.229839e-01, |g| = 1.462310e-05
iteration 392, E = -231.812763, |x| = 3.228992e-01, |g| = 1.055658e-05
iteration 393, E = -231.812763, |x| = 3.227723e-01, |g| = 8.745351e-06
iteration 394, E = -231.812763, |x| = 3.227524e-01, |g| = 8.676936e-06
iteration 395, E = -231.812763, |x| = 3.227671e-01, |g| = 7.086675e-06
iteration 396, E = -231.812763, |x| = 3.228663e-01, |g| = 7.116080e-06
iteration 397, E = -231.812763, |x| = 3.229527e-01, |g| = 7.865976e-06
iteration 398, E = -231.812763, |x| = 3.230509e-01, |g| = 9.226078e-06
iteration 399, E = -231.812763, |x| = 3.230849e-01, |g| = 1.059372e-05
iteration 400, E = -231.812763, |x| = 3.230548e-01, |g| = 1.005268e-05
iteration 401, E = -231.812763, |x| = 3.229589e-01, |g| = 1.013413e-05
iteration 402, E = -231.812763, |x| = 3.228661e-01, |g| = 1.181114e-05
iteration 403, E = -231.812763, |x| = 3.228140e-01, |g| = 1.384601e-05
iteration 404, E = -231.812763, |x| = 3.228822e-01, |g| = 1.370550e-05
iteration 405, E = -231.812763, |x| = 3.230523e-01, |g| = 1.051584e-05
iteration 406, E = -231.812763, |x| = 3.232224e-01, |g| = 8.431386e-06
iteration 407, E = -231.812763, |x| = 3.233271e-01, |g| = 8.457764e-06
iteration 408, E = -231.812763, |x| = 3.233599e-01, |g| = 8.420425e-06
iteration 409, E = -231.812763, |x| = 3.233074e-01, |g| = 7.325945e-06
iteration 410, E = -231.812763, |x| = 3.232161e-01, |g| = 6.521153e-06
iteration 411, E = -231.812763, |x| = 3.231296e-01, |g| = 7.377630e-06
iteration 412, E = -231.812763, |x| = 3.230717e-01, |g| = 9.106817e-06
iteration 413, E = -231.812763, |x| = 3.230889e-01, |g| = 9.437019e-06
iteration 414, E = -231.812763, |x| = 3.231959e-01, |g| = 7.298910e-06
iteration 415, E = -231.812763, |x| = 3.233151e-01, |g| = 5.470019e-06
Fragment 0 local quantum numbers
<N>,<Sz>,<S^2> = 2.000353, 0.000000, 0.010873
Fragment 1 local quantum numbers
<N>,<Sz>,<S^2> = 1.999294, 0.000000, 0.018457
Fragment 2 local quantum numbers
<N>,<Sz>,<S^2> = 2.000353, -0.000000, 0.010874
Whole system quantum numbers
<N>,<Sz>,<S^2> = 6.000000, -0.000000, 0.000000
Density matrix diagonal elements [1.90166333 0.09868951 1.90150993 0.0977844  1.9016677  0.09868512]
CASCI converged
CASCI E = -231.812763050374  E(CI) = -5.84201466522501  S^2 = 0.0000000
