#INFO: **** input file is /project/lgagliardi/tuy/qchem/las-uscc-noci/working/polyene/c8_631g.py ****
# test the distribution of the nearest neighbor excitations

import numpy as np
import pyscf
from pyscf import gto, scf, lib, mcscf
from mrh.my_pyscf.mcscf.lasscf_o0 import LASSCF
from mrh.exploratory.unitary_cc import lasuccsd
from mrh.exploratory.unitary_cc.uccsd_sym0 import get_uccsd_op
from mrh.exploratory.citools import grad, lasci_ominus1
from mrh.exploratory.citools import fockspace


from typing import Iterable, Union
from typing import Dict, List, Any, TypedDict
import copy
import pickle
from enum import Enum
from scipy.linalg import eigh
from scipy import optimize
import sys

VERBOSE = 0
result = {}

if len(sys.argv) > 1:
    try:
        AMPLITUDE = float(sys.argv[1])
        print(f"Using AMPLITUDE argument: {AMPLITUDE}")
    except ValueError:
        print("Invalid AMPLITUDE argument, using default value 1.")
        AMPLITUDE = 1
else:
    AMPLITUDE = 1

def flatten(seq: Iterable) -> list:
    result = []
    for item in seq:
        if isinstance(item, (list, tuple, np.ndarray)):
            result.extend(flatten(item))
        else:
            result.append(item)
    return result


def cilas2f(lasci, norb_f, nelec_f):
    ''' nelec (na, nb)'''
    ci_f = []
    for i, ci in enumerate(lasci):
        ci_f.append(fockspace.hilbert2fock(ci, norb_f[i], nelec_f[i])[0])
    return ci_f

class MolConfig(TypedDict):
    # basic
    name : str
    xyz: str
    basis: str
    ncas: List[int]
    nelecas: List[int]
    spinsub: List[int]
    frag_atom_list: Any  # Can be List or Tuple depending on usage
    frag_spin_orb: Any
    adj: List[List[int]]

class TestConfig(TypedDict):
    epsilon: float
    # nearest neighbor parameters
    factor: None
    nn: bool
    # non-orthogonal configuration interaction parameters
    init_method: str # 'random' or 'uscc_opt' or 'load x'
    # max_nx: int  # max number of excitations per configuration
    # min_nc: int
    # test choices
    grad_test: bool
    noci_test: bool  
    frozen: str

def get_Sij(psi_i, psi_j, h):
    """Compute the overlap Sij = <psi_i|psi_j>."""
    ucj, _ = psi_j.hc_x(psi_j.x, h)[1:3]
    uci, _ = psi_i.hc_x(psi_i.x, h)[1:3]
    ucj, uci = ucj.ravel(), uci.ravel()
    Sij = uci.conj().dot(ucj)
    return Sij


def get_Sij_Hij(psi_i, psi_j, h):
    ucj, hucj = psi_j.hc_x (psi_j.x, h)[1:3]
    uci, huci = psi_i.hc_x (psi_i.x, h)[1:3]
    ucj, hucj = ucj.ravel (), hucj.ravel ()
    uci = uci.ravel ()
    Sij = uci.conj ().dot (ucj)
    Hij = uci.conj ().dot (hucj)
    return Sij, Hij


def arr_split(arr, n):
    """Split an array into n nearly equal parts."""
    k, m = divmod(len(arr), n)
    return list(arr[i * k + min(i, m):(i + 1) * k + min(i + 1, m)] for i in range(n))

def print_matrix(mat):
    for row in mat:
        print("  ".join(f"{x:.17f}" for x in row))

def zip_excitations(a_idxs, i_idxs):
    excitations = []
    for a, i in zip(a_idxs, i_idxs):
        excitations.append((tuple(i), tuple(a[::-1])))
    return excitations

def print_excitations(a_idxs, i_idxs):
    excitations = zip_excitations(a_idxs, i_idxs)
    for excitation in excitations:
        print([[int(x) for x in flatten(excitation)]])


def nci_test(a_idxs_selected, i_idxs_selected, test_config, mol_config, mol,las, mc_uscc, mf):

    nc = len(a_idxs_selected) + 1
    # we create ci for each excitation
    if VERBOSE >= 1:
        print("Number of CIs: ", nc)

    h1eff,e_core= mc_uscc.get_h1eff(mc_uscc.mo_coeff)
    h2eff = mc_uscc.get_h2eff()

    las_ucc_trial_cis = []
    
    min_ci_eng = 99999.9
    amps = []
    for i in range(nc):
        if( i == nc -1):
            amplitude = 0 # the last one is the reference state
        else:
            amplitude = AMPLITUDE # we should try different amplitudes

        mc_uscc_ci = mcscf.CASCI(mf, sum(mol_config['ncas']), sum(mol_config['nelecas']))
        mc_uscc_ci.mo_coeff = las.mo_coeff
        mc_uscc_ci.fcisolver = lasuccsd.FCISolver_USCC(mol, a_idxs_selected, i_idxs_selected)
        mc_uscc_ci.fcisolver.norb_f = mol_config['ncas']
        fci = mc_uscc_ci.fcisolver
        las_ci0_f = cilas2f(las.ci, mol_config['ncas'], mol_config['nelecas'])

        norb = sum(mol_config['ncas']) # not sure about this
        nelec = sum(mol_config['nelecas']) # not sure about this
        norb_f = getattr (fci, 'norb_f', [norb])
        psi =  getattr (fci, 'psi', fci.build_psi (las_ci0_f, norb, norb_f, nelec, frozen=test_config['frozen']))
        
        if i < nc - 1:
            psi.x[psi.nconstr + i] = amplitude
            amps.append(amplitude)

        energy = psi.energy_tot(psi.x, [e_core, h1eff, h2eff])
        if energy < min_ci_eng:
            min_ci_eng = energy

        las_ucc_trial_cis.append(psi)
        
    result['amps'] = amps
    S = np.zeros((nc, nc), dtype=np.complex128)
    H = np.zeros((nc, nc), dtype=np.complex128)
    h = [e_core, h1eff, h2eff]


    # Build S matrix incrementally, discarding linearly dependent CIs
    selected_indices = []
    S_inc = np.zeros((0, 0), dtype=np.complex128)
    threshold = 1e5  # You can adjust this threshold as needed

    for idx, psi in enumerate(las_ucc_trial_cis):
        # Build S matrix for current selection + this CI
        n_sel = len(selected_indices)
        S_new = np.zeros((n_sel + 1, n_sel + 1), dtype=np.complex128)
        # Fill previous block
        if n_sel > 0:
            S_new[:n_sel, :n_sel] = S_inc
            for j, jidx in enumerate(selected_indices):
                S_new[n_sel, j] = get_Sij(psi, las_ucc_trial_cis[jidx], h)
                S_new[j, n_sel] = get_Sij(las_ucc_trial_cis[jidx], psi, h)
        # Diagonal element
        S_new[n_sel, n_sel] = get_Sij(psi, psi, h)
        # Check condition number
        cond = np.linalg.cond(S_new)
        if cond < threshold:
            selected_indices.append(idx)
            S_inc = S_new
        else:
            if VERBOSE >= 1:
                print(f"Discarding CI {idx} due to linear dependence (cond={cond:.2e})")

    # Now, only keep selected CIs for S and H
    nc_sel = len(selected_indices)
    S = np.zeros((nc_sel, nc_sel), dtype=np.complex128)
    H = np.zeros((nc_sel, nc_sel), dtype=np.complex128)
    for i, idx_i in enumerate(selected_indices):
        for j, idx_j in enumerate(selected_indices):
            S[i, j], H[i, j] = get_Sij_Hij(las_ucc_trial_cis[idx_i], las_ucc_trial_cis[idx_j], h)

    if VERBOSE >= 0:
        print(f"Selected {nc_sel} CIs out of {nc} total CIs")
        print("Condition number of S matrix: ", np.linalg.cond(S))

    if VERBOSE >= 1:
        print("S matrix:")
        print_matrix(S)
        print("H matrix:")
        print_matrix(H)

    # print("min_ci_eng: ", min_ci_eng)
    eigvals, eigvecs = eigh(H, S)
    return eigvals[0], eigvecs[0], min_ci_eng   # Take the lowest eigenvalue as the energy



def test(mol_config, test_config, las, mol, mf):

    eps = test_config['epsilon']
    # if test_config['factor'] is not None: # if there is factor then use factor to select epsilon
    #     all_g_, g_sel_, a_idxs_all_, i_idxs_all_ = grad.get_grad_exact(las, 0)
    #     sortg = np.sort(abs(all_g_))
    #     n = len(all_g_)
    #     thre_idx = int(np.floor(test_config['factor'] * n))
    #     eps= sortg[-thre_idx]
    if test_config['factor'] is not None: # if there is factor then use factor to select epsilon
        g, gs, all_gen_indices_a, all_gen_indices_i = grad.get_grad_exact(las, epsilon=0.0)
        sortg = np.sort(abs(g))
        n = len(g)
        eps = sortg[ int(np.floor((test_config['factor'] *n)))]

    all_g, g_sel, a_idxs_selected_all, i_idxs_selected_all = grad.get_grad_exact(las, eps)

    # if test_config['grad_test']:
    #     result['all_g'] = all_g
    result['all_g'] = all_g
    result['g_sel'] = g_sel

    a_idxs_selected_nn = []
    i_idxs_selected_nn = []
    
    nn_g = []
    if(test_config['nn']):
        nn_g, a_idxs_selected_nn, i_idxs_selected_nn = get_nn_excitations(a_idxs_selected_all, i_idxs_selected_all, all_g, mol_config)
        if test_config['grad_test']:
            result['nn_g'] = nn_g

    result['tot_excitation_count'] = len(a_idxs_selected_all)
    result['excitation_count_nn'] = len(a_idxs_selected_nn)

    #Computing energy through the LAS-UCC kernel using selected excitations
    #==========================================================================================
    
    a_idxs_selected = None
    i_idxs_selected = None

    if test_config['nn']:
        a_idxs_selected = a_idxs_selected_nn
        i_idxs_selected = i_idxs_selected_nn
    else:
        a_idxs_selected = a_idxs_selected_all
        i_idxs_selected = i_idxs_selected_all
    
    if VERBOSE >= 2:
        print("All selected excitations:")
        print_excitations(a_idxs_selected, i_idxs_selected)

    mc_uscc = mcscf.CASCI(mf, sum(mol_config['ncas']), sum(mol_config['nelecas']))
    mc_uscc.mo_coeff = las.mo_coeff
    mc_uscc.fcisolver = lasuccsd.FCISolver_USCC(mol, a_idxs_selected, i_idxs_selected)
    mc_uscc.fcisolver.norb_f = mol_config['ncas'] # number of orbitals in each fragment
    # easily hit the maximal memory limit
    mc_uscc.fcisolver.frozen = test_config['frozen'] if 'frozen' in test_config else None  
    mc_uscc.kernel(ci0 = cilas2f(las.ci, mol_config['ncas'], mol_config['nelecas']))
    if not mc_uscc.converged:
        print('Warning: kernel hasn\'t converged')
    
    if VERBOSE >= 1:
        print("MC-USCC amplitudes: ", mc_uscc.fcisolver.psi.x)

    result['las_uscc_eng'] =  mc_uscc.e_tot 
   
    if test_config['noci_test']:
        result['las_uscc_noci_eng'], result['las_uscc_noci_vec'], result['min_ci_eng'] = nci_test(a_idxs_selected, i_idxs_selected, test_config, mol_config, mol,las, mc_uscc, mf)
    
    return result
   



def batch_test(mol_config, test_configs):
    results = []

    # Initializing the molecule with RHF
    #===================================
    symmetry = None
    charge = None
    spin = None
    if 'symmetry' in mol_config:
        symmetry = mol_config['symmetry']
    if 'charge' in mol_config:
        charge = mol_config['charge']
    if 'spin' in mol_config:
        spin = mol_config['spin']

    mol = gto.M(atom=mol_config['xyz'], basis=mol_config['basis'], symmetry = symmetry,
        charge = charge, spin = spin, verbose=4, output=mol_config['output'])
    if 'HF' in mol_config and mol_config['HF'] == 'ROHF':
        mf = scf.ROHF(mol).run()
    else:
        mf = scf.RHF(mol).run()

    # Running LASSCF
    #===================================
    las = LASSCF(mf, mol_config['ncas'], mol_config['nelecas'], spin_sub=mol_config['spinsub'], ouput=None)
    mo_loc = las.localize_init_guess(mol_config['frag_atom_list'], mf.mo_coeff)
    las.kernel(mo_loc)
    
    ref = mcscf.CASCI(mf, sum(mol_config['ncas']), sum(mol_config['nelecas']))
    ref.mo_coeff = las.mo_coeff
    ref.kernel() 

    for test_config in test_configs:
        
        result = test(mol_config, test_config, las, mol, mf)
        results.append(result)
    
    return results, ref.e_tot, las.e_tot



def empty_adj(n):
    return [[0 for _ in range(n)] for _ in range(n)]

def circle_adj(n):
    return [[1 if abs(i - j) == 1 or abs(i - j) == n-1 else 0 for j in range(n)] for i in range(n)]


if __name__ == "__main__":


    data_dir = '../geom'

    with open(data_dir + '/h4.xyz', 'r', encoding='utf-8') as f:
        h4xyz = f.read()

    with open(data_dir + '/h6.xyz', 'r', encoding='utf-8') as f:
        h6xyz = f.read()

    with open(data_dir + '/h8.xyz', 'r', encoding='utf-8') as f:
        h8xyz = f.read()

    with open(data_dir + '/h10.xyz', 'r', encoding='utf-8') as f:
        h10xyz = f.read()


    with open(data_dir + '/c4.xyz', 'r', encoding='utf-8') as f:
        c4xyz = f.read()

    with open(data_dir + '/c6.xyz', 'r', encoding='utf-8') as f:
        c6xyz = f.read()

    with open(data_dir + '/c8.xyz', 'r', encoding='utf-8') as f:
        c8xyz = f.read()

    with open(data_dir + '/c10.xyz', 'r', encoding='utf-8') as f:
        c10xyz = f.read()

    with open(data_dir + '/stil-001.xyz', 'r', encoding='utf-8') as f:
        stil001xyz = f.read()

    with open(data_dir + '/stil-60.xyz', 'r', encoding='utf-8') as f:
        stil60xyz = f.read()

    with open(data_dir + '/stil-90.xyz', 'r', encoding='utf-8') as f:
        stil90xyz = f.read()

    with open(data_dir + '/stil-120.xyz', 'r', encoding='utf-8') as f:
        stil120xyz = f.read()

    with open(data_dir + '/stil-180.xyz', 'r', encoding='utf-8') as f:
        stil180xyz = f.read()       


    # with open(data_dir + '/kremer/kremer-geometry.xyz', 'r', encoding='utf-8') as f:
    #     kremer_xyz = f.read()

    # kremer_basis = {
    #     "Cr": "def2-tzvp",
    #     "O": "def2-svp",
    #     "N": "def2-svp",
    #     "C": "def2-svp",
    #     "H": "def2-svp",
    # }

    # kremer_def2 : MolConfig = {
    #     'name' : 'kremer_def2',
    #     'HF' : 'ROHF',
    #     'xyz' : kremer_xyz,
    #     'basis' : kremer_basis,
    #     'symmetry' : False,
    #     'charge' : 3,
    #     'spin' : 6,
    #     'ncas': [3,3],
    #     'nelecas': [[3,0],[0,3]],
    #     'spinsub': [4,4],
    #     'frag_atom_list': [[0],[1]]
    # }

    h4_sto3g : MolConfig = {
        'name': 'H4_STO3G',
        'xyz': h4xyz,
        'basis': 'sto-3g',
        'ncas': [2, 2],
        'nelecas': [2, 2],
        'spinsub': [1, 1],
        'frag_atom_list': ((0, 1), (2, 3)),
        'output': 'h4_sto3g.out',
    }


    stil_631g_001 : MolConfig = {
        'name': 'STIL_631G_001',
        'xyz': stil001xyz,
        'basis': '631g',
        'ncas': [4,2,4],
        'nelecas': [4,2,4],
        'spinsub': [1, 1, 1],
        'frag_atom_list': [ [1,2,3,4,5,6,15,16,17,18,19] , [0,7, 14,20] , [8,9,10,11,12,13, 21,22,23,24,25] ],
        'frag_spin_orb': {
            0: (0, 1, 2, 3,10,11,12,13),
            1: (4,5,14,15),
            2: (6,7,8,9,16,17,18,19)
        },
        'adj': empty_adj(3),
        'output' : 'stil_631g_001.out',
    }

    stil_631g_60 : MolConfig = {
        'name': 'STIL_631G_60',
        'xyz': stil60xyz,
        'basis': '631g',
        'ncas': [4,2,4],
        'nelecas': [4,2,4],
        'spinsub': [1, 1, 1],
        'frag_atom_list': [ [1,2,3,4,5,6,15,16,17,18,19] , [0,7, 14,20] , [8,9,10,11,12,13, 21,22,23,24,25] ],
        'frag_spin_orb': {
            0: (0, 1, 2, 3,10,11,12,13),
            1: (4,5,14,15),
            2: (6,7,8,9,16,17,18,19)
        },
        'adj': empty_adj(3),
        'output' : 'stil_631g_60.out',
    }

    stil_631g_90 : MolConfig = {
        'name': 'STIL_631G_90',
        'xyz': stil90xyz,
        'basis': '631g',
        'ncas': [4,2,4],
        'nelecas': [4,2,4],
        'spinsub': [1, 1, 1],
        'frag_atom_list': [ [1,2,3,4,5,6,15,16,17,18,19] , [0,7, 14,20] , [8,9,10,11,12,13, 21,22,23,24,25] ],
        'frag_spin_orb': {
            0: (0, 1, 2, 3,10,11,12,13),
            1: (4,5,14,15),
            2: (6,7,8,9,16,17,18,19)
        },
        'adj': empty_adj(3),
        'output' : 'stil_631g_90.out',
    }

    stil_631g_120 : MolConfig = {
        'name': 'STIL_631G_120',
        'xyz': stil120xyz,
        'basis': '631g',
        'ncas': [4,2,4],
        'nelecas': [4,2,4],
        'spinsub': [1, 1, 1],
        'frag_atom_list': [ [1,2,3,4,5,6,15,16,17,18,19] , [0,7, 14,20] , [8,9,10,11,12,13, 21,22,23,24,25] ],
        'frag_spin_orb': {
            0: (0, 1, 2, 3,10,11,12,13),
            1: (4,5,14,15),
            2: (6,7,8,9,16,17,18,19)
        },
        'adj': empty_adj(3),
        'output' : 'stil_631g_120.out',
    }


    stil_631g_180 : MolConfig = {
        'name': 'STIL_631G_180',
        'xyz': stil180xyz,
        'basis': '631g',
        'ncas': [4,2,4],
        'nelecas': [4,2,4],
        'spinsub': [1, 1, 1],
        'frag_atom_list': [ [1,2,3,4,5,6,15,16,17,18,19] , [0,7, 14,20] , [8,9,10,11,12,13, 21,22,23,24,25] ],
        'frag_spin_orb': {
            0: (0, 1, 2, 3,10,11,12,13),
            1: (4,5,14,15),
            2: (6,7,8,9,16,17,18,19)
        },
        'adj': empty_adj(3),
        'output' : 'stil_631g_180.out',
    }

    # This c4 is too small, and I observed numericall error, that H and S have all identical
    # entries however the NOCI energy is lower 
    c4_631g : MolConfig = {
        'name': 'C4_631G',
        'xyz': c4xyz,
        'basis': '631g',
        'ncas': [2,2],
        'nelecas': [2,2],
        'spinsub': [1,1],
        'frag_atom_list':  [[0,2], [3,1]],
        'frag_spin_orb': {
            0: (0,1,4,5),
            1: (2,3,6,7),
        },
        'adj': circle_adj(2), # not sure about this
        'output': 'c4_631g.out',
    }

    c6_631g : MolConfig = {
        'name': 'C6_631G',
        'xyz': c6xyz,
        'basis': '631g',
        'ncas': [2,2,2],
        'nelecas': [2,2,2],
        'spinsub': [1,1,1],
        'frag_atom_list': [[0,2], [10,11], [3,1]], # not sure about this
        'frag_spin_orb': {
            0: (0,1,6,7),
            1: (2,3,8,9),
            2: (4,5,10,11),
        },
        'adj': circle_adj(3),
        'output': 'c6_631g.out',
    }


    c8_631g : MolConfig = {
        'name': 'C8_631G',
        'xyz': c8xyz,
        'basis': '631g',
        'ncas': [2,2,2,2],
        'nelecas': [2,2,2,2],
        'spinsub': [1,1,1,1],
        'frag_atom_list': [[0,2], [10,12], [13,11], [3,1]], 
        'frag_spin_orb': {
            0: (0,1,8,9),
            1: (2,3,10,11),
            2: (4,5,12,13),
            3: (6,7,14,15),
        },
        'adj': circle_adj(3),
        'output': 'c8_631g.out',
    }


    c10_631g : MolConfig = {
        'name': 'C10_631G',
        'xyz': c10xyz,
        'basis': '631g',
        'ncas': [2,2,2,2,2],
        'nelecas': [2,2,2,2,2],
        'spinsub': [1,1,1,1,1],
        'frag_atom_list': [[0,2], [10,12], [18,19], [13,11], [3,1]],
        'frag_spin_orb': {
            0: (0,1,10,11),
            1: (2,3,12,13),
            2: (4,5,14,15),
            3: (6,7,16,17),
            4: (8,9,18,19)
        },
        'adj': circle_adj(5),
        'output': 'c10_631g.out',
    }

    mol_configs = [c8_631g]
    # mol_configs = [h4_sto3g]



    nosi_test_01 : TestConfig = {
        'epsilon': 0.01,
        'factor': None,
        'nn': False,
        'init_method': 'uscc_opt',
        'frozen': 'CI',
        'grad_test': False,
        'noci_test': True
    }
        
    # noci_test_001 = copy.deepcopy(noci_test_01)
    # noci_test_001['epsilon'] = 0.001

    # noci_test_0001 = copy.deepcopy(noci_test_01)
    # noci_test_0001['epsilon'] = 0.0001

    # all_g, g_sel, a_idxs_selected_all, i_idxs_selected_all = grad.get_grad_exact(las, 0)
    # sortg = np.sort(abs(g))
    # n = len(g)
    # eps = np.zeros(15)
    factors = np.arange(0.01, 0.16, 0.01)

    # x = np.array([int(np.floor(f * n)) for f in factors])

    # for i in range(10):
    #     eps[i] = sortg[-x[i]]

    # print ("Epsilons = ", eps)


    nosi_tests = []

    for i in range(6):
        nosi_test = copy.deepcopy(nosi_test_01)
        nosi_test['factor'] = factors[i]
        nosi_tests.append(nosi_test)

    for mol_conf in mol_configs:
        print(f"Molecule {mol_conf['name']}: ")
        mol_results, ref_energy, las_energy = batch_test(mol_conf, nosi_tests)
        
        print(f"CASCI energy: {ref_energy:.17f}")
        print(f"LASSCF energy: {las_energy:.17f}")
        for result in mol_results:
            print(f"Total excitations: {len(result['all_g'])}")
            print(f"Selected excitations: {len(result['g_sel'])}")
            
            # print(f"NN excitations: {result['excitation_count_nn']}")

            if 'las_uscc_eng' in result:
                print(f"LAS-USCCSD-VQE energy: {result['las_uscc_eng']:.17f}")
            if 'las_uscc_noci_eng' in result:
                print(f"LAS-USCCSD-NOSI energy: {result['las_uscc_noci_eng']:.17f}")
            # if 'tot_g' in result:
            #     print(f"Total gradient norm: {np.linalg.norm(result['tot_g']):.17f}")
            # if 'nn_g' in result:
            #     print(f"NN gradient norm: {np.linalg.norm(result['nn_g']):.17f}")
            if 'las_uscc_noci_vec' in result:
                print("NOSI vector: ", result['las_uscc_noci_vec'])
            if 'min_ci_eng' in result:
                print(f"Minimum State energy: {result['min_ci_eng']:.17f}")
            if 'amps' in result:
                print("Amplitudes:\n", result['amps'])
            print("\n")
        
        print("\n\n")
#INFO: ******************** input file end ********************


System: uname_result(system='Linux', node='midway3-0562.rcc.local', release='4.18.0-305.3.1.el8.x86_64', version='#1 SMP Tue Jun 1 16:14:33 UTC 2021', machine='x86_64')  Threads 16
Python 3.9.19 | packaged by conda-forge | (main, Mar 20 2024, 12:50:21) 
[GCC 12.3.0]
numpy 2.0.2  scipy 1.13.1  h5py 3.14.0
Date: Sun Nov  9 09:04:07 2025
PySCF version 2.9.0
PySCF path  /home/tuy/repo/.venv/lib/python3.9/site-packages/pyscf
mrh path  /home/tuy/repo/mrh
GIT ORIG_HEAD b98c29c0816fd226852111a125e579215dc0ac5e
GIT HEAD (branch master) b49e04f5f5ffc1c27967a615ccab8ecdf1806538

[CONFIG] conf_file None
[INPUT] verbose = 4
[INPUT] num. atoms = 18
[INPUT] num. electrons = 58
[INPUT] charge = 0
[INPUT] spin (= nelec alpha-beta = 2S) = 0
[INPUT] symmetry False subgroup None
[INPUT] Mole.unit = angstrom
[INPUT] Symbol           X                Y                Z      unit          X                Y                Z       unit  Magmom
[INPUT]  1 C     -4.308669000000   0.197146000000   0.000000000000 AA   -8.142204371404   0.372551946554   0.000000000000 Bohr   0.0
[INPUT]  2 C      4.308669000000  -0.197146000000   0.000000000000 AA    8.142204371404  -0.372551946554   0.000000000000 Bohr   0.0
[INPUT]  3 C     -3.110874000000  -0.411353000000   0.000000000000 AA   -5.878699868030  -0.777344510518   0.000000000000 Bohr   0.0
[INPUT]  4 C      3.110874000000   0.411353000000   0.000000000000 AA    5.878699868030   0.777344510518   0.000000000000 Bohr   0.0
[INPUT]  5 H     -4.394907000000   1.280613000000   0.000000000000 AA   -8.305170572934   2.420007841558   0.000000000000 Bohr   0.0
[INPUT]  6 H      4.394907000000  -1.280613000000   0.000000000000 AA    8.305170572934  -2.420007841558   0.000000000000 Bohr   0.0
[INPUT]  7 H     -5.234940000000  -0.367304000000   0.000000000000 AA   -9.892602878531  -0.694103964457   0.000000000000 Bohr   0.0
[INPUT]  8 H      5.234940000000   0.367304000000   0.000000000000 AA    9.892602878531   0.694103964457   0.000000000000 Bohr   0.0
[INPUT]  9 H     -3.069439000000  -1.500574000000   0.000000000000 AA   -5.800399066059  -2.835673889643   0.000000000000 Bohr   0.0
[INPUT] 10 H      3.069439000000   1.500574000000   0.000000000000 AA    5.800399066059   2.835673889643   0.000000000000 Bohr   0.0
[INPUT] 11 C     -1.839087000000   0.279751000000   0.000000000000 AA   -3.475370749248   0.528652773073   0.000000000000 Bohr   0.0
[INPUT] 12 C      1.839087000000  -0.279751000000   0.000000000000 AA    3.475370749248  -0.528652773073   0.000000000000 Bohr   0.0
[INPUT] 13 C     -0.634371000000  -0.341144000000   0.000000000000 AA   -1.198787451366  -0.644668729039   0.000000000000 Bohr   0.0
[INPUT] 14 C      0.634371000000   0.341144000000   0.000000000000 AA    1.198787451366   0.644668729039   0.000000000000 Bohr   0.0
[INPUT] 15 H     -1.871161000000   1.369551000000   0.000000000000 AA   -3.535981824967   2.588076303624   0.000000000000 Bohr   0.0
[INPUT] 16 H      1.871161000000  -1.369551000000   0.000000000000 AA    3.535981824967  -2.588076303624   0.000000000000 Bohr   0.0
[INPUT] 17 H     -0.607249000000  -1.431263000000   0.000000000000 AA   -1.147534299416  -2.704695082223   0.000000000000 Bohr   0.0
[INPUT] 18 H      0.607249000000   1.431263000000   0.000000000000 AA    1.147534299416   2.704695082223   0.000000000000 Bohr   0.0

nuclear repulsion = 297.315789663908
number of shells = 60
number of NR pGTOs = 216
number of NR cGTOs = 92
basis = 631g
ecp = {}
CPU time:         1.53


******** <class 'pyscf.scf.hf.RHF'> ********
method = RHF
initial guess = minao
damping factor = 0
level_shift factor = 0
DIIS = <class 'pyscf.scf.diis.CDIIS'>
diis_start_cycle = 1
diis_space = 8
diis_damp = 0
SCF conv_tol = 1e-09
SCF conv_tol_grad = None
SCF max_cycles = 50
direct_scf = True
direct_scf_tol = 1e-13
chkfile to save SCF result = /scratch/local/jobs/39935253/tmp_x1h7z3j
max_memory 4000 MB (current use 92 MB)
Set gradient conv threshold to 3.16228e-05
Initial guess from minao.
init E= -310.398785055943
  HOMO = -0.172485222485802  LUMO = -0.0286198062228708
cycle= 1 E= -308.505847960483  delta_E= 1.89  |g|= 0.41  |ddm|= 3.78
  HOMO = -0.275782064649523  LUMO = 0.0422333943553803
cycle= 2 E= -308.577238681683  delta_E= -0.0714  |g|= 0.115  |ddm|= 0.777
  HOMO = -0.255876789671552  LUMO = 0.0766519278199997
cycle= 3 E= -308.583168462835  delta_E= -0.00593  |g|= 0.0446  |ddm|= 0.25
  HOMO = -0.26571941863502  LUMO = 0.0713162258172174
cycle= 4 E= -308.583896903466  delta_E= -0.000728  |g|= 0.00968  |ddm|= 0.0716
  HOMO = -0.267238985281542  LUMO = 0.0717059275453486
cycle= 5 E= -308.583955089681  delta_E= -5.82e-05  |g|= 0.00325  |ddm|= 0.0162
  HOMO = -0.267429437009497  LUMO = 0.0727518834222086
cycle= 6 E= -308.583966211683  delta_E= -1.11e-05  |g|= 0.000736  |ddm|= 0.00863
  HOMO = -0.267626517307474  LUMO = 0.0729106370592907
cycle= 7 E= -308.583966859294  delta_E= -6.48e-07  |g|= 0.000328  |ddm|= 0.00228
  HOMO = -0.267673534680155  LUMO = 0.0729235693757363
cycle= 8 E= -308.583966902817  delta_E= -4.35e-08  |g|= 4.83e-05  |ddm|= 0.000499
  HOMO = -0.267682408169006  LUMO = 0.0729237377326218
cycle= 9 E= -308.583966904357  delta_E= -1.54e-09  |g|= 1.23e-05  |ddm|= 0.000145
  HOMO = -0.267684728854669  LUMO = 0.0729224483940389
cycle= 10 E= -308.583966904462  delta_E= -1.05e-10  |g|= 5.7e-06  |ddm|= 3.52e-05
  HOMO = -0.267685157067026  LUMO = 0.0729219609611924
Extra cycle  E= -308.583966904476  delta_E= -1.36e-11  |g|= 2.18e-06  |ddm|= 1.07e-05
converged SCF energy = -308.583966904476

******** LASSCF flags ********
CAS (4e+4e, 8o), ncore = 25, nvir = 59
Divided into 4 LAS spaces
LAS 0 : (1e+1e, 2o)
LAS 1 : (1e+1e, 2o)
LAS 2 : (1e+1e, 2o)
LAS 3 : (1e+1e, 2o)
nroots = 1
max_cycle_macro = 50
max_cycle_micro = 5
conv_tol_grad = 0.0001
max_memory 4000 MB (current use 271 MB)
fragment 0 FCI solver flags:
******** <class 'mrh.my_pyscf.mcscf.addons.get_h1e_zipped_fcisolver.<locals>.FCISolver'> ********
max. cycles = 100
conv_tol = 1e-10
davidson only = False
linear dependence = 1e-14
level shift = 0.001
max iter space = 12
max_memory 4000 MB
nroots = 1
pspace_size = 200
spin = 0
State-average over 1 states with weights [1.0]
fragment 1 FCI solver flags:
******** <class 'mrh.my_pyscf.mcscf.addons.get_h1e_zipped_fcisolver.<locals>.FCISolver'> ********
max. cycles = 100
conv_tol = 1e-10
davidson only = False
linear dependence = 1e-14
level shift = 0.001
max iter space = 12
max_memory 4000 MB
nroots = 1
pspace_size = 200
spin = 0
State-average over 1 states with weights [1.0]
fragment 2 FCI solver flags:
******** <class 'mrh.my_pyscf.mcscf.addons.get_h1e_zipped_fcisolver.<locals>.FCISolver'> ********
max. cycles = 100
conv_tol = 1e-10
davidson only = False
linear dependence = 1e-14
level shift = 0.001
max iter space = 12
max_memory 4000 MB
nroots = 1
pspace_size = 200
spin = 0
State-average over 1 states with weights [1.0]
fragment 3 FCI solver flags:
******** <class 'mrh.my_pyscf.mcscf.addons.get_h1e_zipped_fcisolver.<locals>.FCISolver'> ********
max. cycles = 100
conv_tol = 1e-10
davidson only = False
linear dependence = 1e-14
level shift = 0.001
max iter space = 12
max_memory 4000 MB
nroots = 1
pspace_size = 200
spin = 0
State-average over 1 states with weights [1.0]
LASCI subspace 0 with no orbsym information
LASCI subspace 1 with no orbsym information
LASCI subspace 2 with no orbsym information
LASCI subspace 3 with no orbsym information
LASCI subspace CI energies: [np.float64(-1.2145531315072988), np.float64(-1.2167460078696737), np.float64(-1.216741168380953), np.float64(-1.2145470075477987)]
LASCI macro 0 : E = -308.550599030914 ; |g_int| = 0.336365990907752 ; |g_ci| = 0.00069018544196286 ; |g_x| = 0
LASCI micro 1 : |x_orb| = 0.31593638898363 ; |x_ci| = 0.0400735145422015
LASCI micro 2 : |x_orb| = 0.385536332429958 ; |x_ci| = 0.037760779907988
LASCI micro 3 : |x_orb| = 0.389818543730976 ; |x_ci| = 0.0386546334066184
LASCI micro 4 : |x_orb| = 0.390294750461062 ; |x_ci| = 0.039553888730955
LASCI micro 5 : |x_orb| = 0.389899688659716 ; |x_ci| = 0.0419250860517654
LASCI subspace 0 with no orbsym information
LASCI subspace 1 with no orbsym information
LASCI subspace 2 with no orbsym information
LASCI subspace 3 with no orbsym information
LASCI subspace CI energies: [np.float64(-1.2239331537059135), np.float64(-1.2403135567612904), np.float64(-1.240313392902055), np.float64(-1.223932027849279)]
LASCI macro 1 : E = -308.638030113696 ; |g_int| = 0.168827350919605 ; |g_ci| = 0.00010007216806475 ; |g_x| = 0
LASCI micro 1 : |x_orb| = 0.413656550703286 ; |x_ci| = 0.0109112118508828
LASCI micro 2 : |x_orb| = 0.68453282664884 ; |x_ci| = 0.0649915031770056
LASCI micro 3 : |x_orb| = 0.686179114086514 ; |x_ci| = 0.0663468456128178
LASCI micro 4 : |x_orb| = 0.702228007536288 ; |x_ci| = 0.0646766273158666
LASCI micro 5 : |x_orb| = 0.702050275193448 ; |x_ci| = 0.0642991315029946
LASCI subspace 0 with no orbsym information
LASCI subspace 1 with no orbsym information
LASCI subspace 2 with no orbsym information
LASCI subspace 3 with no orbsym information
LASCI subspace CI energies: [np.float64(-1.2314396666584397), np.float64(-1.2440919957770467), np.float64(-1.2440918635667435), np.float64(-1.2314393020066476)]
LASCI macro 2 : E = -308.678689844107 ; |g_int| = 0.0748728439944573 ; |g_ci| = 9.49736622012905e-05 ; |g_x| = 0
LASCI micro 1 : |x_orb| = 0.161053482391588 ; |x_ci| = 0.00970252832024342
LASCI micro 2 : |x_orb| = 0.178824941322268 ; |x_ci| = 0.00533130816819565
LASCI micro 3 : |x_orb| = 0.176329803430504 ; |x_ci| = 0.00703653858778936
LASCI micro 4 : |x_orb| = 0.176981203671345 ; |x_ci| = 0.00627819336080468
LASCI micro 5 : |x_orb| = 0.176342541102693 ; |x_ci| = 0.00646119982626675
LASCI subspace 0 with no orbsym information
LASCI subspace 1 with no orbsym information
LASCI subspace 2 with no orbsym information
LASCI subspace 3 with no orbsym information
LASCI subspace CI energies: [np.float64(-1.23204874823889), np.float64(-1.2421890494456407), np.float64(-1.2421889835526487), np.float64(-1.2320485583386016)]
LASCI macro 3 : E = -308.684545493841 ; |g_int| = 0.0368689055597003 ; |g_ci| = 5.36806394708729e-05 ; |g_x| = 0
LASCI micro 1 : |x_orb| = 0.0735640811727795 ; |x_ci| = 0.00453323917247028
LASCI micro 2 : |x_orb| = 0.0917708033333005 ; |x_ci| = 0.00446359857265795
LASCI micro 3 : |x_orb| = 0.0904066736940283 ; |x_ci| = 0.00504146092559211
LASCI micro 4 : |x_orb| = 0.0902126761458705 ; |x_ci| = 0.00484203739779887
LASCI micro 5 : |x_orb| = 0.0900721133217072 ; |x_ci| = 0.00487518952518352
LASCI subspace 0 with no orbsym information
LASCI subspace 1 with no orbsym information
LASCI subspace 2 with no orbsym information
LASCI subspace 3 with no orbsym information
LASCI subspace CI energies: [np.float64(-1.2317876187349985), np.float64(-1.2403661896491038), np.float64(-1.2403661433174333), np.float64(-1.231787490683017)]
LASCI macro 4 : E = -308.686022443204 ; |g_int| = 0.0184035790400943 ; |g_ci| = 3.13807671268765e-05 ; |g_x| = 0
LASCI micro 1 : |x_orb| = 0.0364249708366692 ; |x_ci| = 0.00185895433159959
LASCI micro 2 : |x_orb| = 0.047948039848885 ; |x_ci| = 0.00281260231865686
LASCI micro 3 : |x_orb| = 0.0473466079682289 ; |x_ci| = 0.00300521858871981
LASCI micro 4 : |x_orb| = 0.0467707507559794 ; |x_ci| = 0.00297570772238678
LASCI micro 5 : |x_orb| = 0.0468914445824211 ; |x_ci| = 0.002947056219044
LASCI subspace 0 with no orbsym information
LASCI subspace 1 with no orbsym information
LASCI subspace 2 with no orbsym information
LASCI subspace 3 with no orbsym information
LASCI subspace CI energies: [np.float64(-1.2314684690686653), np.float64(-1.239208509154956), np.float64(-1.2392084793619704), np.float64(-1.2314683873755157)]
LASCI macro 5 : E = -308.686406958849 ; |g_int| = 0.0092610208524409 ; |g_ci| = 1.58143466335636e-05 ; |g_x| = 0
LASCI micro 1 : |x_orb| = 0.0184230350376817 ; |x_ci| = 0.00080010564387794
LASCI micro 2 : |x_orb| = 0.0249714114975791 ; |x_ci| = 0.00162604708207381
LASCI micro 3 : |x_orb| = 0.0247593565459566 ; |x_ci| = 0.00167872228245009
LASCI micro 4 : |x_orb| = 0.0241499946382149 ; |x_ci| = 0.00169724494729763
LASCI micro 5 : |x_orb| = 0.0242840931267008 ; |x_ci| = 0.0016600273320802
LASCI subspace 0 with no orbsym information
LASCI subspace 1 with no orbsym information
LASCI subspace 2 with no orbsym information
LASCI subspace 3 with no orbsym information
LASCI subspace CI energies: [np.float64(-1.2312303837147351), np.float64(-1.2385709639299414), np.float64(-1.2385709459621086), np.float64(-1.2312303355026264)]
LASCI macro 6 : E = -308.68650807422 ; |g_int| = 0.00469205440852339 ; |g_ci| = 7.16128268679751e-06 ; |g_x| = 0
LASCI micro 1 : |x_orb| = 0.00940515184750598 ; |x_ci| = 0.000363900386784538
LASCI micro 2 : |x_orb| = 0.0129582404561004 ; |x_ci| = 0.000902168998137653
LASCI micro 3 : |x_orb| = 0.0129065233691013 ; |x_ci| = 0.00091251134527315
LASCI micro 4 : |x_orb| = 0.0124334589431668 ; |x_ci| = 0.000933207153174552
LASCI micro 5 : |x_orb| = 0.0124933099765338 ; |x_ci| = 0.000907534123186105
LASCI subspace 0 with no orbsym information
LASCI subspace 1 with no orbsym information
LASCI subspace 2 with no orbsym information
LASCI subspace 3 with no orbsym information
LASCI subspace CI energies: [np.float64(-1.231079293741912), np.float64(-1.23823359437625), np.float64(-1.2382335838470813), np.float64(-1.2310792665878467)]
LASCI macro 7 : E = -308.686534814137 ; |g_int| = 0.00239125314383738 ; |g_ci| = 2.88043941590052e-06 ; |g_x| = 0
LASCI micro 1 : |x_orb| = 0.00484572035663147 ; |x_ci| = 0.000170891755716555
LASCI micro 2 : |x_orb| = 0.00673165321272827 ; |x_ci| = 0.000489124170715113
LASCI micro 3 : |x_orb| = 0.0067283336109667 ; |x_ci| = 0.000489678390442526
LASCI micro 4 : |x_orb| = 0.00642168151537006 ; |x_ci| = 0.000503000161457109
LASCI micro 5 : |x_orb| = 0.00643017176882381 ; |x_ci| = 0.000488768024954296
LASCI subspace 0 with no orbsym information
LASCI subspace 1 with no orbsym information
LASCI subspace 2 with no orbsym information
LASCI subspace 3 with no orbsym information
LASCI subspace CI energies: [np.float64(-1.230985407130465), np.float64(-1.2380541225574708), np.float64(-1.2380541162977505), np.float64(-1.2309853916706786)]
LASCI macro 8 : E = -308.686541928324 ; |g_int| = 0.00122603496743576 ; |g_ci| = 1.09626461913433e-06 ; |g_x| = 0
LASCI micro 1 : |x_orb| = 0.0025193507544341 ; |x_ci| = 8.06772397444082e-05
LASCI micro 2 : |x_orb| = 0.00351221256802051 ; |x_ci| = 0.000261954535560986
LASCI micro 3 : |x_orb| = 0.00351756025590382 ; |x_ci| = 0.000261193192601996
LASCI micro 4 : |x_orb| = 0.0033374889741138 ; |x_ci| = 0.000268654899695523
LASCI micro 5 : |x_orb| = 0.00333162261542406 ; |x_ci| = 0.000260875277448894
LASCI subspace 0 with no orbsym information
LASCI subspace 1 with no orbsym information
LASCI subspace 2 with no orbsym information
LASCI subspace 3 with no orbsym information
LASCI subspace CI energies: [np.float64(-1.2309275627505998), np.float64(-1.2379565689139969), np.float64(-1.2379565650805202), np.float64(-1.2309275536774473)]
LASCI macro 9 : E = -308.686543835033 ; |g_int| = 0.000632775113646081 ; |g_ci| = 4.46727053568566e-07 ; |g_x| = 0
LASCI micro 1 : |x_orb| = 0.00131842417431044 ; |x_ci| = 3.77557780106622e-05
LASCI micro 2 : |x_orb| = 0.00183999610986109 ; |x_ci| = 0.000139519923655839
LASCI micro 3 : |x_orb| = 0.00184473268144402 ; |x_ci| = 0.000138939259692431
LASCI subspace 0 with no orbsym information
LASCI subspace 1 with no orbsym information
LASCI subspace 2 with no orbsym information
LASCI subspace 3 with no orbsym information
LASCI subspace CI energies: [np.float64(-1.2308955576288623), np.float64(-1.2379096954742521), np.float64(-1.2379096925235618), np.float64(-1.2308955503137957)]
LASCI macro 10 : E = -308.686544348508 ; |g_int| = 0.000335366130341834 ; |g_ci| = 1.25141706854689e-06 ; |g_x| = 0
LASCI micro 1 : |x_orb| = 0.00065104606836713 ; |x_ci| = 2.4565158223217e-05
LASCI micro 2 : |x_orb| = 0.000911663531618606 ; |x_ci| = 7.50546718306536e-05
LASCI subspace 0 with no orbsym information
LASCI subspace 1 with no orbsym information
LASCI subspace 2 with no orbsym information
LASCI subspace 3 with no orbsym information
LASCI subspace CI energies: [np.float64(-1.2308753755023019), np.float64(-1.2378789213432315), np.float64(-1.2378789192017392), np.float64(-1.2308753699887072)]
LASCI macro 11 : E = -308.686544488391 ; |g_int| = 0.000181717615209679 ; |g_ci| = 6.53482458637358e-07 ; |g_x| = 0
LASCI subspace 0 with no orbsym information
LASCI subspace 1 with no orbsym information
LASCI subspace 2 with no orbsym information
LASCI subspace 3 with no orbsym information
LASCI subspace CI energies: [np.float64(-1.2308705615278293), np.float64(-1.2378671983095588), np.float64(-1.2378671969646764), np.float64(-1.2308705580814543)]
LASCI macro 12 : E = -308.686544514257 ; |g_int| = 0.000126552622311881 ; |g_ci| = 3.18302734608528e-07 ; |g_x| = 0
LASCI subspace 0 with no orbsym information
LASCI subspace 1 with no orbsym information
LASCI subspace 2 with no orbsym information
LASCI subspace 3 with no orbsym information
LASCI subspace CI energies: [np.float64(-1.230866646470493), np.float64(-1.2378604453500572), np.float64(-1.2378604444018815), np.float64(-1.2308666440256635)]
LASCI macro 13 : E = -308.686544526542 ; |g_int| = 9.45774354711709e-05 ; |g_ci| = 1.96345990487279e-07 ; |g_x| = 0
LASCI converged after 14 cycles
LASCI E = -308.686544526542 ; |g_int| = 9.45774354711709e-05 ; |g_ci| = 1.96345990487279e-07 ; |g_ext| = 0
Fragment 0 natural orbitals
Natural occ [1.9180349 0.0819651]
Natural orbital (expansion on AOs) in CAS space
               #1        #2       
0 C 1s          -0.00000  -0.00000
0 C 2s           0.00000  -0.00000
0 C 3s           0.00000   0.00000
0 C 2px          0.00000   0.00000
0 C 2py         -0.00000  -0.00000
0 C 2pz         -0.38943  -0.56490
0 C 3px          0.00000  -0.00000
0 C 3py          0.00000   0.00000
0 C 3pz         -0.30277  -0.39228
1 C 1s           0.00000   0.00000
1 C 2s          -0.00000   0.00000
1 C 3s          -0.00000  -0.00000
1 C 2px         -0.00000   0.00000
1 C 2py          0.00000  -0.00000
1 C 2pz          0.00746  -0.00699
1 C 3px          0.00000  -0.00000
1 C 3py         -0.00000  -0.00000
1 C 3pz          0.00976  -0.00805
2 C 1s          -0.00000   0.00000
2 C 2s           0.00000  -0.00000
2 C 3s          -0.00000   0.00000
2 C 2px         -0.00000   0.00000
2 C 2py          0.00000  -0.00000
2 C 2pz         -0.39253   0.59249
2 C 3px         -0.00000  -0.00000
2 C 3py         -0.00000   0.00000
2 C 3pz         -0.29131   0.43635
3 C 1s          -0.00000  -0.00000
3 C 2s          -0.00000   0.00000
3 C 3s           0.00000  -0.00000
3 C 2px         -0.00000   0.00000
3 C 2py          0.00000  -0.00000
3 C 2pz         -0.00224  -0.00544
3 C 3px          0.00000   0.00000
3 C 3py         -0.00000   0.00000
3 C 3pz         -0.00082  -0.00584
4 H 1s           0.00000  -0.00000
4 H 2s          -0.00000  -0.00000
5 H 1s          -0.00000   0.00000
5 H 2s          -0.00000  -0.00000
6 H 1s           0.00000  -0.00000
6 H 2s           0.00000  -0.00000
7 H 1s          -0.00000   0.00000
7 H 2s           0.00000   0.00000
8 H 1s          -0.00000   0.00000
8 H 2s          -0.00000   0.00000
9 H 1s           0.00000  -0.00000
9 H 2s          -0.00000   0.00000
10 C 1s         -0.00000  -0.00000
10 C 2s         -0.00000  -0.00000
10 C 3s          0.00000   0.00000
10 C 2px         0.00000  -0.00000
10 C 2py        -0.00000  -0.00000
10 C 2pz        -0.03529  -0.08109
10 C 3px        -0.00000   0.00000
10 C 3py         0.00000  -0.00000
10 C 3pz         0.01697  -0.16674
11 C 1s          0.00000  -0.00000
11 C 2s          0.00000  -0.00000
11 C 3s         -0.00000   0.00000
11 C 2px         0.00000  -0.00000
11 C 2py         0.00000  -0.00000
11 C 2pz        -0.01935   0.01843
11 C 3px        -0.00000   0.00000
11 C 3py         0.00000   0.00000
11 C 3pz        -0.02338   0.01956
12 C 1s          0.00000   0.00000
12 C 2s          0.00000   0.00000
12 C 3s         -0.00000  -0.00000
12 C 2px        -0.00000  -0.00000
12 C 2py         0.00000   0.00000
12 C 2pz         0.05740  -0.05208
12 C 3px        -0.00000  -0.00000
12 C 3py        -0.00000  -0.00000
12 C 3pz         0.06648  -0.03483
13 C 1s         -0.00000  -0.00000
13 C 2s         -0.00000  -0.00000
13 C 3s          0.00000   0.00000
13 C 2px         0.00000  -0.00000
13 C 2py         0.00000   0.00000
13 C 2pz         0.00733   0.01752
13 C 3px        -0.00000  -0.00000
13 C 3py        -0.00000  -0.00000
13 C 3pz         0.00023   0.01963
14 H 1s         -0.00000   0.00000
14 H 2s         -0.00000  -0.00000
15 H 1s          0.00000   0.00000
15 H 2s          0.00000   0.00000
16 H 1s         -0.00000   0.00000
16 H 2s         -0.00000   0.00000
17 H 1s          0.00000  -0.00000
17 H 2s         -0.00000   0.00000
Fragment 1 natural orbitals
Natural occ [1.93143925 0.06856075]
Natural orbital (expansion on AOs) in CAS space
               #1        #2       
0 C 1s           0.00000  -0.00000
0 C 2s           0.00000  -0.00000
0 C 3s           0.00000   0.00000
0 C 2px         -0.00000   0.00000
0 C 2py          0.00000  -0.00000
0 C 2pz         -0.05319  -0.03973
0 C 3px          0.00000   0.00000
0 C 3py         -0.00000   0.00000
0 C 3pz         -0.06779  -0.01501
1 C 1s          -0.00000   0.00000
1 C 2s          -0.00000   0.00000
1 C 3s           0.00000  -0.00000
1 C 2px         -0.00000   0.00000
1 C 2py          0.00000  -0.00000
1 C 2pz          0.01827  -0.01479
1 C 3px         -0.00000  -0.00000
1 C 3py          0.00000   0.00000
1 C 3pz          0.02420  -0.01511
2 C 1s          -0.00000   0.00000
2 C 2s          -0.00000  -0.00000
2 C 3s           0.00000   0.00000
2 C 2px          0.00000   0.00000
2 C 2py         -0.00000  -0.00000
2 C 2pz          0.04078  -0.08575
2 C 3px          0.00000   0.00000
2 C 3py          0.00000  -0.00000
2 C 3pz         -0.01025  -0.17333
3 C 1s           0.00000  -0.00000
3 C 2s           0.00000   0.00000
3 C 3s          -0.00000  -0.00000
3 C 2px         -0.00000   0.00000
3 C 2py         -0.00000  -0.00000
3 C 2pz         -0.00809  -0.01744
3 C 3px         -0.00000  -0.00000
3 C 3py          0.00000   0.00000
3 C 3pz         -0.00193  -0.01803
4 H 1s           0.00000  -0.00000
4 H 2s           0.00000  -0.00000
5 H 1s          -0.00000   0.00000
5 H 2s           0.00000   0.00000
6 H 1s           0.00000  -0.00000
6 H 2s           0.00000   0.00000
7 H 1s          -0.00000   0.00000
7 H 2s          -0.00000   0.00000
8 H 1s          -0.00000   0.00000
8 H 2s           0.00000  -0.00000
9 H 1s           0.00000  -0.00000
9 H 2s          -0.00000  -0.00000
10 C 1s          0.00000   0.00000
10 C 2s         -0.00000   0.00000
10 C 3s         -0.00000  -0.00000
10 C 2px        -0.00000  -0.00000
10 C 2py         0.00000  -0.00000
10 C 2pz         0.38975   0.59171
10 C 3px         0.00000   0.00000
10 C 3py         0.00000   0.00000
10 C 3pz         0.29748   0.42408
11 C 1s          0.00000  -0.00000
11 C 2s          0.00000  -0.00000
11 C 3s         -0.00000  -0.00000
11 C 2px         0.00000  -0.00000
11 C 2py         0.00000  -0.00000
11 C 2pz        -0.05721   0.04704
11 C 3px         0.00000   0.00000
11 C 3py        -0.00000  -0.00000
11 C 3pz        -0.06772   0.02694
12 C 1s          0.00000  -0.00000
12 C 2s         -0.00000   0.00000
12 C 3s          0.00000   0.00000
12 C 2px         0.00000  -0.00000
12 C 2py        -0.00000   0.00000
12 C 2pz         0.38902  -0.59005
12 C 3px        -0.00000  -0.00000
12 C 3py         0.00000  -0.00000
12 C 3pz         0.29690  -0.42541
13 C 1s         -0.00000  -0.00000
13 C 2s         -0.00000  -0.00000
13 C 3s          0.00000   0.00000
13 C 2px         0.00000  -0.00000
13 C 2py        -0.00000   0.00000
13 C 2pz         0.04076   0.08410
13 C 3px         0.00000   0.00000
13 C 3py        -0.00000  -0.00000
13 C 3pz        -0.01320   0.17326
14 H 1s          0.00000   0.00000
14 H 2s          0.00000  -0.00000
15 H 1s         -0.00000  -0.00000
15 H 2s         -0.00000  -0.00000
16 H 1s         -0.00000   0.00000
16 H 2s          0.00000  -0.00000
17 H 1s          0.00000  -0.00000
17 H 2s         -0.00000  -0.00000
Fragment 2 natural orbitals
Natural occ [1.93143925 0.06856075]
Natural orbital (expansion on AOs) in CAS space
               #1        #2       
0 C 1s           0.00000   0.00000
0 C 2s           0.00000   0.00000
0 C 3s           0.00000  -0.00000
0 C 2px         -0.00000  -0.00000
0 C 2py          0.00000   0.00000
0 C 2pz          0.01827   0.01479
0 C 3px          0.00000   0.00000
0 C 3py         -0.00000   0.00000
0 C 3pz          0.02420   0.01511
1 C 1s           0.00000  -0.00000
1 C 2s           0.00000  -0.00000
1 C 3s          -0.00000   0.00000
1 C 2px         -0.00000  -0.00000
1 C 2py          0.00000   0.00000
1 C 2pz         -0.05319   0.03973
1 C 3px          0.00000   0.00000
1 C 3py          0.00000  -0.00000
1 C 3pz         -0.06779   0.01501
2 C 1s          -0.00000  -0.00000
2 C 2s           0.00000   0.00000
2 C 3s          -0.00000   0.00000
2 C 2px         -0.00000  -0.00000
2 C 2py          0.00000   0.00000
2 C 2pz         -0.00809   0.01744
2 C 3px          0.00000  -0.00000
2 C 3py         -0.00000   0.00000
2 C 3pz         -0.00193   0.01803
3 C 1s          -0.00000   0.00000
3 C 2s          -0.00000   0.00000
3 C 3s           0.00000  -0.00000
3 C 2px          0.00000  -0.00000
3 C 2py          0.00000   0.00000
3 C 2pz          0.04078   0.08575
3 C 3px         -0.00000   0.00000
3 C 3py         -0.00000   0.00000
3 C 3pz         -0.01025   0.17333
4 H 1s           0.00000   0.00000
4 H 2s           0.00000  -0.00000
5 H 1s           0.00000  -0.00000
5 H 2s           0.00000  -0.00000
6 H 1s           0.00000   0.00000
6 H 2s          -0.00000   0.00000
7 H 1s          -0.00000  -0.00000
7 H 2s          -0.00000  -0.00000
8 H 1s          -0.00000  -0.00000
8 H 2s          -0.00000   0.00000
9 H 1s           0.00000   0.00000
9 H 2s           0.00000  -0.00000
10 C 1s         -0.00000  -0.00000
10 C 2s         -0.00000  -0.00000
10 C 3s          0.00000   0.00000
10 C 2px         0.00000   0.00000
10 C 2py         0.00000   0.00000
10 C 2pz        -0.05721  -0.04704
10 C 3px        -0.00000   0.00000
10 C 3py         0.00000  -0.00000
10 C 3pz        -0.06772  -0.02694
11 C 1s          0.00000  -0.00000
11 C 2s         -0.00000   0.00000
11 C 3s         -0.00000  -0.00000
11 C 2px        -0.00000   0.00000
11 C 2py         0.00000   0.00000
11 C 2pz         0.38975  -0.59171
11 C 3px        -0.00000   0.00000
11 C 3py         0.00000  -0.00000
11 C 3pz         0.29748  -0.42408
12 C 1s          0.00000  -0.00000
12 C 2s         -0.00000  -0.00000
12 C 3s          0.00000  -0.00000
12 C 2px         0.00000   0.00000
12 C 2py        -0.00000   0.00000
12 C 2pz         0.04076  -0.08410
12 C 3px        -0.00000   0.00000
12 C 3py         0.00000  -0.00000
12 C 3pz        -0.01320  -0.17326
13 C 1s          0.00000  -0.00000
13 C 2s          0.00000   0.00000
13 C 3s         -0.00000   0.00000
13 C 2px         0.00000   0.00000
13 C 2py        -0.00000  -0.00000
13 C 2pz         0.38902   0.59005
13 C 3px        -0.00000   0.00000
13 C 3py         0.00000  -0.00000
13 C 3pz         0.29690   0.42541
14 H 1s         -0.00000  -0.00000
14 H 2s         -0.00000   0.00000
15 H 1s          0.00000   0.00000
15 H 2s          0.00000  -0.00000
16 H 1s          0.00000  -0.00000
16 H 2s          0.00000   0.00000
17 H 1s          0.00000   0.00000
17 H 2s          0.00000   0.00000
Fragment 3 natural orbitals
Natural occ [1.9180349 0.0819651]
Natural orbital (expansion on AOs) in CAS space
               #1        #2       
0 C 1s          -0.00000   0.00000
0 C 2s          -0.00000   0.00000
0 C 3s          -0.00000  -0.00000
0 C 2px          0.00000  -0.00000
0 C 2py         -0.00000   0.00000
0 C 2pz         -0.00746   0.00699
0 C 3px         -0.00000  -0.00000
0 C 3py         -0.00000   0.00000
0 C 3pz         -0.00976   0.00805
1 C 1s          -0.00000  -0.00000
1 C 2s           0.00000  -0.00000
1 C 3s           0.00000   0.00000
1 C 2px         -0.00000  -0.00000
1 C 2py          0.00000   0.00000
1 C 2pz          0.38943   0.56490
1 C 3px         -0.00000  -0.00000
1 C 3py         -0.00000   0.00000
1 C 3pz          0.30277   0.39228
2 C 1s           0.00000  -0.00000
2 C 2s           0.00000  -0.00000
2 C 3s          -0.00000   0.00000
2 C 2px          0.00000  -0.00000
2 C 2py         -0.00000   0.00000
2 C 2pz          0.00224   0.00544
2 C 3px         -0.00000  -0.00000
2 C 3py          0.00000   0.00000
2 C 3pz          0.00082   0.00584
3 C 1s          -0.00000   0.00000
3 C 2s           0.00000  -0.00000
3 C 3s          -0.00000  -0.00000
3 C 2px          0.00000  -0.00000
3 C 2py         -0.00000   0.00000
3 C 2pz          0.39253  -0.59249
3 C 3px          0.00000  -0.00000
3 C 3py          0.00000   0.00000
3 C 3pz          0.29131  -0.43635
4 H 1s          -0.00000   0.00000
4 H 2s           0.00000   0.00000
5 H 1s          -0.00000  -0.00000
5 H 2s          -0.00000  -0.00000
6 H 1s          -0.00000   0.00000
6 H 2s          -0.00000  -0.00000
7 H 1s           0.00000  -0.00000
7 H 2s           0.00000  -0.00000
8 H 1s           0.00000  -0.00000
8 H 2s           0.00000   0.00000
9 H 1s          -0.00000   0.00000
9 H 2s          -0.00000  -0.00000
10 C 1s         -0.00000  -0.00000
10 C 2s         -0.00000  -0.00000
10 C 3s          0.00000   0.00000
10 C 2px         0.00000   0.00000
10 C 2py         0.00000   0.00000
10 C 2pz         0.01935  -0.01843
10 C 3px         0.00000   0.00000
10 C 3py        -0.00000  -0.00000
10 C 3pz         0.02338  -0.01956
11 C 1s         -0.00000  -0.00000
11 C 2s         -0.00000   0.00000
11 C 3s          0.00000   0.00000
11 C 2px        -0.00000  -0.00000
11 C 2py         0.00000   0.00000
11 C 2pz         0.03529   0.08109
11 C 3px         0.00000  -0.00000
11 C 3py         0.00000  -0.00000
11 C 3pz        -0.01697   0.16674
12 C 1s          0.00000   0.00000
12 C 2s          0.00000   0.00000
12 C 3s         -0.00000  -0.00000
12 C 2px        -0.00000   0.00000
12 C 2py         0.00000   0.00000
12 C 2pz        -0.00733  -0.01752
12 C 3px         0.00000   0.00000
12 C 3py        -0.00000  -0.00000
12 C 3pz        -0.00023  -0.01963
13 C 1s          0.00000   0.00000
13 C 2s          0.00000   0.00000
13 C 3s         -0.00000   0.00000
13 C 2px         0.00000   0.00000
13 C 2py        -0.00000  -0.00000
13 C 2pz        -0.05740   0.05208
13 C 3px        -0.00000  -0.00000
13 C 3py         0.00000   0.00000
13 C 3pz        -0.06648   0.03483
14 H 1s          0.00000  -0.00000
14 H 2s          0.00000   0.00000
15 H 1s         -0.00000  -0.00000
15 H 2s         -0.00000  -0.00000
16 H 1s         -0.00000  -0.00000
16 H 2s         -0.00000  -0.00000
17 H 1s         -0.00000  -0.00000
17 H 2s         -0.00000  -0.00000
LASCI energy = -308.686544526542

******** CASCI flags ********
CAS (4e+4e, 8o), ncore = 25, nvir = 59
natorb = False
canonicalization = True
sorting_mo_energy = False
max_memory 4000 (MB)
******** <class 'pyscf.fci.direct_spin1.FCISolver'> ********
max. cycles = 200
conv_tol = 1e-08
davidson only = False
linear dependence = 1e-12
level shift = 0.001
max iter space = 12
max_memory 4000 MB
nroots = 1
pspace_size = 400
spin = None
Density matrix diagonal elements [1.90109833 0.09930758 1.89980975 0.09978433 1.89980975 0.09978433
 1.90109833 0.09930758]
CASCI converged
CASCI E = -308.702164605702  E(CI) = -8.65317382056531  S^2 = 0.0000000

******** CASCI flags ********
CAS (4e+4e, 8o), ncore = 25, nvir = 59
natorb = False
canonicalization = True
sorting_mo_energy = False
max_memory 4000 (MB)
******** <class 'mrh.exploratory.unitary_cc.lasuccsd.FCISolver_USCC'> ********
max. cycles = 100
conv_tol = 1e-10
davidson only = False
linear dependence = 1e-14
level shift = 0.001
max iter space = 12
max_memory 4000 MB
nroots = 1
pspace_size = 400
spin = None
LASCI object has 2797 degrees of freedom
iteration 0, E = -308.694497, |x| = 1.829713e-01, |g| = 1.645748e-01
iteration 1, E = -308.697802, |x| = 1.784690e-01, |g| = 1.446049e-01
iteration 2, E = -308.700626, |x| = 1.706304e-01, |g| = 8.882695e-02
iteration 3, E = -308.701122, |x| = 1.720809e-01, |g| = 3.847243e-02
iteration 4, E = -308.701288, |x| = 1.766799e-01, |g| = 3.406142e-02
iteration 5, E = -308.701494, |x| = 1.858865e-01, |g| = 1.550410e-02
iteration 6, E = -308.701539, |x| = 2.045391e-01, |g| = 3.698194e-02
iteration 7, E = -308.701604, |x| = 2.074186e-01, |g| = 2.338852e-02
iteration 8, E = -308.701668, |x| = 2.066201e-01, |g| = 2.267578e-02
iteration 9, E = -308.701705, |x| = 2.044606e-01, |g| = 1.893472e-02
iteration 10, E = -308.701728, |x| = 2.044799e-01, |g| = 2.231281e-02
iteration 11, E = -308.701759, |x| = 2.055309e-01, |g| = 1.546263e-02
iteration 12, E = -308.701794, |x| = 2.097510e-01, |g| = 1.481311e-02
iteration 13, E = -308.701817, |x| = 2.158466e-01, |g| = 1.522480e-02
iteration 14, E = -308.701842, |x| = 2.193840e-01, |g| = 1.304443e-02
iteration 15, E = -308.701864, |x| = 2.227612e-01, |g| = 1.317657e-02
iteration 16, E = -308.701876, |x| = 2.255331e-01, |g| = 1.520874e-02
iteration 17, E = -308.701893, |x| = 2.268452e-01, |g| = 1.093958e-02
iteration 18, E = -308.701911, |x| = 2.295038e-01, |g| = 1.226184e-02
iteration 19, E = -308.701933, |x| = 2.332109e-01, |g| = 8.332178e-03
iteration 20, E = -308.701943, |x| = 2.408091e-01, |g| = 1.795333e-02
iteration 21, E = -308.701958, |x| = 2.436247e-01, |g| = 1.398604e-02
iteration 22, E = -308.701973, |x| = 2.471935e-01, |g| = 1.277042e-02
iteration 23, E = -308.701986, |x| = 2.502423e-01, |g| = 8.104710e-03
iteration 24, E = -308.701992, |x| = 2.512312e-01, |g| = 8.066724e-03
iteration 25, E = -308.702000, |x| = 2.522932e-01, |g| = 7.359228e-03
iteration 26, E = -308.702010, |x| = 2.544242e-01, |g| = 7.587518e-03
iteration 27, E = -308.702023, |x| = 2.584252e-01, |g| = 7.641908e-03
iteration 28, E = -308.702036, |x| = 2.650001e-01, |g| = 8.227955e-03
iteration 29, E = -308.702041, |x| = 2.733321e-01, |g| = 1.324375e-02
iteration 30, E = -308.702047, |x| = 2.744866e-01, |g| = 1.021386e-02
iteration 31, E = -308.702055, |x| = 2.746835e-01, |g| = 8.842683e-03
iteration 32, E = -308.702063, |x| = 2.743516e-01, |g| = 4.614373e-03
iteration 33, E = -308.702065, |x| = 2.762205e-01, |g| = 1.114918e-02
iteration 34, E = -308.702069, |x| = 2.769633e-01, |g| = 9.949346e-03
iteration 35, E = -308.702075, |x| = 2.787729e-01, |g| = 7.716731e-03
iteration 36, E = -308.702082, |x| = 2.822990e-01, |g| = 5.988412e-03
iteration 37, E = -308.702090, |x| = 2.878148e-01, |g| = 5.917632e-03
iteration 38, E = -308.702094, |x| = 2.908817e-01, |g| = 5.700572e-03
iteration 39, E = -308.702095, |x| = 2.941152e-01, |g| = 8.527601e-03
iteration 40, E = -308.702097, |x| = 2.948074e-01, |g| = 7.049441e-03
iteration 41, E = -308.702101, |x| = 2.956509e-01, |g| = 5.116827e-03
iteration 42, E = -308.702105, |x| = 2.973461e-01, |g| = 4.127323e-03
iteration 43, E = -308.702107, |x| = 2.998933e-01, |g| = 5.448542e-03
iteration 44, E = -308.702108, |x| = 3.006502e-01, |g| = 4.450716e-03
iteration 45, E = -308.702110, |x| = 3.013262e-01, |g| = 3.339584e-03
iteration 46, E = -308.702111, |x| = 3.022618e-01, |g| = 3.957316e-03
iteration 47, E = -308.702112, |x| = 3.029445e-01, |g| = 2.800526e-03
iteration 48, E = -308.702113, |x| = 3.041233e-01, |g| = 4.186680e-03
iteration 49, E = -308.702115, |x| = 3.050635e-01, |g| = 2.762867e-03
iteration 50, E = -308.702116, |x| = 3.069540e-01, |g| = 2.730393e-03
iteration 51, E = -308.702117, |x| = 3.085558e-01, |g| = 2.833120e-03
iteration 52, E = -308.702118, |x| = 3.095641e-01, |g| = 3.490250e-03
iteration 53, E = -308.702119, |x| = 3.101039e-01, |g| = 2.604714e-03
iteration 54, E = -308.702120, |x| = 3.107586e-01, |g| = 3.310045e-03
iteration 55, E = -308.702122, |x| = 3.115505e-01, |g| = 2.225734e-03
iteration 56, E = -308.702123, |x| = 3.138588e-01, |g| = 3.358394e-03
iteration 57, E = -308.702124, |x| = 3.161407e-01, |g| = 2.986616e-03
iteration 58, E = -308.702126, |x| = 3.184768e-01, |g| = 2.611004e-03
iteration 59, E = -308.702128, |x| = 3.210793e-01, |g| = 3.525818e-03
iteration 60, E = -308.702129, |x| = 3.229570e-01, |g| = 2.455626e-03
iteration 61, E = -308.702131, |x| = 3.241036e-01, |g| = 1.947755e-03
iteration 62, E = -308.702132, |x| = 3.262076e-01, |g| = 2.301980e-03
iteration 63, E = -308.702133, |x| = 3.294531e-01, |g| = 4.126356e-03
iteration 64, E = -308.702135, |x| = 3.311709e-01, |g| = 2.819697e-03
iteration 65, E = -308.702136, |x| = 3.333550e-01, |g| = 1.473849e-03
iteration 66, E = -308.702137, |x| = 3.348539e-01, |g| = 1.745146e-03
iteration 67, E = -308.702138, |x| = 3.369269e-01, |g| = 1.824686e-03
iteration 68, E = -308.702140, |x| = 3.404245e-01, |g| = 1.612674e-03
iteration 69, E = -308.702141, |x| = 3.437565e-01, |g| = 1.635803e-03
iteration 70, E = -308.702142, |x| = 3.454093e-01, |g| = 1.437652e-03
iteration 71, E = -308.702143, |x| = 3.476666e-01, |g| = 1.549731e-03
iteration 72, E = -308.702144, |x| = 3.515416e-01, |g| = 1.607384e-03
iteration 73, E = -308.702145, |x| = 3.535036e-01, |g| = 1.141549e-03
iteration 74, E = -308.702146, |x| = 3.542586e-01, |g| = 1.032207e-03
iteration 75, E = -308.702146, |x| = 3.552820e-01, |g| = 1.120888e-03
iteration 76, E = -308.702147, |x| = 3.573925e-01, |g| = 1.005015e-03
iteration 77, E = -308.702147, |x| = 3.589552e-01, |g| = 7.373606e-04
iteration 78, E = -308.702147, |x| = 3.596511e-01, |g| = 9.214148e-04
iteration 79, E = -308.702148, |x| = 3.601196e-01, |g| = 1.112722e-03
iteration 80, E = -308.702148, |x| = 3.613565e-01, |g| = 9.433248e-04
iteration 81, E = -308.702149, |x| = 3.630832e-01, |g| = 7.960994e-04
iteration 82, E = -308.702149, |x| = 3.646461e-01, |g| = 9.177802e-04
iteration 83, E = -308.702150, |x| = 3.662288e-01, |g| = 8.736845e-04
iteration 84, E = -308.702150, |x| = 3.676000e-01, |g| = 6.410102e-04
iteration 85, E = -308.702151, |x| = 3.685370e-01, |g| = 7.168295e-04
iteration 86, E = -308.702151, |x| = 3.694174e-01, |g| = 8.331847e-04
iteration 87, E = -308.702151, |x| = 3.703037e-01, |g| = 8.368842e-04
iteration 88, E = -308.702152, |x| = 3.711948e-01, |g| = 6.641602e-04
iteration 89, E = -308.702152, |x| = 3.724163e-01, |g| = 7.421327e-04
iteration 90, E = -308.702152, |x| = 3.739897e-01, |g| = 7.071283e-04
iteration 91, E = -308.702152, |x| = 3.755315e-01, |g| = 5.751946e-04
iteration 92, E = -308.702153, |x| = 3.766786e-01, |g| = 5.904010e-04
iteration 93, E = -308.702153, |x| = 3.776702e-01, |g| = 7.285790e-04
iteration 94, E = -308.702153, |x| = 3.784612e-01, |g| = 7.513908e-04
iteration 95, E = -308.702154, |x| = 3.793215e-01, |g| = 7.007500e-04
iteration 96, E = -308.702154, |x| = 3.805728e-01, |g| = 6.735677e-04
iteration 97, E = -308.702154, |x| = 3.820099e-01, |g| = 7.015098e-04
iteration 98, E = -308.702155, |x| = 3.835164e-01, |g| = 6.804516e-04
iteration 99, E = -308.702155, |x| = 3.850935e-01, |g| = 6.881686e-04
iteration 100, E = -308.702155, |x| = 3.861284e-01, |g| = 6.765949e-04
iteration 101, E = -308.702155, |x| = 3.865950e-01, |g| = 5.614535e-04
iteration 102, E = -308.702155, |x| = 3.873091e-01, |g| = 5.009458e-04
iteration 103, E = -308.702156, |x| = 3.883109e-01, |g| = 5.212216e-04
iteration 104, E = -308.702156, |x| = 3.897317e-01, |g| = 4.925768e-04
iteration 105, E = -308.702156, |x| = 3.913082e-01, |g| = 4.457076e-04
iteration 106, E = -308.702156, |x| = 3.921813e-01, |g| = 4.582770e-04
iteration 107, E = -308.702156, |x| = 3.927961e-01, |g| = 4.832422e-04
iteration 108, E = -308.702157, |x| = 3.933365e-01, |g| = 4.760605e-04
iteration 109, E = -308.702157, |x| = 3.940599e-01, |g| = 5.161740e-04
iteration 110, E = -308.702157, |x| = 3.950142e-01, |g| = 5.290274e-04
iteration 111, E = -308.702157, |x| = 3.962611e-01, |g| = 4.552516e-04
iteration 112, E = -308.702157, |x| = 3.979291e-01, |g| = 4.487012e-04
iteration 113, E = -308.702157, |x| = 3.994021e-01, |g| = 5.461742e-04
iteration 114, E = -308.702158, |x| = 4.001296e-01, |g| = 5.402846e-04
iteration 115, E = -308.702158, |x| = 4.004997e-01, |g| = 4.937096e-04
iteration 116, E = -308.702158, |x| = 4.008041e-01, |g| = 4.949711e-04
iteration 117, E = -308.702158, |x| = 4.016452e-01, |g| = 4.774641e-04
iteration 118, E = -308.702158, |x| = 4.032585e-01, |g| = 3.997578e-04
iteration 119, E = -308.702158, |x| = 4.053459e-01, |g| = 4.067003e-04
iteration 120, E = -308.702158, |x| = 4.070011e-01, |g| = 4.661905e-04
iteration 121, E = -308.702159, |x| = 4.082992e-01, |g| = 4.714234e-04
iteration 122, E = -308.702159, |x| = 4.089961e-01, |g| = 3.936557e-04
iteration 123, E = -308.702159, |x| = 4.087994e-01, |g| = 3.629575e-04
iteration 124, E = -308.702159, |x| = 4.090988e-01, |g| = 3.573589e-04
iteration 125, E = -308.702159, |x| = 4.102274e-01, |g| = 3.634502e-04
iteration 126, E = -308.702159, |x| = 4.117025e-01, |g| = 3.498525e-04
iteration 127, E = -308.702159, |x| = 4.131608e-01, |g| = 3.083926e-04
iteration 128, E = -308.702159, |x| = 4.139154e-01, |g| = 2.999957e-04
iteration 129, E = -308.702160, |x| = 4.141052e-01, |g| = 3.081941e-04
iteration 130, E = -308.702160, |x| = 4.142002e-01, |g| = 2.912959e-04
iteration 131, E = -308.702160, |x| = 4.143761e-01, |g| = 2.812341e-04
iteration 132, E = -308.702160, |x| = 4.151966e-01, |g| = 2.775993e-04
iteration 133, E = -308.702160, |x| = 4.162446e-01, |g| = 2.590162e-04
iteration 134, E = -308.702160, |x| = 4.173230e-01, |g| = 2.614008e-04
iteration 135, E = -308.702160, |x| = 4.182629e-01, |g| = 2.780255e-04
iteration 136, E = -308.702160, |x| = 4.186736e-01, |g| = 2.748589e-04
iteration 137, E = -308.702160, |x| = 4.187927e-01, |g| = 2.682292e-04
iteration 138, E = -308.702160, |x| = 4.189966e-01, |g| = 2.550076e-04
iteration 139, E = -308.702160, |x| = 4.194595e-01, |g| = 2.430326e-04
iteration 140, E = -308.702160, |x| = 4.202742e-01, |g| = 2.505047e-04
iteration 141, E = -308.702160, |x| = 4.212855e-01, |g| = 2.464827e-04
iteration 142, E = -308.702160, |x| = 4.222100e-01, |g| = 2.299578e-04
iteration 143, E = -308.702160, |x| = 4.228518e-01, |g| = 2.336099e-04
iteration 144, E = -308.702161, |x| = 4.230162e-01, |g| = 2.222964e-04
iteration 145, E = -308.702161, |x| = 4.232457e-01, |g| = 2.335868e-04
iteration 146, E = -308.702161, |x| = 4.239265e-01, |g| = 2.720173e-04
iteration 147, E = -308.702161, |x| = 4.247419e-01, |g| = 2.644686e-04
iteration 148, E = -308.702161, |x| = 4.260881e-01, |g| = 2.556145e-04
iteration 149, E = -308.702161, |x| = 4.272190e-01, |g| = 2.707471e-04
iteration 150, E = -308.702161, |x| = 4.277415e-01, |g| = 2.760511e-04
iteration 151, E = -308.702161, |x| = 4.283415e-01, |g| = 2.667367e-04
iteration 152, E = -308.702161, |x| = 4.285565e-01, |g| = 2.365556e-04
iteration 153, E = -308.702161, |x| = 4.289749e-01, |g| = 2.204243e-04
iteration 154, E = -308.702161, |x| = 4.298819e-01, |g| = 2.246752e-04
iteration 155, E = -308.702161, |x| = 4.306909e-01, |g| = 2.127499e-04
iteration 156, E = -308.702161, |x| = 4.316971e-01, |g| = 1.926847e-04
iteration 157, E = -308.702161, |x| = 4.321637e-01, |g| = 2.106821e-04
iteration 158, E = -308.702161, |x| = 4.321878e-01, |g| = 1.922632e-04
iteration 159, E = -308.702161, |x| = 4.322868e-01, |g| = 1.662697e-04
iteration 160, E = -308.702161, |x| = 4.320946e-01, |g| = 1.811175e-04
iteration 161, E = -308.702161, |x| = 4.324578e-01, |g| = 2.046696e-04
iteration 162, E = -308.702161, |x| = 4.333686e-01, |g| = 1.865905e-04
iteration 163, E = -308.702161, |x| = 4.342687e-01, |g| = 1.646034e-04
iteration 164, E = -308.702161, |x| = 4.350205e-01, |g| = 1.847287e-04
iteration 165, E = -308.702161, |x| = 4.354473e-01, |g| = 2.043474e-04
iteration 166, E = -308.702162, |x| = 4.358193e-01, |g| = 1.931491e-04
iteration 167, E = -308.702162, |x| = 4.358516e-01, |g| = 2.141316e-04
iteration 168, E = -308.702162, |x| = 4.358999e-01, |g| = 2.235254e-04
iteration 169, E = -308.702162, |x| = 4.365225e-01, |g| = 2.164984e-04
iteration 170, E = -308.702162, |x| = 4.376592e-01, |g| = 1.890765e-04
iteration 171, E = -308.702162, |x| = 4.384699e-01, |g| = 1.859919e-04
iteration 172, E = -308.702162, |x| = 4.397049e-01, |g| = 1.963414e-04
iteration 173, E = -308.702162, |x| = 4.406772e-01, |g| = 1.918219e-04
iteration 174, E = -308.702162, |x| = 4.408540e-01, |g| = 1.821637e-04
iteration 175, E = -308.702162, |x| = 4.409568e-01, |g| = 1.543620e-04
iteration 176, E = -308.702162, |x| = 4.409784e-01, |g| = 1.554729e-04
iteration 177, E = -308.702162, |x| = 4.410205e-01, |g| = 1.532332e-04
iteration 178, E = -308.702162, |x| = 4.414672e-01, |g| = 1.521943e-04
iteration 179, E = -308.702162, |x| = 4.421741e-01, |g| = 1.544652e-04
iteration 180, E = -308.702162, |x| = 4.427902e-01, |g| = 1.430202e-04
iteration 181, E = -308.702162, |x| = 4.428370e-01, |g| = 1.385331e-04
iteration 182, E = -308.702162, |x| = 4.432464e-01, |g| = 1.575815e-04
iteration 183, E = -308.702162, |x| = 4.433678e-01, |g| = 1.844174e-04
iteration 184, E = -308.702162, |x| = 4.436345e-01, |g| = 1.701261e-04
iteration 185, E = -308.702162, |x| = 4.444432e-01, |g| = 1.545222e-04
iteration 186, E = -308.702162, |x| = 4.447826e-01, |g| = 1.574902e-04
iteration 187, E = -308.702162, |x| = 4.456445e-01, |g| = 1.669788e-04
iteration 188, E = -308.702162, |x| = 4.460175e-01, |g| = 1.685377e-04
iteration 189, E = -308.702162, |x| = 4.467460e-01, |g| = 1.539608e-04
iteration 190, E = -308.702162, |x| = 4.468767e-01, |g| = 1.590852e-04
iteration 191, E = -308.702162, |x| = 4.472475e-01, |g| = 1.516638e-04
iteration 192, E = -308.702162, |x| = 4.476788e-01, |g| = 1.266397e-04
iteration 193, E = -308.702162, |x| = 4.479587e-01, |g| = 1.306481e-04
iteration 194, E = -308.702162, |x| = 4.489769e-01, |g| = 1.513498e-04
iteration 195, E = -308.702162, |x| = 4.490892e-01, |g| = 1.480281e-04
iteration 196, E = -308.702162, |x| = 4.496044e-01, |g| = 1.191082e-04
iteration 197, E = -308.702162, |x| = 4.495626e-01, |g| = 1.224550e-04
iteration 198, E = -308.702162, |x| = 4.496211e-01, |g| = 1.491725e-04
iteration 199, E = -308.702162, |x| = 4.499041e-01, |g| = 1.536439e-04
iteration 200, E = -308.702162, |x| = 4.504846e-01, |g| = 1.312560e-04
iteration 201, E = -308.702162, |x| = 4.515168e-01, |g| = 1.359737e-04
iteration 202, E = -308.702162, |x| = 4.519760e-01, |g| = 1.493761e-04
iteration 203, E = -308.702162, |x| = 4.524506e-01, |g| = 1.142390e-04
iteration 204, E = -308.702163, |x| = 4.524765e-01, |g| = 1.094427e-04
iteration 205, E = -308.702163, |x| = 4.522792e-01, |g| = 1.239969e-04
iteration 206, E = -308.702163, |x| = 4.523267e-01, |g| = 1.220335e-04
iteration 207, E = -308.702163, |x| = 4.527705e-01, |g| = 1.138645e-04
iteration 208, E = -308.702163, |x| = 4.531496e-01, |g| = 1.005581e-04
iteration 209, E = -308.702163, |x| = 4.539147e-01, |g| = 1.058151e-04
iteration 210, E = -308.702163, |x| = 4.546156e-01, |g| = 1.126744e-04
iteration 211, E = -308.702163, |x| = 4.549334e-01, |g| = 1.064540e-04
iteration 212, E = -308.702163, |x| = 4.549199e-01, |g| = 1.021548e-04
iteration 213, E = -308.702163, |x| = 4.544302e-01, |g| = 1.034374e-04
iteration 214, E = -308.702163, |x| = 4.543812e-01, |g| = 1.108971e-04
iteration 215, E = -308.702163, |x| = 4.543935e-01, |g| = 1.118556e-04
iteration 216, E = -308.702163, |x| = 4.552131e-01, |g| = 1.259863e-04
iteration 217, E = -308.702163, |x| = 4.559783e-01, |g| = 1.091413e-04
iteration 218, E = -308.702163, |x| = 4.566964e-01, |g| = 9.983531e-05
iteration 219, E = -308.702163, |x| = 4.570378e-01, |g| = 1.202708e-04
iteration 220, E = -308.702163, |x| = 4.572931e-01, |g| = 1.248011e-04
iteration 221, E = -308.702163, |x| = 4.571245e-01, |g| = 1.150367e-04
iteration 222, E = -308.702163, |x| = 4.572649e-01, |g| = 1.079713e-04
iteration 223, E = -308.702163, |x| = 4.572322e-01, |g| = 1.028766e-04
iteration 224, E = -308.702163, |x| = 4.580741e-01, |g| = 1.092177e-04
iteration 225, E = -308.702163, |x| = 4.584744e-01, |g| = 1.072697e-04
iteration 226, E = -308.702163, |x| = 4.591469e-01, |g| = 1.040241e-04
iteration 227, E = -308.702163, |x| = 4.596282e-01, |g| = 1.051655e-04
iteration 228, E = -308.702163, |x| = 4.596222e-01, |g| = 1.080383e-04
iteration 229, E = -308.702163, |x| = 4.593589e-01, |g| = 9.522967e-05
iteration 230, E = -308.702163, |x| = 4.596372e-01, |g| = 9.962391e-05
iteration 231, E = -308.702163, |x| = 4.595765e-01, |g| = 1.072674e-04
iteration 232, E = -308.702163, |x| = 4.601221e-01, |g| = 1.086597e-04
iteration 233, E = -308.702163, |x| = 4.607578e-01, |g| = 9.282117e-05
iteration 234, E = -308.702163, |x| = 4.611134e-01, |g| = 9.753660e-05
iteration 235, E = -308.702163, |x| = 4.613369e-01, |g| = 1.135554e-04
iteration 236, E = -308.702163, |x| = 4.615982e-01, |g| = 1.081363e-04
iteration 237, E = -308.702163, |x| = 4.615206e-01, |g| = 9.903138e-05
iteration 238, E = -308.702163, |x| = 4.616793e-01, |g| = 1.027447e-04
iteration 239, E = -308.702163, |x| = 4.620519e-01, |g| = 1.113574e-04
iteration 240, E = -308.702163, |x| = 4.626799e-01, |g| = 1.015764e-04
iteration 241, E = -308.702163, |x| = 4.632535e-01, |g| = 9.581766e-05
iteration 242, E = -308.702163, |x| = 4.637930e-01, |g| = 1.020577e-04
iteration 243, E = -308.702163, |x| = 4.643660e-01, |g| = 1.103363e-04
iteration 244, E = -308.702163, |x| = 4.644547e-01, |g| = 1.019590e-04
iteration 245, E = -308.702163, |x| = 4.645903e-01, |g| = 9.490796e-05
iteration 246, E = -308.702163, |x| = 4.645421e-01, |g| = 1.052108e-04
iteration 247, E = -308.702163, |x| = 4.645342e-01, |g| = 1.169758e-04
iteration 248, E = -308.702163, |x| = 4.649148e-01, |g| = 1.212407e-04
iteration 249, E = -308.702163, |x| = 4.655936e-01, |g| = 1.065239e-04
iteration 250, E = -308.702163, |x| = 4.662950e-01, |g| = 9.782347e-05
iteration 251, E = -308.702163, |x| = 4.670638e-01, |g| = 1.083165e-04
iteration 252, E = -308.702163, |x| = 4.680728e-01, |g| = 1.161567e-04
iteration 253, E = -308.702163, |x| = 4.682390e-01, |g| = 1.132838e-04
iteration 254, E = -308.702163, |x| = 4.687773e-01, |g| = 1.008013e-04
iteration 255, E = -308.702163, |x| = 4.685108e-01, |g| = 9.829790e-05
iteration 256, E = -308.702163, |x| = 4.685806e-01, |g| = 9.079875e-05
iteration 257, E = -308.702163, |x| = 4.688897e-01, |g| = 8.583797e-05
iteration 258, E = -308.702163, |x| = 4.695252e-01, |g| = 8.755050e-05
iteration 259, E = -308.702163, |x| = 4.702900e-01, |g| = 8.018065e-05
iteration 260, E = -308.702163, |x| = 4.709892e-01, |g| = 7.930003e-05
iteration 261, E = -308.702163, |x| = 4.716908e-01, |g| = 8.695435e-05
iteration 262, E = -308.702163, |x| = 4.718853e-01, |g| = 1.043610e-04
iteration 263, E = -308.702163, |x| = 4.722126e-01, |g| = 9.269249e-05
iteration 264, E = -308.702163, |x| = 4.717683e-01, |g| = 1.024353e-04
iteration 265, E = -308.702163, |x| = 4.720170e-01, |g| = 9.961941e-05
iteration 266, E = -308.702163, |x| = 4.718146e-01, |g| = 1.006805e-04
iteration 267, E = -308.702163, |x| = 4.724916e-01, |g| = 1.194262e-04
iteration 268, E = -308.702163, |x| = 4.728737e-01, |g| = 1.050293e-04
iteration 269, E = -308.702163, |x| = 4.740120e-01, |g| = 1.073461e-04
iteration 270, E = -308.702163, |x| = 4.745439e-01, |g| = 1.034316e-04
iteration 271, E = -308.702163, |x| = 4.749209e-01, |g| = 9.995034e-05
iteration 272, E = -308.702163, |x| = 4.749859e-01, |g| = 9.044148e-05
iteration 273, E = -308.702163, |x| = 4.748305e-01, |g| = 8.175916e-05
iteration 274, E = -308.702163, |x| = 4.747275e-01, |g| = 8.579000e-05
iteration 275, E = -308.702163, |x| = 4.750742e-01, |g| = 9.081653e-05
iteration 276, E = -308.702163, |x| = 4.753720e-01, |g| = 6.883144e-05
iteration 277, E = -308.702163, |x| = 4.761259e-01, |g| = 6.425180e-05
iteration 278, E = -308.702163, |x| = 4.766464e-01, |g| = 6.942268e-05
iteration 279, E = -308.702163, |x| = 4.770083e-01, |g| = 7.322806e-05
iteration 280, E = -308.702163, |x| = 4.773146e-01, |g| = 6.807203e-05
iteration 281, E = -308.702163, |x| = 4.770767e-01, |g| = 6.547719e-05
iteration 282, E = -308.702163, |x| = 4.768932e-01, |g| = 6.873359e-05
iteration 283, E = -308.702163, |x| = 4.767321e-01, |g| = 8.487534e-05
iteration 284, E = -308.702163, |x| = 4.767372e-01, |g| = 9.049476e-05
iteration 285, E = -308.702163, |x| = 4.774140e-01, |g| = 9.383850e-05
iteration 286, E = -308.702163, |x| = 4.781303e-01, |g| = 8.416925e-05
iteration 287, E = -308.702163, |x| = 4.792188e-01, |g| = 8.785530e-05
iteration 288, E = -308.702163, |x| = 4.799839e-01, |g| = 9.546147e-05
iteration 289, E = -308.702163, |x| = 4.803550e-01, |g| = 9.820234e-05
iteration 290, E = -308.702163, |x| = 4.805129e-01, |g| = 8.598038e-05
iteration 291, E = -308.702163, |x| = 4.801789e-01, |g| = 8.472603e-05
iteration 292, E = -308.702163, |x| = 4.801719e-01, |g| = 8.847685e-05
iteration 293, E = -308.702163, |x| = 4.802098e-01, |g| = 7.209149e-05
iteration 294, E = -308.702163, |x| = 4.808479e-01, |g| = 6.818061e-05
iteration 295, E = -308.702163, |x| = 4.812803e-01, |g| = 6.438968e-05
iteration 296, E = -308.702163, |x| = 4.818793e-01, |g| = 6.227199e-05
iteration 297, E = -308.702163, |x| = 4.820525e-01, |g| = 6.414732e-05
iteration 298, E = -308.702163, |x| = 4.822020e-01, |g| = 6.278432e-05
iteration 299, E = -308.702163, |x| = 4.820592e-01, |g| = 6.322002e-05
iteration 300, E = -308.702163, |x| = 4.821304e-01, |g| = 7.010690e-05
iteration 301, E = -308.702163, |x| = 4.821899e-01, |g| = 6.465649e-05
iteration 302, E = -308.702163, |x| = 4.826830e-01, |g| = 7.086652e-05
iteration 303, E = -308.702163, |x| = 4.833176e-01, |g| = 7.976736e-05
iteration 304, E = -308.702163, |x| = 4.841870e-01, |g| = 8.480123e-05
iteration 305, E = -308.702164, |x| = 4.846962e-01, |g| = 9.570715e-05
iteration 306, E = -308.702164, |x| = 4.853831e-01, |g| = 8.706698e-05
iteration 307, E = -308.702164, |x| = 4.849831e-01, |g| = 8.725740e-05
iteration 308, E = -308.702164, |x| = 4.852646e-01, |g| = 8.361253e-05
iteration 309, E = -308.702164, |x| = 4.848261e-01, |g| = 7.780512e-05
iteration 310, E = -308.702164, |x| = 4.855548e-01, |g| = 7.794802e-05
iteration 311, E = -308.702164, |x| = 4.858597e-01, |g| = 6.844659e-05
iteration 312, E = -308.702164, |x| = 4.868455e-01, |g| = 6.230159e-05
iteration 313, E = -308.702164, |x| = 4.869463e-01, |g| = 5.492504e-05
iteration 314, E = -308.702164, |x| = 4.872598e-01, |g| = 6.080068e-05
iteration 315, E = -308.702164, |x| = 4.874692e-01, |g| = 6.005374e-05
iteration 316, E = -308.702164, |x| = 4.877884e-01, |g| = 5.542456e-05
iteration 317, E = -308.702164, |x| = 4.878667e-01, |g| = 4.906425e-05
iteration 318, E = -308.702164, |x| = 4.881625e-01, |g| = 5.619359e-05
iteration 319, E = -308.702164, |x| = 4.882972e-01, |g| = 6.598918e-05
iteration 320, E = -308.702164, |x| = 4.886477e-01, |g| = 6.597720e-05
iteration 321, E = -308.702164, |x| = 4.888735e-01, |g| = 6.741872e-05
iteration 322, E = -308.702164, |x| = 4.892576e-01, |g| = 6.994669e-05
iteration 323, E = -308.702164, |x| = 4.895994e-01, |g| = 7.230264e-05
iteration 324, E = -308.702164, |x| = 4.901214e-01, |g| = 7.679069e-05
iteration 325, E = -308.702164, |x| = 4.906838e-01, |g| = 7.560171e-05
iteration 326, E = -308.702164, |x| = 4.912544e-01, |g| = 7.736733e-05
iteration 327, E = -308.702164, |x| = 4.918104e-01, |g| = 7.427205e-05
iteration 328, E = -308.702164, |x| = 4.922128e-01, |g| = 6.401897e-05
iteration 329, E = -308.702164, |x| = 4.923060e-01, |g| = 6.318530e-05
iteration 330, E = -308.702164, |x| = 4.926740e-01, |g| = 6.246039e-05
iteration 331, E = -308.702164, |x| = 4.928231e-01, |g| = 5.922471e-05
iteration 332, E = -308.702164, |x| = 4.931481e-01, |g| = 5.067920e-05
iteration 333, E = -308.702164, |x| = 4.934635e-01, |g| = 4.931739e-05
iteration 334, E = -308.702164, |x| = 4.936614e-01, |g| = 5.159906e-05
iteration 335, E = -308.702164, |x| = 4.940170e-01, |g| = 5.494530e-05
iteration 336, E = -308.702164, |x| = 4.943058e-01, |g| = 5.555351e-05
iteration 337, E = -308.702164, |x| = 4.946082e-01, |g| = 5.028334e-05
iteration 338, E = -308.702164, |x| = 4.946338e-01, |g| = 4.879298e-05
iteration 339, E = -308.702164, |x| = 4.949304e-01, |g| = 5.147187e-05
iteration 340, E = -308.702164, |x| = 4.948489e-01, |g| = 6.052522e-05
iteration 341, E = -308.702164, |x| = 4.953576e-01, |g| = 6.171216e-05
iteration 342, E = -308.702164, |x| = 4.953558e-01, |g| = 6.097832e-05
iteration 343, E = -308.702164, |x| = 4.959688e-01, |g| = 6.384943e-05
iteration 344, E = -308.702164, |x| = 4.960963e-01, |g| = 5.975963e-05
iteration 345, E = -308.702164, |x| = 4.966268e-01, |g| = 6.139860e-05
iteration 346, E = -308.702164, |x| = 4.967977e-01, |g| = 6.201202e-05
iteration 347, E = -308.702164, |x| = 4.974245e-01, |g| = 5.956796e-05
iteration 348, E = -308.702164, |x| = 4.975697e-01, |g| = 5.778313e-05
iteration 349, E = -308.702164, |x| = 4.978391e-01, |g| = 5.540447e-05
iteration 350, E = -308.702164, |x| = 4.979579e-01, |g| = 5.109839e-05
iteration 351, E = -308.702164, |x| = 4.981260e-01, |g| = 5.291441e-05
iteration 352, E = -308.702164, |x| = 4.983039e-01, |g| = 5.417561e-05
iteration 353, E = -308.702164, |x| = 4.987142e-01, |g| = 5.488484e-05
iteration 354, E = -308.702164, |x| = 4.989094e-01, |g| = 4.648564e-05
iteration 355, E = -308.702164, |x| = 4.992964e-01, |g| = 4.660723e-05
iteration 356, E = -308.702164, |x| = 4.996576e-01, |g| = 5.033588e-05
iteration 357, E = -308.702164, |x| = 4.999201e-01, |g| = 5.369974e-05
iteration 358, E = -308.702164, |x| = 5.003250e-01, |g| = 5.108830e-05
iteration 359, E = -308.702164, |x| = 5.006361e-01, |g| = 5.218883e-05
iteration 360, E = -308.702164, |x| = 5.008415e-01, |g| = 5.753918e-05
iteration 361, E = -308.702164, |x| = 5.012888e-01, |g| = 6.087769e-05
iteration 362, E = -308.702164, |x| = 5.013783e-01, |g| = 5.774938e-05
iteration 363, E = -308.702164, |x| = 5.016795e-01, |g| = 5.400212e-05
iteration 364, E = -308.702164, |x| = 5.019202e-01, |g| = 5.472264e-05
iteration 365, E = -308.702164, |x| = 5.020940e-01, |g| = 5.265993e-05
iteration 366, E = -308.702164, |x| = 5.025043e-01, |g| = 4.883699e-05
iteration 367, E = -308.702164, |x| = 5.028523e-01, |g| = 4.717204e-05
iteration 368, E = -308.702164, |x| = 5.032934e-01, |g| = 5.035409e-05
iteration 369, E = -308.702164, |x| = 5.037391e-01, |g| = 4.986276e-05
iteration 370, E = -308.702164, |x| = 5.040377e-01, |g| = 4.994461e-05
iteration 371, E = -308.702164, |x| = 5.042144e-01, |g| = 5.022847e-05
iteration 372, E = -308.702164, |x| = 5.042561e-01, |g| = 5.340108e-05
iteration 373, E = -308.702164, |x| = 5.043289e-01, |g| = 5.289830e-05
iteration 374, E = -308.702164, |x| = 5.043015e-01, |g| = 5.376572e-05
iteration 375, E = -308.702164, |x| = 5.048037e-01, |g| = 5.801982e-05
iteration 376, E = -308.702164, |x| = 5.049716e-01, |g| = 5.439855e-05
iteration 377, E = -308.702164, |x| = 5.059649e-01, |g| = 5.392392e-05
iteration 378, E = -308.702164, |x| = 5.061475e-01, |g| = 5.665064e-05
iteration 379, E = -308.702164, |x| = 5.069660e-01, |g| = 5.272781e-05
iteration 380, E = -308.702164, |x| = 5.068531e-01, |g| = 6.207495e-05
iteration 381, E = -308.702164, |x| = 5.072722e-01, |g| = 4.901644e-05
iteration 382, E = -308.702164, |x| = 5.071605e-01, |g| = 4.696027e-05
iteration 383, E = -308.702164, |x| = 5.074678e-01, |g| = 5.231810e-05
iteration 384, E = -308.702164, |x| = 5.077189e-01, |g| = 4.869268e-05
iteration 385, E = -308.702164, |x| = 5.082937e-01, |g| = 4.388128e-05
iteration 386, E = -308.702164, |x| = 5.087725e-01, |g| = 4.582789e-05
iteration 387, E = -308.702164, |x| = 5.091913e-01, |g| = 4.836776e-05
iteration 388, E = -308.702164, |x| = 5.095249e-01, |g| = 5.204552e-05
iteration 389, E = -308.702164, |x| = 5.096183e-01, |g| = 5.296111e-05
iteration 390, E = -308.702164, |x| = 5.096040e-01, |g| = 5.210110e-05
iteration 391, E = -308.702164, |x| = 5.094880e-01, |g| = 4.927235e-05
iteration 392, E = -308.702164, |x| = 5.093804e-01, |g| = 4.998488e-05
iteration 393, E = -308.702164, |x| = 5.094554e-01, |g| = 5.239700e-05
iteration 394, E = -308.702164, |x| = 5.096509e-01, |g| = 5.248483e-05
iteration 395, E = -308.702164, |x| = 5.099374e-01, |g| = 5.025958e-05
iteration 396, E = -308.702164, |x| = 5.104345e-01, |g| = 5.078661e-05
iteration 397, E = -308.702164, |x| = 5.107247e-01, |g| = 4.137223e-05
iteration 398, E = -308.702164, |x| = 5.112464e-01, |g| = 4.088297e-05
iteration 399, E = -308.702164, |x| = 5.116172e-01, |g| = 4.437637e-05
iteration 400, E = -308.702164, |x| = 5.121673e-01, |g| = 4.630620e-05
iteration 401, E = -308.702164, |x| = 5.126858e-01, |g| = 4.070347e-05
iteration 402, E = -308.702164, |x| = 5.129320e-01, |g| = 4.162325e-05
iteration 403, E = -308.702164, |x| = 5.131658e-01, |g| = 4.432281e-05
iteration 404, E = -308.702164, |x| = 5.130347e-01, |g| = 4.317664e-05
iteration 405, E = -308.702164, |x| = 5.130247e-01, |g| = 4.725972e-05
iteration 406, E = -308.702164, |x| = 5.128548e-01, |g| = 4.241769e-05
iteration 407, E = -308.702164, |x| = 5.131969e-01, |g| = 4.649612e-05
iteration 408, E = -308.702164, |x| = 5.134169e-01, |g| = 4.460529e-05
iteration 409, E = -308.702164, |x| = 5.142203e-01, |g| = 4.364803e-05
iteration 410, E = -308.702164, |x| = 5.146489e-01, |g| = 4.517011e-05
iteration 411, E = -308.702164, |x| = 5.152153e-01, |g| = 4.277690e-05
iteration 412, E = -308.702164, |x| = 5.152704e-01, |g| = 4.522288e-05
iteration 413, E = -308.702164, |x| = 5.152444e-01, |g| = 3.930638e-05
iteration 414, E = -308.702164, |x| = 5.149231e-01, |g| = 3.639158e-05
iteration 415, E = -308.702164, |x| = 5.148220e-01, |g| = 3.870071e-05
iteration 416, E = -308.702164, |x| = 5.147656e-01, |g| = 3.684119e-05
iteration 417, E = -308.702164, |x| = 5.150897e-01, |g| = 3.628322e-05
iteration 418, E = -308.702164, |x| = 5.153865e-01, |g| = 3.314640e-05
iteration 419, E = -308.702164, |x| = 5.159174e-01, |g| = 3.482148e-05
iteration 420, E = -308.702164, |x| = 5.161557e-01, |g| = 3.885566e-05
iteration 421, E = -308.702164, |x| = 5.165160e-01, |g| = 3.761420e-05
iteration 422, E = -308.702164, |x| = 5.165054e-01, |g| = 3.951526e-05
iteration 423, E = -308.702164, |x| = 5.165223e-01, |g| = 3.960650e-05
iteration 424, E = -308.702164, |x| = 5.164794e-01, |g| = 4.192416e-05
iteration 425, E = -308.702164, |x| = 5.164280e-01, |g| = 4.327232e-05
iteration 426, E = -308.702164, |x| = 5.165821e-01, |g| = 3.902015e-05
iteration 427, E = -308.702164, |x| = 5.166693e-01, |g| = 3.990741e-05
iteration 428, E = -308.702164, |x| = 5.168730e-01, |g| = 4.038858e-05
iteration 429, E = -308.702164, |x| = 5.170254e-01, |g| = 4.329111e-05
iteration 430, E = -308.702164, |x| = 5.172640e-01, |g| = 4.461147e-05
iteration 431, E = -308.702164, |x| = 5.174120e-01, |g| = 3.872746e-05
iteration 432, E = -308.702164, |x| = 5.178347e-01, |g| = 3.637941e-05
iteration 433, E = -308.702164, |x| = 5.179444e-01, |g| = 3.283478e-05
iteration 434, E = -308.702164, |x| = 5.185106e-01, |g| = 3.306578e-05
iteration 435, E = -308.702164, |x| = 5.186187e-01, |g| = 3.969671e-05
iteration 436, E = -308.702164, |x| = 5.190636e-01, |g| = 3.386755e-05
iteration 437, E = -308.702164, |x| = 5.190908e-01, |g| = 3.341848e-05
iteration 438, E = -308.702164, |x| = 5.191502e-01, |g| = 3.502592e-05
iteration 439, E = -308.702164, |x| = 5.190820e-01, |g| = 3.863410e-05
iteration 440, E = -308.702164, |x| = 5.192151e-01, |g| = 4.298224e-05
iteration 441, E = -308.702164, |x| = 5.193138e-01, |g| = 3.838173e-05
iteration 442, E = -308.702164, |x| = 5.198296e-01, |g| = 4.120807e-05
iteration 443, E = -308.702164, |x| = 5.201713e-01, |g| = 4.090012e-05
iteration 444, E = -308.702164, |x| = 5.208139e-01, |g| = 4.126031e-05
iteration 445, E = -308.702164, |x| = 5.211337e-01, |g| = 3.638510e-05
iteration 446, E = -308.702164, |x| = 5.214617e-01, |g| = 3.439329e-05
iteration 447, E = -308.702164, |x| = 5.215926e-01, |g| = 3.753074e-05
iteration 448, E = -308.702164, |x| = 5.218248e-01, |g| = 3.666791e-05
iteration 449, E = -308.702164, |x| = 5.218975e-01, |g| = 3.309818e-05
iteration 450, E = -308.702164, |x| = 5.221549e-01, |g| = 3.015318e-05
iteration 451, E = -308.702164, |x| = 5.222363e-01, |g| = 2.933908e-05
iteration 452, E = -308.702164, |x| = 5.225020e-01, |g| = 3.273626e-05
iteration 453, E = -308.702164, |x| = 5.226036e-01, |g| = 3.046921e-05
iteration 454, E = -308.702164, |x| = 5.228271e-01, |g| = 2.653486e-05
iteration 455, E = -308.702164, |x| = 5.228556e-01, |g| = 2.798049e-05
iteration 456, E = -308.702164, |x| = 5.230636e-01, |g| = 2.941046e-05
iteration 457, E = -308.702164, |x| = 5.231333e-01, |g| = 3.118797e-05
iteration 458, E = -308.702164, |x| = 5.233998e-01, |g| = 3.297030e-05
iteration 459, E = -308.702164, |x| = 5.235205e-01, |g| = 3.138915e-05
iteration 460, E = -308.702164, |x| = 5.237655e-01, |g| = 3.359793e-05
iteration 461, E = -308.702164, |x| = 5.237890e-01, |g| = 3.442432e-05
iteration 462, E = -308.702164, |x| = 5.240496e-01, |g| = 3.522728e-05
iteration 463, E = -308.702164, |x| = 5.238913e-01, |g| = 3.315677e-05
iteration 464, E = -308.702164, |x| = 5.240299e-01, |g| = 3.242852e-05
iteration 465, E = -308.702164, |x| = 5.240121e-01, |g| = 3.181276e-05
iteration 466, E = -308.702164, |x| = 5.241506e-01, |g| = 3.063578e-05
iteration 467, E = -308.702164, |x| = 5.242619e-01, |g| = 2.836776e-05
iteration 468, E = -308.702164, |x| = 5.243770e-01, |g| = 2.826644e-05
iteration 469, E = -308.702164, |x| = 5.245273e-01, |g| = 2.723905e-05
iteration 470, E = -308.702164, |x| = 5.245874e-01, |g| = 2.621160e-05
iteration 471, E = -308.702164, |x| = 5.247400e-01, |g| = 2.656919e-05
iteration 472, E = -308.702164, |x| = 5.248077e-01, |g| = 2.877470e-05
iteration 473, E = -308.702164, |x| = 5.250057e-01, |g| = 3.020406e-05
iteration 474, E = -308.702164, |x| = 5.251918e-01, |g| = 3.007686e-05
iteration 475, E = -308.702164, |x| = 5.254419e-01, |g| = 2.990908e-05
iteration 476, E = -308.702164, |x| = 5.257144e-01, |g| = 3.264338e-05
iteration 477, E = -308.702164, |x| = 5.260159e-01, |g| = 3.482404e-05
iteration 478, E = -308.702164, |x| = 5.263574e-01, |g| = 3.500541e-05
iteration 479, E = -308.702164, |x| = 5.266177e-01, |g| = 3.126826e-05
iteration 480, E = -308.702164, |x| = 5.267966e-01, |g| = 3.061408e-05
iteration 481, E = -308.702164, |x| = 5.269437e-01, |g| = 3.195848e-05
iteration 482, E = -308.702164, |x| = 5.270126e-01, |g| = 3.258281e-05
iteration 483, E = -308.702164, |x| = 5.271722e-01, |g| = 2.920382e-05
iteration 484, E = -308.702164, |x| = 5.272014e-01, |g| = 2.790347e-05
iteration 485, E = -308.702164, |x| = 5.274191e-01, |g| = 3.036009e-05
iteration 486, E = -308.702164, |x| = 5.275040e-01, |g| = 3.101460e-05
iteration 487, E = -308.702164, |x| = 5.278596e-01, |g| = 2.941991e-05
iteration 488, E = -308.702164, |x| = 5.279148e-01, |g| = 2.734526e-05
iteration 489, E = -308.702164, |x| = 5.282353e-01, |g| = 2.682652e-05
iteration 490, E = -308.702164, |x| = 5.282507e-01, |g| = 3.282158e-05
iteration 491, E = -308.702164, |x| = 5.284946e-01, |g| = 3.118003e-05
iteration 492, E = -308.702164, |x| = 5.284157e-01, |g| = 3.059712e-05
iteration 493, E = -308.702164, |x| = 5.285118e-01, |g| = 2.963779e-05
iteration 494, E = -308.702164, |x| = 5.284234e-01, |g| = 3.353769e-05
iteration 495, E = -308.702164, |x| = 5.285541e-01, |g| = 3.909743e-05
iteration 496, E = -308.702164, |x| = 5.286800e-01, |g| = 3.652937e-05
iteration 497, E = -308.702164, |x| = 5.291464e-01, |g| = 3.412577e-05
iteration 498, E = -308.702164, |x| = 5.295208e-01, |g| = 3.319372e-05
iteration 499, E = -308.702164, |x| = 5.302258e-01, |g| = 3.515486e-05
iteration 500, E = -308.702164, |x| = 5.306670e-01, |g| = 3.719973e-05
iteration 501, E = -308.702164, |x| = 5.311568e-01, |g| = 2.802783e-05
iteration 502, E = -308.702164, |x| = 5.311446e-01, |g| = 2.755729e-05
iteration 503, E = -308.702164, |x| = 5.312521e-01, |g| = 2.658664e-05
iteration 504, E = -308.702164, |x| = 5.311212e-01, |g| = 2.668995e-05
iteration 505, E = -308.702164, |x| = 5.312498e-01, |g| = 2.474155e-05
iteration 506, E = -308.702164, |x| = 5.312886e-01, |g| = 2.302960e-05
iteration 507, E = -308.702164, |x| = 5.315991e-01, |g| = 2.496697e-05
iteration 508, E = -308.702164, |x| = 5.317670e-01, |g| = 2.523651e-05
iteration 509, E = -308.702164, |x| = 5.320722e-01, |g| = 2.458020e-05
iteration 510, E = -308.702164, |x| = 5.321305e-01, |g| = 2.574132e-05
iteration 511, E = -308.702164, |x| = 5.322846e-01, |g| = 2.808924e-05
iteration 512, E = -308.702164, |x| = 5.323178e-01, |g| = 2.971173e-05
iteration 513, E = -308.702164, |x| = 5.325089e-01, |g| = 3.049232e-05
iteration 514, E = -308.702164, |x| = 5.327103e-01, |g| = 3.103259e-05
iteration 515, E = -308.702164, |x| = 5.331650e-01, |g| = 3.425080e-05
iteration 516, E = -308.702164, |x| = 5.335680e-01, |g| = 3.471795e-05
iteration 517, E = -308.702164, |x| = 5.341129e-01, |g| = 3.107107e-05
iteration 518, E = -308.702164, |x| = 5.342592e-01, |g| = 2.810671e-05
iteration 519, E = -308.702164, |x| = 5.344293e-01, |g| = 2.620086e-05
iteration 520, E = -308.702164, |x| = 5.343586e-01, |g| = 2.652683e-05
iteration 521, E = -308.702164, |x| = 5.343459e-01, |g| = 2.622906e-05
iteration 522, E = -308.702164, |x| = 5.343375e-01, |g| = 2.219977e-05
iteration 523, E = -308.702164, |x| = 5.344028e-01, |g| = 2.092759e-05
iteration 524, E = -308.702164, |x| = 5.345436e-01, |g| = 2.351107e-05
iteration 525, E = -308.702164, |x| = 5.346662e-01, |g| = 2.471341e-05
iteration 526, E = -308.702164, |x| = 5.347920e-01, |g| = 2.315512e-05
iteration 527, E = -308.702164, |x| = 5.348160e-01, |g| = 2.257892e-05
iteration 528, E = -308.702164, |x| = 5.347843e-01, |g| = 2.416256e-05
iteration 529, E = -308.702164, |x| = 5.347607e-01, |g| = 2.596929e-05
iteration 530, E = -308.702164, |x| = 5.347445e-01, |g| = 2.566401e-05
iteration 531, E = -308.702164, |x| = 5.349081e-01, |g| = 2.751599e-05
iteration 532, E = -308.702164, |x| = 5.351370e-01, |g| = 2.803347e-05
iteration 533, E = -308.702164, |x| = 5.355594e-01, |g| = 2.904405e-05
iteration 534, E = -308.702164, |x| = 5.358941e-01, |g| = 2.834221e-05
iteration 535, E = -308.702164, |x| = 5.362210e-01, |g| = 2.712782e-05
iteration 536, E = -308.702164, |x| = 5.362949e-01, |g| = 2.816523e-05
iteration 537, E = -308.702164, |x| = 5.363749e-01, |g| = 2.484834e-05
iteration 538, E = -308.702164, |x| = 5.362190e-01, |g| = 2.432194e-05
iteration 539, E = -308.702164, |x| = 5.362897e-01, |g| = 2.402667e-05
iteration 540, E = -308.702164, |x| = 5.362279e-01, |g| = 2.446600e-05
iteration 541, E = -308.702164, |x| = 5.364987e-01, |g| = 2.773392e-05
iteration 542, E = -308.702164, |x| = 5.366506e-01, |g| = 2.313047e-05
iteration 543, E = -308.702164, |x| = 5.369933e-01, |g| = 2.060660e-05
iteration 544, E = -308.702164, |x| = 5.371141e-01, |g| = 2.106963e-05
iteration 545, E = -308.702164, |x| = 5.373191e-01, |g| = 2.396687e-05
iteration 546, E = -308.702164, |x| = 5.373902e-01, |g| = 2.373468e-05
iteration 547, E = -308.702164, |x| = 5.375550e-01, |g| = 2.186951e-05
iteration 548, E = -308.702164, |x| = 5.376275e-01, |g| = 2.257281e-05
iteration 549, E = -308.702164, |x| = 5.378735e-01, |g| = 2.548825e-05
iteration 550, E = -308.702164, |x| = 5.380556e-01, |g| = 2.561634e-05
iteration 551, E = -308.702164, |x| = 5.384083e-01, |g| = 2.397704e-05
iteration 552, E = -308.702164, |x| = 5.385875e-01, |g| = 2.268874e-05
iteration 553, E = -308.702164, |x| = 5.388618e-01, |g| = 2.304224e-05
iteration 554, E = -308.702164, |x| = 5.389383e-01, |g| = 2.561061e-05
iteration 555, E = -308.702164, |x| = 5.391069e-01, |g| = 2.285290e-05
iteration 556, E = -308.702164, |x| = 5.390762e-01, |g| = 2.163943e-05
iteration 557, E = -308.702164, |x| = 5.391860e-01, |g| = 2.212189e-05
iteration 558, E = -308.702164, |x| = 5.391854e-01, |g| = 2.299195e-05
iteration 559, E = -308.702164, |x| = 5.393032e-01, |g| = 2.148027e-05
iteration 560, E = -308.702164, |x| = 5.393399e-01, |g| = 2.032169e-05
iteration 561, E = -308.702164, |x| = 5.394187e-01, |g| = 2.109661e-05
iteration 562, E = -308.702164, |x| = 5.394174e-01, |g| = 2.279522e-05
iteration 563, E = -308.702164, |x| = 5.394222e-01, |g| = 2.235896e-05
iteration 564, E = -308.702164, |x| = 5.393894e-01, |g| = 2.193412e-05
iteration 565, E = -308.702164, |x| = 5.394103e-01, |g| = 2.384419e-05
iteration 566, E = -308.702164, |x| = 5.394556e-01, |g| = 2.497417e-05
iteration 567, E = -308.702164, |x| = 5.396095e-01, |g| = 2.490893e-05
iteration 568, E = -308.702164, |x| = 5.397604e-01, |g| = 2.508465e-05
iteration 569, E = -308.702164, |x| = 5.400290e-01, |g| = 2.815055e-05
iteration 570, E = -308.702164, |x| = 5.402288e-01, |g| = 2.963204e-05
iteration 571, E = -308.702164, |x| = 5.404934e-01, |g| = 2.822358e-05
iteration 572, E = -308.702164, |x| = 5.405692e-01, |g| = 2.310759e-05
iteration 573, E = -308.702164, |x| = 5.407451e-01, |g| = 2.363362e-05
iteration 574, E = -308.702164, |x| = 5.408529e-01, |g| = 2.756465e-05
iteration 575, E = -308.702164, |x| = 5.412175e-01, |g| = 2.822230e-05
iteration 576, E = -308.702164, |x| = 5.414782e-01, |g| = 2.438678e-05
iteration 577, E = -308.702164, |x| = 5.419673e-01, |g| = 2.286300e-05
iteration 578, E = -308.702164, |x| = 5.421903e-01, |g| = 2.546010e-05
iteration 579, E = -308.702164, |x| = 5.426977e-01, |g| = 2.817087e-05
iteration 580, E = -308.702164, |x| = 5.429685e-01, |g| = 2.886813e-05
iteration 581, E = -308.702164, |x| = 5.434225e-01, |g| = 2.592324e-05
iteration 582, E = -308.702164, |x| = 5.435604e-01, |g| = 2.490853e-05
iteration 583, E = -308.702164, |x| = 5.438767e-01, |g| = 2.782567e-05
iteration 584, E = -308.702164, |x| = 5.440488e-01, |g| = 2.712263e-05
iteration 585, E = -308.702164, |x| = 5.444239e-01, |g| = 2.498719e-05
iteration 586, E = -308.702164, |x| = 5.446613e-01, |g| = 2.433545e-05
iteration 587, E = -308.702164, |x| = 5.449988e-01, |g| = 2.342062e-05
iteration 588, E = -308.702164, |x| = 5.451009e-01, |g| = 2.439947e-05
iteration 589, E = -308.702164, |x| = 5.453064e-01, |g| = 2.177935e-05
iteration 590, E = -308.702164, |x| = 5.451870e-01, |g| = 2.647991e-05
iteration 591, E = -308.702164, |x| = 5.452834e-01, |g| = 2.380273e-05
iteration 592, E = -308.702164, |x| = 5.450431e-01, |g| = 2.127599e-05
iteration 593, E = -308.702164, |x| = 5.450677e-01, |g| = 2.050587e-05
iteration 594, E = -308.702164, |x| = 5.449425e-01, |g| = 2.227253e-05
iteration 595, E = -308.702164, |x| = 5.449477e-01, |g| = 2.594735e-05
iteration 596, E = -308.702164, |x| = 5.449021e-01, |g| = 2.688554e-05
iteration 597, E = -308.702164, |x| = 5.449375e-01, |g| = 2.334768e-05
iteration 598, E = -308.702164, |x| = 5.449611e-01, |g| = 2.356428e-05
iteration 599, E = -308.702164, |x| = 5.450402e-01, |g| = 2.633430e-05
iteration 600, E = -308.702164, |x| = 5.451502e-01, |g| = 2.742090e-05
iteration 601, E = -308.702164, |x| = 5.452951e-01, |g| = 2.495478e-05
iteration 602, E = -308.702164, |x| = 5.454509e-01, |g| = 2.230763e-05
iteration 603, E = -308.702164, |x| = 5.455825e-01, |g| = 2.362149e-05
iteration 604, E = -308.702164, |x| = 5.457168e-01, |g| = 2.345973e-05
iteration 605, E = -308.702164, |x| = 5.458133e-01, |g| = 2.320227e-05
iteration 606, E = -308.702164, |x| = 5.459214e-01, |g| = 2.085845e-05
iteration 607, E = -308.702164, |x| = 5.460019e-01, |g| = 2.137635e-05
iteration 608, E = -308.702164, |x| = 5.461332e-01, |g| = 2.351928e-05
iteration 609, E = -308.702164, |x| = 5.462612e-01, |g| = 2.151877e-05
iteration 610, E = -308.702164, |x| = 5.464578e-01, |g| = 2.151039e-05
iteration 611, E = -308.702164, |x| = 5.466749e-01, |g| = 2.164783e-05
iteration 612, E = -308.702164, |x| = 5.469488e-01, |g| = 2.259252e-05
iteration 613, E = -308.702164, |x| = 5.472363e-01, |g| = 2.181504e-05
iteration 614, E = -308.702164, |x| = 5.474869e-01, |g| = 2.121059e-05
iteration 615, E = -308.702164, |x| = 5.477978e-01, |g| = 2.214228e-05
iteration 616, E = -308.702164, |x| = 5.480472e-01, |g| = 2.299744e-05
iteration 617, E = -308.702164, |x| = 5.484471e-01, |g| = 2.325385e-05
iteration 618, E = -308.702164, |x| = 5.486107e-01, |g| = 2.056896e-05
iteration 619, E = -308.702164, |x| = 5.489812e-01, |g| = 2.139007e-05
iteration 620, E = -308.702164, |x| = 5.490829e-01, |g| = 2.412194e-05
iteration 621, E = -308.702164, |x| = 5.494282e-01, |g| = 2.192268e-05
iteration 622, E = -308.702164, |x| = 5.495031e-01, |g| = 1.966022e-05
iteration 623, E = -308.702164, |x| = 5.497505e-01, |g| = 1.909138e-05
iteration 624, E = -308.702164, |x| = 5.498157e-01, |g| = 2.393592e-05
iteration 625, E = -308.702164, |x| = 5.500649e-01, |g| = 2.523534e-05
iteration 626, E = -308.702164, |x| = 5.501207e-01, |g| = 2.421195e-05
iteration 627, E = -308.702164, |x| = 5.503479e-01, |g| = 2.045467e-05
iteration 628, E = -308.702164, |x| = 5.503464e-01, |g| = 2.212442e-05
iteration 629, E = -308.702164, |x| = 5.505662e-01, |g| = 2.749369e-05
iteration 630, E = -308.702164, |x| = 5.506507e-01, |g| = 2.831996e-05
iteration 631, E = -308.702164, |x| = 5.509593e-01, |g| = 2.686599e-05
iteration 632, E = -308.702164, |x| = 5.511087e-01, |g| = 2.503350e-05
iteration 633, E = -308.702164, |x| = 5.513700e-01, |g| = 2.492978e-05
iteration 634, E = -308.702164, |x| = 5.515111e-01, |g| = 2.663332e-05
iteration 635, E = -308.702164, |x| = 5.516609e-01, |g| = 2.285324e-05
iteration 636, E = -308.702164, |x| = 5.517555e-01, |g| = 2.127666e-05
iteration 637, E = -308.702164, |x| = 5.517918e-01, |g| = 2.360142e-05
iteration 638, E = -308.702164, |x| = 5.518601e-01, |g| = 2.079805e-05
iteration 639, E = -308.702164, |x| = 5.518634e-01, |g| = 1.843670e-05
iteration 640, E = -308.702164, |x| = 5.519493e-01, |g| = 1.874149e-05
iteration 641, E = -308.702164, |x| = 5.519778e-01, |g| = 2.004030e-05
iteration 642, E = -308.702164, |x| = 5.520959e-01, |g| = 2.217869e-05
iteration 643, E = -308.702164, |x| = 5.521248e-01, |g| = 2.025977e-05
iteration 644, E = -308.702164, |x| = 5.522222e-01, |g| = 1.756751e-05
iteration 645, E = -308.702164, |x| = 5.522315e-01, |g| = 2.149711e-05
iteration 646, E = -308.702164, |x| = 5.523477e-01, |g| = 2.362501e-05
iteration 647, E = -308.702164, |x| = 5.524125e-01, |g| = 2.635898e-05
iteration 648, E = -308.702164, |x| = 5.526474e-01, |g| = 2.386039e-05
iteration 649, E = -308.702164, |x| = 5.527947e-01, |g| = 2.353071e-05
iteration 650, E = -308.702164, |x| = 5.531560e-01, |g| = 2.929099e-05
iteration 651, E = -308.702164, |x| = 5.533932e-01, |g| = 3.021849e-05
iteration 652, E = -308.702164, |x| = 5.538407e-01, |g| = 2.867612e-05
iteration 653, E = -308.702164, |x| = 5.538276e-01, |g| = 2.800606e-05
iteration 654, E = -308.702164, |x| = 5.541187e-01, |g| = 2.663431e-05
iteration 655, E = -308.702164, |x| = 5.538927e-01, |g| = 2.846436e-05
iteration 656, E = -308.702164, |x| = 5.539969e-01, |g| = 2.646117e-05
iteration 657, E = -308.702164, |x| = 5.540035e-01, |g| = 2.274895e-05
iteration 658, E = -308.702164, |x| = 5.542588e-01, |g| = 2.389939e-05
iteration 659, E = -308.702164, |x| = 5.545568e-01, |g| = 2.315354e-05
iteration 660, E = -308.702164, |x| = 5.550203e-01, |g| = 2.279277e-05
iteration 661, E = -308.702164, |x| = 5.554588e-01, |g| = 2.138876e-05
iteration 662, E = -308.702164, |x| = 5.558622e-01, |g| = 2.193012e-05
iteration 663, E = -308.702164, |x| = 5.560552e-01, |g| = 2.504021e-05
iteration 664, E = -308.702164, |x| = 5.562265e-01, |g| = 2.329860e-05
iteration 665, E = -308.702164, |x| = 5.562421e-01, |g| = 2.264754e-05
iteration 666, E = -308.702164, |x| = 5.563530e-01, |g| = 2.466544e-05
iteration 667, E = -308.702164, |x| = 5.563882e-01, |g| = 2.794682e-05
iteration 668, E = -308.702164, |x| = 5.566651e-01, |g| = 3.032943e-05
iteration 669, E = -308.702164, |x| = 5.568640e-01, |g| = 2.588210e-05
iteration 670, E = -308.702164, |x| = 5.573344e-01, |g| = 2.445901e-05
iteration 671, E = -308.702164, |x| = 5.576161e-01, |g| = 2.826949e-05
iteration 672, E = -308.702164, |x| = 5.581292e-01, |g| = 3.006449e-05
iteration 673, E = -308.702164, |x| = 5.582453e-01, |g| = 3.163416e-05
iteration 674, E = -308.702164, |x| = 5.586362e-01, |g| = 2.477498e-05
iteration 675, E = -308.702164, |x| = 5.584799e-01, |g| = 2.541795e-05
iteration 676, E = -308.702164, |x| = 5.587123e-01, |g| = 2.979763e-05
iteration 677, E = -308.702164, |x| = 5.586499e-01, |g| = 2.796275e-05
iteration 678, E = -308.702164, |x| = 5.589089e-01, |g| = 2.669581e-05
iteration 679, E = -308.702164, |x| = 5.591416e-01, |g| = 2.358841e-05
iteration 680, E = -308.702164, |x| = 5.595641e-01, |g| = 2.509340e-05
iteration 681, E = -308.702164, |x| = 5.599686e-01, |g| = 2.777424e-05
iteration 682, E = -308.702164, |x| = 5.604247e-01, |g| = 2.612037e-05
iteration 683, E = -308.702164, |x| = 5.607316e-01, |g| = 2.625330e-05
iteration 684, E = -308.702164, |x| = 5.610268e-01, |g| = 2.567560e-05
iteration 685, E = -308.702164, |x| = 5.610383e-01, |g| = 2.710557e-05
iteration 686, E = -308.702164, |x| = 5.611428e-01, |g| = 2.748478e-05
iteration 687, E = -308.702164, |x| = 5.609994e-01, |g| = 2.583079e-05
iteration 688, E = -308.702164, |x| = 5.611209e-01, |g| = 2.693935e-05
iteration 689, E = -308.702164, |x| = 5.611448e-01, |g| = 2.735394e-05
iteration 690, E = -308.702164, |x| = 5.614144e-01, |g| = 2.326399e-05
iteration 691, E = -308.702164, |x| = 5.616205e-01, |g| = 2.256563e-05
iteration 692, E = -308.702164, |x| = 5.618736e-01, |g| = 2.285431e-05
iteration 693, E = -308.702164, |x| = 5.621074e-01, |g| = 2.280692e-05
iteration 694, E = -308.702164, |x| = 5.622444e-01, |g| = 2.273555e-05
iteration 695, E = -308.702164, |x| = 5.624780e-01, |g| = 2.068321e-05
iteration 696, E = -308.702164, |x| = 5.625101e-01, |g| = 2.422092e-05
iteration 697, E = -308.702164, |x| = 5.628928e-01, |g| = 2.595530e-05
iteration 698, E = -308.702164, |x| = 5.629256e-01, |g| = 2.589420e-05
iteration 699, E = -308.702164, |x| = 5.634440e-01, |g| = 2.520278e-05
iteration 700, E = -308.702164, |x| = 5.635601e-01, |g| = 2.539924e-05
iteration 701, E = -308.702164, |x| = 5.640734e-01, |g| = 2.706092e-05
iteration 702, E = -308.702164, |x| = 5.642742e-01, |g| = 2.702275e-05
iteration 703, E = -308.702164, |x| = 5.647073e-01, |g| = 2.249450e-05
iteration 704, E = -308.702164, |x| = 5.648763e-01, |g| = 2.094417e-05
iteration 705, E = -308.702164, |x| = 5.652476e-01, |g| = 2.327206e-05
iteration 706, E = -308.702164, |x| = 5.654954e-01, |g| = 2.316478e-05
iteration 707, E = -308.702164, |x| = 5.658623e-01, |g| = 2.110488e-05
iteration 708, E = -308.702164, |x| = 5.660012e-01, |g| = 1.840368e-05
iteration 709, E = -308.702164, |x| = 5.662075e-01, |g| = 2.008004e-05
iteration 710, E = -308.702164, |x| = 5.662617e-01, |g| = 2.316062e-05
iteration 711, E = -308.702164, |x| = 5.664325e-01, |g| = 2.215983e-05
iteration 712, E = -308.702164, |x| = 5.665903e-01, |g| = 2.165364e-05
iteration 713, E = -308.702164, |x| = 5.669351e-01, |g| = 2.196557e-05
iteration 714, E = -308.702164, |x| = 5.674017e-01, |g| = 2.310010e-05
iteration 715, E = -308.702164, |x| = 5.680148e-01, |g| = 2.446768e-05
iteration 716, E = -308.702164, |x| = 5.685954e-01, |g| = 2.128686e-05
iteration 717, E = -308.702164, |x| = 5.690399e-01, |g| = 2.206500e-05
iteration 718, E = -308.702164, |x| = 5.694352e-01, |g| = 2.267755e-05
iteration 719, E = -308.702164, |x| = 5.695315e-01, |g| = 2.472337e-05
iteration 720, E = -308.702164, |x| = 5.697674e-01, |g| = 2.312521e-05
iteration 721, E = -308.702164, |x| = 5.695268e-01, |g| = 2.006045e-05
iteration 722, E = -308.702164, |x| = 5.697381e-01, |g| = 2.183598e-05
iteration 723, E = -308.702164, |x| = 5.696432e-01, |g| = 2.342354e-05
iteration 724, E = -308.702164, |x| = 5.699880e-01, |g| = 2.195152e-05
iteration 725, E = -308.702164, |x| = 5.700925e-01, |g| = 2.030087e-05
iteration 726, E = -308.702164, |x| = 5.703383e-01, |g| = 1.720864e-05
iteration 727, E = -308.702164, |x| = 5.703676e-01, |g| = 1.897886e-05
iteration 728, E = -308.702164, |x| = 5.704048e-01, |g| = 1.764521e-05
iteration 729, E = -308.702164, |x| = 5.703160e-01, |g| = 1.804543e-05
iteration 730, E = -308.702164, |x| = 5.702594e-01, |g| = 1.848662e-05
iteration 731, E = -308.702164, |x| = 5.702241e-01, |g| = 1.837593e-05
iteration 732, E = -308.702164, |x| = 5.702790e-01, |g| = 1.926087e-05
iteration 733, E = -308.702164, |x| = 5.704171e-01, |g| = 1.870427e-05
iteration 734, E = -308.702164, |x| = 5.706010e-01, |g| = 1.872352e-05
iteration 735, E = -308.702164, |x| = 5.708150e-01, |g| = 1.946306e-05
iteration 736, E = -308.702164, |x| = 5.709918e-01, |g| = 1.964435e-05
iteration 737, E = -308.702164, |x| = 5.711574e-01, |g| = 1.871760e-05
iteration 738, E = -308.702164, |x| = 5.712303e-01, |g| = 1.859483e-05
iteration 739, E = -308.702164, |x| = 5.713606e-01, |g| = 1.857947e-05
iteration 740, E = -308.702164, |x| = 5.714420e-01, |g| = 2.020833e-05
iteration 741, E = -308.702164, |x| = 5.717196e-01, |g| = 2.164738e-05
iteration 742, E = -308.702164, |x| = 5.719616e-01, |g| = 2.092125e-05
iteration 743, E = -308.702164, |x| = 5.724084e-01, |g| = 2.298823e-05
iteration 744, E = -308.702164, |x| = 5.726779e-01, |g| = 1.989622e-05
iteration 745, E = -308.702164, |x| = 5.731145e-01, |g| = 2.130171e-05
iteration 746, E = -308.702164, |x| = 5.734090e-01, |g| = 2.025202e-05
iteration 747, E = -308.702164, |x| = 5.739564e-01, |g| = 2.039431e-05
iteration 748, E = -308.702164, |x| = 5.742898e-01, |g| = 1.955269e-05
iteration 749, E = -308.702164, |x| = 5.748787e-01, |g| = 1.982010e-05
iteration 750, E = -308.702164, |x| = 5.751626e-01, |g| = 2.016884e-05
iteration 751, E = -308.702164, |x| = 5.758350e-01, |g| = 2.000781e-05
iteration 752, E = -308.702164, |x| = 5.760687e-01, |g| = 2.262041e-05
iteration 753, E = -308.702164, |x| = 5.766016e-01, |g| = 2.133735e-05
iteration 754, E = -308.702164, |x| = 5.766609e-01, |g| = 1.913504e-05
iteration 755, E = -308.702164, |x| = 5.768093e-01, |g| = 1.905910e-05
iteration 756, E = -308.702164, |x| = 5.769281e-01, |g| = 1.950939e-05
iteration 757, E = -308.702164, |x| = 5.771167e-01, |g| = 1.910793e-05
iteration 758, E = -308.702164, |x| = 5.774058e-01, |g| = 2.056671e-05
iteration 759, E = -308.702164, |x| = 5.777003e-01, |g| = 1.950371e-05
iteration 760, E = -308.702164, |x| = 5.780168e-01, |g| = 1.900975e-05
iteration 761, E = -308.702164, |x| = 5.782029e-01, |g| = 2.054912e-05
iteration 762, E = -308.702164, |x| = 5.783081e-01, |g| = 2.081341e-05
iteration 763, E = -308.702164, |x| = 5.781989e-01, |g| = 2.158450e-05
iteration 764, E = -308.702164, |x| = 5.780751e-01, |g| = 1.952817e-05
iteration 765, E = -308.702164, |x| = 5.777562e-01, |g| = 1.988248e-05
iteration 766, E = -308.702164, |x| = 5.776573e-01, |g| = 1.999878e-05
iteration 767, E = -308.702164, |x| = 5.773949e-01, |g| = 2.211135e-05
iteration 768, E = -308.702164, |x| = 5.774814e-01, |g| = 2.044630e-05
iteration 769, E = -308.702164, |x| = 5.774024e-01, |g| = 1.798434e-05
iteration 770, E = -308.702164, |x| = 5.775469e-01, |g| = 1.937657e-05
iteration 771, E = -308.702164, |x| = 5.775352e-01, |g| = 2.059147e-05
iteration 772, E = -308.702164, |x| = 5.776187e-01, |g| = 2.161722e-05
iteration 773, E = -308.702164, |x| = 5.775891e-01, |g| = 1.892956e-05
iteration 774, E = -308.702164, |x| = 5.776450e-01, |g| = 1.768317e-05
iteration 775, E = -308.702164, |x| = 5.776861e-01, |g| = 1.927825e-05
iteration 776, E = -308.702164, |x| = 5.778730e-01, |g| = 2.342752e-05
iteration 777, E = -308.702164, |x| = 5.781174e-01, |g| = 2.216190e-05
iteration 778, E = -308.702164, |x| = 5.784996e-01, |g| = 2.126382e-05
iteration 779, E = -308.702164, |x| = 5.788069e-01, |g| = 1.950154e-05
iteration 780, E = -308.702164, |x| = 5.792578e-01, |g| = 2.104969e-05
iteration 781, E = -308.702164, |x| = 5.795855e-01, |g| = 2.466759e-05
iteration 782, E = -308.702164, |x| = 5.801333e-01, |g| = 2.060185e-05
iteration 783, E = -308.702164, |x| = 5.802579e-01, |g| = 1.897387e-05
iteration 784, E = -308.702164, |x| = 5.807821e-01, |g| = 1.939076e-05
iteration 785, E = -308.702164, |x| = 5.808275e-01, |g| = 2.057545e-05
iteration 786, E = -308.702164, |x| = 5.813045e-01, |g| = 1.938542e-05
iteration 787, E = -308.702164, |x| = 5.815268e-01, |g| = 1.717852e-05
iteration 788, E = -308.702164, |x| = 5.818745e-01, |g| = 1.760824e-05
iteration 789, E = -308.702164, |x| = 5.822103e-01, |g| = 1.764434e-05
iteration 790, E = -308.702164, |x| = 5.826138e-01, |g| = 1.955306e-05
iteration 791, E = -308.702164, |x| = 5.829832e-01, |g| = 1.870705e-05
iteration 792, E = -308.702164, |x| = 5.832712e-01, |g| = 1.891547e-05
iteration 793, E = -308.702164, |x| = 5.835280e-01, |g| = 2.062695e-05
iteration 794, E = -308.702164, |x| = 5.837523e-01, |g| = 2.088739e-05
iteration 795, E = -308.702164, |x| = 5.839691e-01, |g| = 2.069258e-05
iteration 796, E = -308.702164, |x| = 5.841676e-01, |g| = 1.993327e-05
iteration 797, E = -308.702164, |x| = 5.843594e-01, |g| = 2.213713e-05
iteration 798, E = -308.702164, |x| = 5.846113e-01, |g| = 2.189780e-05
iteration 799, E = -308.702164, |x| = 5.847916e-01, |g| = 2.088184e-05
iteration 800, E = -308.702164, |x| = 5.850802e-01, |g| = 1.939866e-05
iteration 801, E = -308.702164, |x| = 5.851486e-01, |g| = 2.045663e-05
iteration 802, E = -308.702164, |x| = 5.854299e-01, |g| = 2.008796e-05
iteration 803, E = -308.702164, |x| = 5.852276e-01, |g| = 2.030709e-05
iteration 804, E = -308.702164, |x| = 5.854672e-01, |g| = 1.650532e-05
iteration 805, E = -308.702164, |x| = 5.851436e-01, |g| = 1.787050e-05
iteration 806, E = -308.702164, |x| = 5.851528e-01, |g| = 1.929841e-05
iteration 807, E = -308.702164, |x| = 5.849810e-01, |g| = 1.877809e-05
iteration 808, E = -308.702164, |x| = 5.849817e-01, |g| = 1.708060e-05
iteration 809, E = -308.702164, |x| = 5.849937e-01, |g| = 1.661407e-05
iteration 810, E = -308.702164, |x| = 5.850465e-01, |g| = 1.865636e-05
iteration 811, E = -308.702164, |x| = 5.851594e-01, |g| = 1.992305e-05
iteration 812, E = -308.702164, |x| = 5.852447e-01, |g| = 1.982738e-05
iteration 813, E = -308.702164, |x| = 5.853974e-01, |g| = 1.867898e-05
iteration 814, E = -308.702164, |x| = 5.855257e-01, |g| = 2.100154e-05
iteration 815, E = -308.702164, |x| = 5.858127e-01, |g| = 2.196044e-05
iteration 816, E = -308.702164, |x| = 5.860978e-01, |g| = 2.283425e-05
iteration 817, E = -308.702164, |x| = 5.865123e-01, |g| = 2.084552e-05
iteration 818, E = -308.702164, |x| = 5.868161e-01, |g| = 1.987725e-05
iteration 819, E = -308.702164, |x| = 5.872493e-01, |g| = 2.221125e-05
iteration 820, E = -308.702164, |x| = 5.875583e-01, |g| = 2.047239e-05
iteration 821, E = -308.702164, |x| = 5.879542e-01, |g| = 1.965526e-05
iteration 822, E = -308.702164, |x| = 5.881707e-01, |g| = 1.748173e-05
iteration 823, E = -308.702164, |x| = 5.885330e-01, |g| = 1.755248e-05
iteration 824, E = -308.702164, |x| = 5.888115e-01, |g| = 1.807462e-05
iteration 825, E = -308.702164, |x| = 5.892423e-01, |g| = 1.690671e-05
iteration 826, E = -308.702164, |x| = 5.895001e-01, |g| = 1.620158e-05
iteration 827, E = -308.702164, |x| = 5.898902e-01, |g| = 1.671716e-05
iteration 828, E = -308.702164, |x| = 5.901397e-01, |g| = 1.830097e-05
iteration 829, E = -308.702164, |x| = 5.905660e-01, |g| = 1.877470e-05
iteration 830, E = -308.702164, |x| = 5.907726e-01, |g| = 1.792915e-05
iteration 831, E = -308.702164, |x| = 5.912487e-01, |g| = 1.817657e-05
iteration 832, E = -308.702164, |x| = 5.914618e-01, |g| = 1.979348e-05
iteration 833, E = -308.702164, |x| = 5.922216e-01, |g| = 2.295625e-05
iteration 834, E = -308.702164, |x| = 5.924743e-01, |g| = 2.267376e-05
iteration 835, E = -308.702164, |x| = 5.932519e-01, |g| = 2.122399e-05
iteration 836, E = -308.702164, |x| = 5.934887e-01, |g| = 2.210058e-05
iteration 837, E = -308.702164, |x| = 5.939245e-01, |g| = 2.310286e-05
iteration 838, E = -308.702164, |x| = 5.941011e-01, |g| = 2.457165e-05
iteration 839, E = -308.702164, |x| = 5.942907e-01, |g| = 2.356757e-05
iteration 840, E = -308.702164, |x| = 5.944082e-01, |g| = 2.137666e-05
iteration 841, E = -308.702164, |x| = 5.945146e-01, |g| = 1.927537e-05
iteration 842, E = -308.702164, |x| = 5.946251e-01, |g| = 2.166156e-05
iteration 843, E = -308.702164, |x| = 5.947398e-01, |g| = 1.859106e-05
iteration 844, E = -308.702164, |x| = 5.947924e-01, |g| = 1.832982e-05
iteration 845, E = -308.702164, |x| = 5.949031e-01, |g| = 1.964991e-05
iteration 846, E = -308.702164, |x| = 5.948638e-01, |g| = 1.824121e-05
iteration 847, E = -308.702164, |x| = 5.949503e-01, |g| = 2.057912e-05
iteration 848, E = -308.702164, |x| = 5.948968e-01, |g| = 1.790724e-05
iteration 849, E = -308.702164, |x| = 5.950373e-01, |g| = 1.737465e-05
iteration 850, E = -308.702164, |x| = 5.951059e-01, |g| = 1.899571e-05
iteration 851, E = -308.702164, |x| = 5.953618e-01, |g| = 1.982141e-05
iteration 852, E = -308.702164, |x| = 5.955622e-01, |g| = 2.009052e-05
iteration 853, E = -308.702164, |x| = 5.958560e-01, |g| = 1.840108e-05
iteration 854, E = -308.702164, |x| = 5.960233e-01, |g| = 1.969299e-05
iteration 855, E = -308.702164, |x| = 5.961828e-01, |g| = 1.994220e-05
iteration 856, E = -308.702164, |x| = 5.962724e-01, |g| = 2.074840e-05
iteration 857, E = -308.702164, |x| = 5.963899e-01, |g| = 1.949415e-05
iteration 858, E = -308.702164, |x| = 5.965688e-01, |g| = 1.872505e-05
iteration 859, E = -308.702164, |x| = 5.967500e-01, |g| = 1.961458e-05
iteration 860, E = -308.702164, |x| = 5.970702e-01, |g| = 1.826763e-05
iteration 861, E = -308.702164, |x| = 5.972644e-01, |g| = 1.665279e-05
iteration 862, E = -308.702164, |x| = 5.976845e-01, |g| = 1.632796e-05
iteration 863, E = -308.702164, |x| = 5.977075e-01, |g| = 1.886482e-05
iteration 864, E = -308.702164, |x| = 5.980406e-01, |g| = 1.785684e-05
iteration 865, E = -308.702164, |x| = 5.978667e-01, |g| = 1.821900e-05
iteration 866, E = -308.702164, |x| = 5.980055e-01, |g| = 1.611263e-05
iteration 867, E = -308.702164, |x| = 5.979200e-01, |g| = 1.643102e-05
iteration 868, E = -308.702164, |x| = 5.980159e-01, |g| = 1.982548e-05
iteration 869, E = -308.702164, |x| = 5.981163e-01, |g| = 1.847641e-05
iteration 870, E = -308.702164, |x| = 5.983139e-01, |g| = 1.697871e-05
iteration 871, E = -308.702164, |x| = 5.985120e-01, |g| = 1.731928e-05
iteration 872, E = -308.702164, |x| = 5.987112e-01, |g| = 1.772822e-05
iteration 873, E = -308.702164, |x| = 5.988726e-01, |g| = 1.894853e-05
iteration 874, E = -308.702164, |x| = 5.990593e-01, |g| = 1.658908e-05
iteration 875, E = -308.702164, |x| = 5.992231e-01, |g| = 1.569781e-05
iteration 876, E = -308.702164, |x| = 5.994082e-01, |g| = 1.765686e-05
iteration 877, E = -308.702164, |x| = 5.995448e-01, |g| = 1.858746e-05
iteration 878, E = -308.702164, |x| = 5.997073e-01, |g| = 1.874224e-05
iteration 879, E = -308.702164, |x| = 5.997835e-01, |g| = 1.770189e-05
iteration 880, E = -308.702164, |x| = 5.998632e-01, |g| = 1.844087e-05
iteration 881, E = -308.702164, |x| = 5.998150e-01, |g| = 1.996995e-05
iteration 882, E = -308.702164, |x| = 5.998407e-01, |g| = 1.999565e-05
iteration 883, E = -308.702164, |x| = 5.998027e-01, |g| = 1.811224e-05
iteration 884, E = -308.702164, |x| = 5.999548e-01, |g| = 1.813292e-05
iteration 885, E = -308.702164, |x| = 6.000752e-01, |g| = 1.955895e-05
iteration 886, E = -308.702164, |x| = 6.003744e-01, |g| = 1.982578e-05
iteration 887, E = -308.702164, |x| = 6.005452e-01, |g| = 1.828007e-05
iteration 888, E = -308.702164, |x| = 6.007926e-01, |g| = 1.652921e-05
iteration 889, E = -308.702164, |x| = 6.008153e-01, |g| = 1.717681e-05
iteration 890, E = -308.702164, |x| = 6.009297e-01, |g| = 1.903941e-05
iteration 891, E = -308.702164, |x| = 6.008519e-01, |g| = 1.715325e-05
iteration 892, E = -308.702164, |x| = 6.010106e-01, |g| = 1.691217e-05
iteration 893, E = -308.702164, |x| = 6.010817e-01, |g| = 1.601872e-05
iteration 894, E = -308.702164, |x| = 6.014442e-01, |g| = 1.914854e-05
iteration 895, E = -308.702164, |x| = 6.018118e-01, |g| = 1.937784e-05
iteration 896, E = -308.702164, |x| = 6.023569e-01, |g| = 1.792746e-05
iteration 897, E = -308.702164, |x| = 6.027395e-01, |g| = 1.836110e-05
iteration 898, E = -308.702164, |x| = 6.030954e-01, |g| = 1.882705e-05
iteration 899, E = -308.702164, |x| = 6.032741e-01, |g| = 2.071411e-05
iteration 900, E = -308.702164, |x| = 6.035031e-01, |g| = 2.054874e-05
iteration 901, E = -308.702164, |x| = 6.035778e-01, |g| = 1.820343e-05
iteration 902, E = -308.702164, |x| = 6.038349e-01, |g| = 1.787380e-05
iteration 903, E = -308.702164, |x| = 6.039070e-01, |g| = 1.837747e-05
iteration 904, E = -308.702164, |x| = 6.043339e-01, |g| = 1.710606e-05
iteration 905, E = -308.702164, |x| = 6.044165e-01, |g| = 1.698349e-05
iteration 906, E = -308.702164, |x| = 6.049213e-01, |g| = 1.756089e-05
iteration 907, E = -308.702164, |x| = 6.049196e-01, |g| = 1.889398e-05
iteration 908, E = -308.702164, |x| = 6.051417e-01, |g| = 1.476491e-05
iteration 909, E = -308.702164, |x| = 6.051483e-01, |g| = 1.748636e-05
iteration 910, E = -308.702164, |x| = 6.051794e-01, |g| = 1.623396e-05
iteration 911, E = -308.702164, |x| = 6.051555e-01, |g| = 1.725988e-05
iteration 912, E = -308.702164, |x| = 6.051570e-01, |g| = 1.667554e-05
iteration 913, E = -308.702164, |x| = 6.051404e-01, |g| = 1.536501e-05
iteration 914, E = -308.702164, |x| = 6.051750e-01, |g| = 1.652676e-05
iteration 915, E = -308.702164, |x| = 6.052067e-01, |g| = 1.733089e-05
iteration 916, E = -308.702164, |x| = 6.053134e-01, |g| = 1.732847e-05
iteration 917, E = -308.702164, |x| = 6.054128e-01, |g| = 1.601374e-05
iteration 918, E = -308.702164, |x| = 6.055697e-01, |g| = 1.500802e-05
iteration 919, E = -308.702164, |x| = 6.056514e-01, |g| = 1.583166e-05
iteration 920, E = -308.702164, |x| = 6.057881e-01, |g| = 1.535711e-05
iteration 921, E = -308.702164, |x| = 6.058257e-01, |g| = 1.496348e-05
iteration 922, E = -308.702164, |x| = 6.059669e-01, |g| = 1.500701e-05
iteration 923, E = -308.702164, |x| = 6.060159e-01, |g| = 1.516098e-05
iteration 924, E = -308.702164, |x| = 6.062284e-01, |g| = 1.628812e-05
iteration 925, E = -308.702164, |x| = 6.064062e-01, |g| = 1.475627e-05
iteration 926, E = -308.702164, |x| = 6.067565e-01, |g| = 1.556382e-05
iteration 927, E = -308.702164, |x| = 6.070457e-01, |g| = 1.558002e-05
iteration 928, E = -308.702164, |x| = 6.073895e-01, |g| = 1.553602e-05
iteration 929, E = -308.702164, |x| = 6.075712e-01, |g| = 1.582162e-05
iteration 930, E = -308.702164, |x| = 6.077552e-01, |g| = 1.458472e-05
iteration 931, E = -308.702164, |x| = 6.078213e-01, |g| = 1.771223e-05
iteration 932, E = -308.702164, |x| = 6.079666e-01, |g| = 1.923990e-05
iteration 933, E = -308.702164, |x| = 6.081038e-01, |g| = 1.892397e-05
iteration 934, E = -308.702164, |x| = 6.084083e-01, |g| = 1.767867e-05
iteration 935, E = -308.702164, |x| = 6.087385e-01, |g| = 1.617290e-05
iteration 936, E = -308.702164, |x| = 6.092513e-01, |g| = 1.759264e-05
iteration 937, E = -308.702164, |x| = 6.097306e-01, |g| = 1.844412e-05
iteration 938, E = -308.702164, |x| = 6.103149e-01, |g| = 1.658405e-05
iteration 939, E = -308.702164, |x| = 6.104017e-01, |g| = 1.771324e-05
iteration 940, E = -308.702164, |x| = 6.107127e-01, |g| = 1.525554e-05
iteration 941, E = -308.702164, |x| = 6.104211e-01, |g| = 1.684254e-05
iteration 942, E = -308.702164, |x| = 6.103729e-01, |g| = 1.511687e-05
iteration 943, E = -308.702164, |x| = 6.102734e-01, |g| = 1.474294e-05
iteration 944, E = -308.702164, |x| = 6.103945e-01, |g| = 1.478453e-05
iteration 945, E = -308.702164, |x| = 6.105604e-01, |g| = 1.443931e-05
iteration 946, E = -308.702164, |x| = 6.108343e-01, |g| = 1.432073e-05
iteration 947, E = -308.702164, |x| = 6.110343e-01, |g| = 1.466412e-05
iteration 948, E = -308.702164, |x| = 6.112392e-01, |g| = 1.657662e-05
iteration 949, E = -308.702164, |x| = 6.112631e-01, |g| = 1.723785e-05
iteration 950, E = -308.702164, |x| = 6.112647e-01, |g| = 1.603723e-05
iteration 951, E = -308.702164, |x| = 6.111401e-01, |g| = 1.506926e-05
iteration 952, E = -308.702164, |x| = 6.111023e-01, |g| = 1.554334e-05
iteration 953, E = -308.702164, |x| = 6.110637e-01, |g| = 1.767048e-05
iteration 954, E = -308.702164, |x| = 6.111779e-01, |g| = 1.841107e-05
iteration 955, E = -308.702164, |x| = 6.113451e-01, |g| = 1.650543e-05
iteration 956, E = -308.702164, |x| = 6.116078e-01, |g| = 1.495828e-05
iteration 957, E = -308.702164, |x| = 6.118441e-01, |g| = 1.462366e-05
iteration 958, E = -308.702164, |x| = 6.120976e-01, |g| = 1.441362e-05
iteration 959, E = -308.702164, |x| = 6.122820e-01, |g| = 1.464367e-05
iteration 960, E = -308.702164, |x| = 6.124300e-01, |g| = 1.351267e-05
iteration 961, E = -308.702164, |x| = 6.124859e-01, |g| = 1.346192e-05
iteration 962, E = -308.702164, |x| = 6.125401e-01, |g| = 1.465237e-05
iteration 963, E = -308.702164, |x| = 6.125688e-01, |g| = 1.451968e-05
iteration 964, E = -308.702164, |x| = 6.126940e-01, |g| = 1.593423e-05
iteration 965, E = -308.702164, |x| = 6.128773e-01, |g| = 1.661810e-05
iteration 966, E = -308.702164, |x| = 6.132193e-01, |g| = 1.597722e-05
iteration 967, E = -308.702164, |x| = 6.135854e-01, |g| = 1.636503e-05
iteration 968, E = -308.702164, |x| = 6.140569e-01, |g| = 1.544031e-05
iteration 969, E = -308.702164, |x| = 6.144350e-01, |g| = 1.716412e-05
iteration 970, E = -308.702164, |x| = 6.148708e-01, |g| = 1.854935e-05
iteration 971, E = -308.702164, |x| = 6.150688e-01, |g| = 1.849539e-05
iteration 972, E = -308.702164, |x| = 6.153395e-01, |g| = 1.639656e-05
iteration 973, E = -308.702164, |x| = 6.152961e-01, |g| = 1.586176e-05
iteration 974, E = -308.702164, |x| = 6.156235e-01, |g| = 1.814173e-05
iteration 975, E = -308.702164, |x| = 6.156336e-01, |g| = 1.644211e-05
iteration 976, E = -308.702164, |x| = 6.162626e-01, |g| = 1.715616e-05
iteration 977, E = -308.702164, |x| = 6.165375e-01, |g| = 1.408922e-05
iteration 978, E = -308.702164, |x| = 6.170605e-01, |g| = 1.432141e-05
iteration 979, E = -308.702164, |x| = 6.174131e-01, |g| = 1.582452e-05
iteration 980, E = -308.702164, |x| = 6.177244e-01, |g| = 1.592290e-05
iteration 981, E = -308.702164, |x| = 6.178450e-01, |g| = 1.396536e-05
iteration 982, E = -308.702164, |x| = 6.178036e-01, |g| = 1.276493e-05
iteration 983, E = -308.702164, |x| = 6.176688e-01, |g| = 1.292246e-05
iteration 984, E = -308.702164, |x| = 6.174840e-01, |g| = 1.504066e-05
iteration 985, E = -308.702164, |x| = 6.173545e-01, |g| = 1.666232e-05
iteration 986, E = -308.702164, |x| = 6.173150e-01, |g| = 1.720493e-05
iteration 987, E = -308.702164, |x| = 6.173996e-01, |g| = 1.608332e-05
iteration 988, E = -308.702164, |x| = 6.175532e-01, |g| = 1.562538e-05
iteration 989, E = -308.702164, |x| = 6.176753e-01, |g| = 1.607947e-05
iteration 990, E = -308.702164, |x| = 6.177387e-01, |g| = 1.632996e-05
iteration 991, E = -308.702164, |x| = 6.176678e-01, |g| = 1.690175e-05
iteration 992, E = -308.702164, |x| = 6.175395e-01, |g| = 1.538640e-05
iteration 993, E = -308.702164, |x| = 6.173681e-01, |g| = 1.563471e-05
iteration 994, E = -308.702164, |x| = 6.173014e-01, |g| = 1.704190e-05
iteration 995, E = -308.702164, |x| = 6.173136e-01, |g| = 1.711394e-05
iteration 996, E = -308.702164, |x| = 6.174997e-01, |g| = 1.777261e-05
iteration 997, E = -308.702164, |x| = 6.177826e-01, |g| = 1.520917e-05
iteration 998, E = -308.702164, |x| = 6.181351e-01, |g| = 1.315950e-05
iteration 999, E = -308.702164, |x| = 6.184207e-01, |g| = 1.306392e-05
iteration 1000, E = -308.702164, |x| = 6.187081e-01, |g| = 1.293392e-05
iteration 1001, E = -308.702164, |x| = 6.189591e-01, |g| = 1.438789e-05
iteration 1002, E = -308.702164, |x| = 6.192558e-01, |g| = 1.434273e-05
iteration 1003, E = -308.702164, |x| = 6.194798e-01, |g| = 1.314265e-05
iteration 1004, E = -308.702164, |x| = 6.197611e-01, |g| = 1.296463e-05
iteration 1005, E = -308.702164, |x| = 6.199454e-01, |g| = 1.269097e-05
iteration 1006, E = -308.702164, |x| = 6.203199e-01, |g| = 1.469623e-05
iteration 1007, E = -308.702164, |x| = 6.205748e-01, |g| = 1.578719e-05
iteration 1008, E = -308.702164, |x| = 6.211688e-01, |g| = 1.519229e-05
iteration 1009, E = -308.702164, |x| = 6.213779e-01, |g| = 1.517940e-05
iteration 1010, E = -308.702164, |x| = 6.219329e-01, |g| = 1.307479e-05
iteration 1011, E = -308.702164, |x| = 6.219993e-01, |g| = 1.532492e-05
iteration 1012, E = -308.702164, |x| = 6.223135e-01, |g| = 1.427547e-05
iteration 1013, E = -308.702164, |x| = 6.224051e-01, |g| = 1.592622e-05
iteration 1014, E = -308.702164, |x| = 6.225844e-01, |g| = 1.463920e-05
iteration 1015, E = -308.702164, |x| = 6.226564e-01, |g| = 1.519178e-05
iteration 1016, E = -308.702164, |x| = 6.227396e-01, |g| = 1.556241e-05
iteration 1017, E = -308.702164, |x| = 6.228331e-01, |g| = 1.518371e-05
iteration 1018, E = -308.702164, |x| = 6.229171e-01, |g| = 1.576809e-05
iteration 1019, E = -308.702164, |x| = 6.230469e-01, |g| = 1.410746e-05
iteration 1020, E = -308.702164, |x| = 6.230949e-01, |g| = 1.289181e-05
iteration 1021, E = -308.702164, |x| = 6.231541e-01, |g| = 1.170619e-05
iteration 1022, E = -308.702164, |x| = 6.231102e-01, |g| = 1.230456e-05
iteration 1023, E = -308.702164, |x| = 6.230656e-01, |g| = 1.326665e-05
iteration 1024, E = -308.702164, |x| = 6.229427e-01, |g| = 1.327914e-05
iteration 1025, E = -308.702164, |x| = 6.228541e-01, |g| = 1.126593e-05
iteration 1026, E = -308.702164, |x| = 6.227804e-01, |g| = 1.030266e-05
Fragment 0 local quantum numbers
<N>,<Sz>,<S^2> = 2.000406, 0.000000, 0.011677
Fragment 1 local quantum numbers
<N>,<Sz>,<S^2> = 1.999594, 0.000000, 0.021240
Fragment 2 local quantum numbers
<N>,<Sz>,<S^2> = 1.999594, 0.000000, 0.021240
Fragment 3 local quantum numbers
<N>,<Sz>,<S^2> = 2.000406, -0.000000, 0.011675
Whole system quantum numbers
<N>,<Sz>,<S^2> = 8.000000, -0.000000, 0.000000
Density matrix diagonal elements [1.90110187 0.09930402 1.89981137 0.09978267 1.89981259 0.09978144
 1.90110214 0.0993039 ]
CASCI converged
CASCI E = -308.702164356391  E(CI) = -8.65317357125417  S^2 = 0.0000000
