#INFO: **** input file is /project/lgagliardi/tuy/qchem/las-uscc-noci/working/polyene/c6_631g_rand.py ****
# test the distribution of the nearest neighbor excitations

import numpy as np
import pyscf
from pyscf import gto, scf, lib, mcscf
from mrh.my_pyscf.mcscf.lasscf_o0 import LASSCF
from mrh.exploratory.unitary_cc import lasuccsd
from mrh.exploratory.unitary_cc.uccsd_sym0 import get_uccsd_op
from mrh.exploratory.citools import grad, lasci_ominus1
from mrh.exploratory.citools import fockspace


from typing import Iterable, Union
from typing import Dict, List, Any, TypedDict
import copy
import pickle
from enum import Enum
from scipy.linalg import eigh
from scipy import optimize
import sys
import random
VERBOSE = 0
result = {}
if len(sys.argv) > 1:
    try:
        AMPLITUDE = float(sys.argv[1])
        print(f"Using AMPLITUDE argument: {AMPLITUDE}")
    except ValueError:
        print("Invalid AMPLITUDE argument, using default value 1.")
        AMPLITUDE = 1
else:
    AMPLITUDE = 1

def flatten(seq: Iterable) -> list:
    result = []
    for item in seq:
        if isinstance(item, (list, tuple, np.ndarray)):
            result.extend(flatten(item))
        else:
            result.append(item)
    return result


def cilas2f(lasci, norb_f, nelec_f):
    ''' nelec (na, nb)'''
    ci_f = []
    for i, ci in enumerate(lasci):
        ci_f.append(fockspace.hilbert2fock(ci, norb_f[i], nelec_f[i])[0])
    return ci_f

class MolConfig(TypedDict):
    # basic
    name : str
    xyz: str
    basis: str
    ncas: List[int]
    nelecas: List[int]
    spinsub: List[int]
    frag_atom_list: Any  # Can be List or Tuple depending on usage
    frag_spin_orb: Any
    adj: List[List[int]]

class TestConfig(TypedDict):
    epsilon: float
    # nearest neighbor parameters
    factor: None
    nn: bool
    # non-orthogonal configuration interaction parameters
    init_method: str # 'random' or 'uscc_opt' or 'load x'
    # max_nx: int  # max number of excitations per configuration
    # min_nc: int
    # test choices
    grad_test: bool
    noci_test: bool  
    frozen: str

def get_Sij(psi_i, psi_j, h):
    """Compute the overlap Sij = <psi_i|psi_j>."""
    ucj, _ = psi_j.hc_x(psi_j.x, h)[1:3]
    uci, _ = psi_i.hc_x(psi_i.x, h)[1:3]
    ucj, uci = ucj.ravel(), uci.ravel()
    Sij = uci.conj().dot(ucj)
    return Sij


def get_Sij_Hij(psi_i, psi_j, h):
    ucj, hucj = psi_j.hc_x (psi_j.x, h)[1:3]
    uci, huci = psi_i.hc_x (psi_i.x, h)[1:3]
    ucj, hucj = ucj.ravel (), hucj.ravel ()
    uci = uci.ravel ()
    Sij = uci.conj ().dot (ucj)
    Hij = uci.conj ().dot (hucj)
    return Sij, Hij


def arr_split(arr, n):
    """Split an array into n nearly equal parts."""
    k, m = divmod(len(arr), n)
    return list(arr[i * k + min(i, m):(i + 1) * k + min(i + 1, m)] for i in range(n))

def print_matrix(mat):
    for row in mat:
        print("  ".join(f"{x:.17f}" for x in row))

def zip_excitations(a_idxs, i_idxs):
    excitations = []
    for a, i in zip(a_idxs, i_idxs):
        excitations.append((tuple(i), tuple(a[::-1])))
    return excitations

def print_excitations(a_idxs, i_idxs):
    excitations = zip_excitations(a_idxs, i_idxs)
    for excitation in excitations:
        print([[int(x) for x in flatten(excitation)]])


def nci_test(a_idxs_selected, i_idxs_selected, test_config, mol_config, mol,las, mc_uscc, mf):

    nc = len(a_idxs_selected) + 1
    # we create ci for each excitation
    if VERBOSE >= 1:
        print("Number of CIs: ", nc)

    h1eff,e_core= mc_uscc.get_h1eff(mc_uscc.mo_coeff)
    h2eff = mc_uscc.get_h2eff()

    las_ucc_trial_cis = []
    
    min_ci_eng = 99999.9
    amps = []
    for i in range(nc):
        if( i == nc -1):
            amplitude = 0 # the last one is the reference state
        else:
            x = random.uniform(-1, 1)
            amplitude = AMPLITUDE * x # we should try different amplitudes

        mc_uscc_ci = mcscf.CASCI(mf, sum(mol_config['ncas']), sum(mol_config['nelecas']))
        mc_uscc_ci.mo_coeff = las.mo_coeff
        mc_uscc_ci.fcisolver = lasuccsd.FCISolver_USCC(mol, a_idxs_selected, i_idxs_selected)
        mc_uscc_ci.fcisolver.norb_f = mol_config['ncas']
        fci = mc_uscc_ci.fcisolver
        las_ci0_f = cilas2f(las.ci, mol_config['ncas'], mol_config['nelecas'])

        norb = sum(mol_config['ncas']) # not sure about this
        nelec = sum(mol_config['nelecas']) # not sure about this
        norb_f = getattr (fci, 'norb_f', [norb])
        psi =  getattr (fci, 'psi', fci.build_psi (las_ci0_f, norb, norb_f, nelec, frozen=test_config['frozen']))
        
        if i < nc - 1:
            psi.x[psi.nconstr + i] = amplitude
            amps.append(amplitude)

        energy = psi.energy_tot(psi.x, [e_core, h1eff, h2eff])
        if energy < min_ci_eng:
            min_ci_eng = energy

        las_ucc_trial_cis.append(psi)
        
    result['amps'] = amps
    S = np.zeros((nc, nc), dtype=np.complex128)
    H = np.zeros((nc, nc), dtype=np.complex128)
    h = [e_core, h1eff, h2eff]


    # Build S matrix incrementally, discarding linearly dependent CIs
    selected_indices = []
    S_inc = np.zeros((0, 0), dtype=np.complex128)
    threshold = 1e5  # You can adjust this threshold as needed

    for idx, psi in enumerate(las_ucc_trial_cis):
        # Build S matrix for current selection + this CI
        n_sel = len(selected_indices)
        S_new = np.zeros((n_sel + 1, n_sel + 1), dtype=np.complex128)
        # Fill previous block
        if n_sel > 0:
            S_new[:n_sel, :n_sel] = S_inc
            for j, jidx in enumerate(selected_indices):
                S_new[n_sel, j] = get_Sij(psi, las_ucc_trial_cis[jidx], h)
                S_new[j, n_sel] = get_Sij(las_ucc_trial_cis[jidx], psi, h)
        # Diagonal element
        S_new[n_sel, n_sel] = get_Sij(psi, psi, h)
        # Check condition number
        cond = np.linalg.cond(S_new)
        if cond < threshold:
            selected_indices.append(idx)
            S_inc = S_new
        else:
            if VERBOSE >= 1:
                print(f"Discarding CI {idx} due to linear dependence (cond={cond:.2e})")

    # Now, only keep selected CIs for S and H
    nc_sel = len(selected_indices)
    S = np.zeros((nc_sel, nc_sel), dtype=np.complex128)
    H = np.zeros((nc_sel, nc_sel), dtype=np.complex128)
    for i, idx_i in enumerate(selected_indices):
        for j, idx_j in enumerate(selected_indices):
            S[i, j], H[i, j] = get_Sij_Hij(las_ucc_trial_cis[idx_i], las_ucc_trial_cis[idx_j], h)

    if VERBOSE >= 0:
        print(f"Selected {nc_sel} CIs out of {nc} total CIs")
        print("Condition number of S matrix: ", np.linalg.cond(S))

    if VERBOSE >= 1:
        print("S matrix:")
        print_matrix(S)
        print("H matrix:")
        print_matrix(H)

    # print("min_ci_eng: ", min_ci_eng)
    eigvals, eigvecs = eigh(H, S)
    return eigvals[0], eigvecs[0], min_ci_eng   # Take the lowest eigenvalue as the energy



def test(mol_config, test_config, las, mol, mf):


    eps = test_config['epsilon']
    if test_config['factor'] is not None: # if there is factor then use factor to select epsilon
        all_g_, g_sel_, a_idxs_all_, i_idxs_all_ = grad.get_grad_exact(las, 0)
        sortg = np.sort(abs(all_g_))
        n = len(all_g_)
        thre_idx = int(np.floor(test_config['factor'] * n))
        eps= sortg[-thre_idx]

    all_g, g_sel, a_idxs_selected_all, i_idxs_selected_all = grad.get_grad_exact(las, eps)

    # if test_config['grad_test']:
    #     result['all_g'] = all_g
    result['all_g'] = all_g
    result['g_sel'] = g_sel

    a_idxs_selected_nn = []
    i_idxs_selected_nn = []
    
    nn_g = []
    if(test_config['nn']):
        nn_g, a_idxs_selected_nn, i_idxs_selected_nn = get_nn_excitations(a_idxs_selected_all, i_idxs_selected_all, all_g, mol_config)
        if test_config['grad_test']:
            result['nn_g'] = nn_g

    result['tot_excitation_count'] = len(a_idxs_selected_all)
    result['excitation_count_nn'] = len(a_idxs_selected_nn)

    #Computing energy through the LAS-UCC kernel using selected excitations
    #==========================================================================================
    
    a_idxs_selected = None
    i_idxs_selected = None

    if test_config['nn']:
        a_idxs_selected = a_idxs_selected_nn
        i_idxs_selected = i_idxs_selected_nn
    else:
        a_idxs_selected = a_idxs_selected_all
        i_idxs_selected = i_idxs_selected_all
    
    if VERBOSE >= 2:
        print("All selected excitations:")
        print_excitations(a_idxs_selected, i_idxs_selected)

    mc_uscc = mcscf.CASCI(mf, sum(mol_config['ncas']), sum(mol_config['nelecas']))
    mc_uscc.mo_coeff = las.mo_coeff
    mc_uscc.fcisolver = lasuccsd.FCISolver_USCC(mol, a_idxs_selected, i_idxs_selected)
    mc_uscc.fcisolver.norb_f = mol_config['ncas'] # number of orbitals in each fragment
    # easily hit the maximal memory limit
    mc_uscc.fcisolver.frozen = test_config['frozen'] if 'frozen' in test_config else None  
    mc_uscc.kernel(ci0 = cilas2f(las.ci, mol_config['ncas'], mol_config['nelecas']))
    if not mc_uscc.converged:
        print('Warning: kernel hasn\'t converged')
    
    if VERBOSE >= 1:
        print("MC-USCC amplitudes: ", mc_uscc.fcisolver.psi.x)

    result['las_uscc_eng'] =  mc_uscc.e_tot 
   
    if test_config['noci_test']:
        result['las_uscc_noci_eng'], result['las_uscc_noci_vec'], result['min_ci_eng'] = nci_test(a_idxs_selected, i_idxs_selected, test_config, mol_config, mol,las, mc_uscc, mf)
    
    return result
   



def batch_test(mol_config, test_configs):
    results = []

    # Initializing the molecule with RHF
    #===================================
    symmetry = None
    charge = None
    spin = None
    if 'symmetry' in mol_config:
        symmetry = mol_config['symmetry']
    if 'charge' in mol_config:
        charge = mol_config['charge']
    if 'spin' in mol_config:
        spin = mol_config['spin']

    mol = gto.M(atom=mol_config['xyz'], basis=mol_config['basis'], symmetry = symmetry,
        charge = charge, spin = spin, verbose=4, output=mol_config['output'])
    if 'HF' in mol_config and mol_config['HF'] == 'ROHF':
        mf = scf.ROHF(mol).run()
    else:
        mf = scf.RHF(mol).run()

    # Running LASSCF
    #===================================
    las = LASSCF(mf, mol_config['ncas'], mol_config['nelecas'], spin_sub=mol_config['spinsub'], ouput=None)
    mo_loc = las.localize_init_guess(mol_config['frag_atom_list'], mf.mo_coeff)
    las.kernel(mo_loc)
    
    ref = mcscf.CASCI(mf, sum(mol_config['ncas']), sum(mol_config['nelecas']))
    ref.mo_coeff = las.mo_coeff
    ref.kernel() 

    for test_config in test_configs:
        
        result = test(mol_config, test_config, las, mol, mf)
        results.append(result)
    
    return results, ref.e_tot, las.e_tot



def empty_adj(n):
    return [[0 for _ in range(n)] for _ in range(n)]

def circle_adj(n):
    return [[1 if abs(i - j) == 1 or abs(i - j) == n-1 else 0 for j in range(n)] for i in range(n)]


if __name__ == "__main__":


    data_dir = '../geom'

    with open(data_dir + '/h4.xyz', 'r', encoding='utf-8') as f:
        h4xyz = f.read()

    with open(data_dir + '/h6.xyz', 'r', encoding='utf-8') as f:
        h6xyz = f.read()

    with open(data_dir + '/h8.xyz', 'r', encoding='utf-8') as f:
        h8xyz = f.read()

    with open(data_dir + '/h10.xyz', 'r', encoding='utf-8') as f:
        h10xyz = f.read()


    with open(data_dir + '/c4.xyz', 'r', encoding='utf-8') as f:
        c4xyz = f.read()

    with open(data_dir + '/c6.xyz', 'r', encoding='utf-8') as f:
        c6xyz = f.read()

    with open(data_dir + '/c8.xyz', 'r', encoding='utf-8') as f:
        c8xyz = f.read()

    with open(data_dir + '/c10.xyz', 'r', encoding='utf-8') as f:
        c10xyz = f.read()

    with open(data_dir + '/stil-001.xyz', 'r', encoding='utf-8') as f:
        stil001xyz = f.read()

    with open(data_dir + '/stil-60.xyz', 'r', encoding='utf-8') as f:
        stil60xyz = f.read()

    with open(data_dir + '/stil-90.xyz', 'r', encoding='utf-8') as f:
        stil90xyz = f.read()

    with open(data_dir + '/stil-120.xyz', 'r', encoding='utf-8') as f:
        stil120xyz = f.read()

    with open(data_dir + '/stil-180.xyz', 'r', encoding='utf-8') as f:
        stil180xyz = f.read()       


    # with open(data_dir + '/kremer/kremer-geometry.xyz', 'r', encoding='utf-8') as f:
    #     kremer_xyz = f.read()

    # kremer_basis = {
    #     "Cr": "def2-tzvp",
    #     "O": "def2-svp",
    #     "N": "def2-svp",
    #     "C": "def2-svp",
    #     "H": "def2-svp",
    # }

    # kremer_def2 : MolConfig = {
    #     'name' : 'kremer_def2',
    #     'HF' : 'ROHF',
    #     'xyz' : kremer_xyz,
    #     'basis' : kremer_basis,
    #     'symmetry' : False,
    #     'charge' : 3,
    #     'spin' : 6,
    #     'ncas': [3,3],
    #     'nelecas': [[3,0],[0,3]],
    #     'spinsub': [4,4],
    #     'frag_atom_list': [[0],[1]]
    # }

    h4_sto3g : MolConfig = {
        'name': 'H4_STO3G',
        'xyz': h4xyz,
        'basis': 'sto-3g',
        'ncas': [2, 2],
        'nelecas': [2, 2],
        'spinsub': [1, 1],
        'frag_atom_list': ((0, 1), (2, 3)),
        'output': 'h4_sto3g.out',
    }


    stil_631g_001 : MolConfig = {
        'name': 'STIL_631G_001',
        'xyz': stil001xyz,
        'basis': '631g',
        'ncas': [4,2,4],
        'nelecas': [4,2,4],
        'spinsub': [1, 1, 1],
        'frag_atom_list': [ [1,2,3,4,5,6,15,16,17,18,19] , [0,7, 14,20] , [8,9,10,11,12,13, 21,22,23,24,25] ],
        'frag_spin_orb': {
            0: (0, 1, 2, 3,10,11,12,13),
            1: (4,5,14,15),
            2: (6,7,8,9,16,17,18,19)
        },
        'adj': empty_adj(3),
        'output' : 'stil_631g_001.out',
    }

    stil_631g_60 : MolConfig = {
        'name': 'STIL_631G_60',
        'xyz': stil60xyz,
        'basis': '631g',
        'ncas': [4,2,4],
        'nelecas': [4,2,4],
        'spinsub': [1, 1, 1],
        'frag_atom_list': [ [1,2,3,4,5,6,15,16,17,18,19] , [0,7, 14,20] , [8,9,10,11,12,13, 21,22,23,24,25] ],
        'frag_spin_orb': {
            0: (0, 1, 2, 3,10,11,12,13),
            1: (4,5,14,15),
            2: (6,7,8,9,16,17,18,19)
        },
        'adj': empty_adj(3),
        'output' : 'stil_631g_60.out',
    }

    stil_631g_90 : MolConfig = {
        'name': 'STIL_631G_90',
        'xyz': stil90xyz,
        'basis': '631g',
        'ncas': [4,2,4],
        'nelecas': [4,2,4],
        'spinsub': [1, 1, 1],
        'frag_atom_list': [ [1,2,3,4,5,6,15,16,17,18,19] , [0,7, 14,20] , [8,9,10,11,12,13, 21,22,23,24,25] ],
        'frag_spin_orb': {
            0: (0, 1, 2, 3,10,11,12,13),
            1: (4,5,14,15),
            2: (6,7,8,9,16,17,18,19)
        },
        'adj': empty_adj(3),
        'output' : 'stil_631g_90.out',
    }

    stil_631g_120 : MolConfig = {
        'name': 'STIL_631G_120',
        'xyz': stil120xyz,
        'basis': '631g',
        'ncas': [4,2,4],
        'nelecas': [4,2,4],
        'spinsub': [1, 1, 1],
        'frag_atom_list': [ [1,2,3,4,5,6,15,16,17,18,19] , [0,7, 14,20] , [8,9,10,11,12,13, 21,22,23,24,25] ],
        'frag_spin_orb': {
            0: (0, 1, 2, 3,10,11,12,13),
            1: (4,5,14,15),
            2: (6,7,8,9,16,17,18,19)
        },
        'adj': empty_adj(3),
        'output' : 'stil_631g_120.out',
    }


    stil_631g_180 : MolConfig = {
        'name': 'STIL_631G_180',
        'xyz': stil180xyz,
        'basis': '631g',
        'ncas': [4,2,4],
        'nelecas': [4,2,4],
        'spinsub': [1, 1, 1],
        'frag_atom_list': [ [1,2,3,4,5,6,15,16,17,18,19] , [0,7, 14,20] , [8,9,10,11,12,13, 21,22,23,24,25] ],
        'frag_spin_orb': {
            0: (0, 1, 2, 3,10,11,12,13),
            1: (4,5,14,15),
            2: (6,7,8,9,16,17,18,19)
        },
        'adj': empty_adj(3),
        'output' : 'stil_631g_180.out',
    }

    # This c4 is too small, and I observed numericall error, that H and S have all identical
    # entries however the NOCI energy is lower 
    c4_631g : MolConfig = {
        'name': 'C4_631G',
        'xyz': c4xyz,
        'basis': '631g',
        'ncas': [2,2],
        'nelecas': [2,2],
        'spinsub': [1,1],
        'frag_atom_list':  [[0,2], [3,1]],
        'frag_spin_orb': {
            0: (0,1,4,5),
            1: (2,3,6,7),
        },
        'adj': circle_adj(2), # not sure about this
        'output': 'c4_631g.out',
    }

    c6_631g : MolConfig = {
        'name': 'C6_631G',
        'xyz': c6xyz,
        'basis': '631g',
        'ncas': [2,2,2],
        'nelecas': [2,2,2],
        'spinsub': [1,1,1],
        'frag_atom_list': [[0,2], [10,11], [3,1]], # not sure about this
        'frag_spin_orb': {
            0: (0,1,6,7),
            1: (2,3,8,9),
            2: (4,5,10,11),
        },
        'adj': circle_adj(3),
        'output': 'c6_631g.out',
    }


    c8_631g : MolConfig = {
        'name': 'C8_631G',
        'xyz': c8xyz,
        'basis': '631g',
        'ncas': [2,2,2,2],
        'nelecas': [2,2,2,2],
        'spinsub': [1,1,1,1],
        'frag_atom_list': [[0,2], [10,12], [13,11], [3,1]], 
        'frag_spin_orb': {
            0: (0,1,8,9),
            1: (2,3,10,11),
            2: (4,5,12,13),
            3: (6,7,14,15),
        },
        'adj': circle_adj(3),
        'output': 'c8_631g.out',
    }


    c10_631g : MolConfig = {
        'name': 'C10_631G',
        'xyz': c10xyz,
        'basis': '631g',
        'ncas': [2,2,2,2,2],
        'nelecas': [2,2,2,2,2],
        'spinsub': [1,1,1,1,1],
        'frag_atom_list': [[0,2], [10,12], [18,19], [13,11], [3,1]],
        'frag_spin_orb': {
            0: (0,1,10,11),
            1: (2,3,12,13),
            2: (4,5,14,15),
            3: (6,7,16,17),
            4: (8,9,18,19)
        },
        'adj': circle_adj(5),
        'output': 'c10_631g.out',
    }

    mol_configs = [c6_631g]
    # mol_configs = [h4_sto3g]



    nosi_test_01 : TestConfig = {
        'epsilon': 0.01,
        'factor': None,
        'nn': False,
        'init_method': 'uscc_opt',
        'frozen': 'CI',
        'grad_test': False,
        'noci_test': True
    }
        
    # noci_test_001 = copy.deepcopy(noci_test_01)
    # noci_test_001['epsilon'] = 0.001

    # noci_test_0001 = copy.deepcopy(noci_test_01)
    # noci_test_0001['epsilon'] = 0.0001

    # all_g, g_sel, a_idxs_selected_all, i_idxs_selected_all = grad.get_grad_exact(las, 0)
    # sortg = np.sort(abs(g))
    # n = len(g)
    # eps = np.zeros(15)
    factors = np.arange(0.01, 0.16, 0.01)
    # x = np.array([int(np.floor(f * n)) for f in factors])

    # for i in range(10):
    #     eps[i] = sortg[-x[i]]

    # print ("Epsilons = ", eps)


    nosi_tests = []

    for i in range(10):
        nosi_test = copy.deepcopy(nosi_test_01)
        nosi_test['factor'] = factors[i]
        nosi_tests.append(nosi_test)

    for mol_conf in mol_configs:
        print(f"Molecule {mol_conf['name']}: ")
        mol_results, ref_energy, las_energy = batch_test(mol_conf, nosi_tests)
        
        print(f"CASCI energy: {ref_energy:.17f}")
        print(f"LASSCF energy: {las_energy:.17f}")
        for result in mol_results:
            print(f"Total excitations: {len(result['all_g'])}")
            print(f"Selected excitations: {len(result['g_sel'])}")
            
            # print(f"NN excitations: {result['excitation_count_nn']}")

            if 'las_uscc_eng' in result:
                print(f"LAS-USCCSD-VQE energy: {result['las_uscc_eng']:.17f}")
            if 'las_uscc_noci_eng' in result:
                print(f"LAS-USCCSD-NOSI energy: {result['las_uscc_noci_eng']:.17f}")
            # if 'tot_g' in result:
            #     print(f"Total gradient norm: {np.linalg.norm(result['tot_g']):.17f}")
            # if 'nn_g' in result:
            #     print(f"NN gradient norm: {np.linalg.norm(result['nn_g']):.17f}")
            if 'las_uscc_noci_vec' in result:
                print("NOSI vector: ", result['las_uscc_noci_vec'])
            if 'min_ci_eng' in result:
                print(f"Minimum State energy: {result['min_ci_eng']:.17f}")
            if 'amps' in result:
                print("Amplitudes:\n", result['amps'])
            print("\n")
        
        print("\n\n")
#INFO: ******************** input file end ********************


System: uname_result(system='Linux', node='midway3-0545.rcc.local', release='4.18.0-305.3.1.el8.x86_64', version='#1 SMP Tue Jun 1 16:14:33 UTC 2021', machine='x86_64')  Threads 16
Python 3.9.19 | packaged by conda-forge | (main, Mar 20 2024, 12:50:21) 
[GCC 12.3.0]
numpy 2.0.2  scipy 1.13.1  h5py 3.14.0
Date: Fri Nov  7 14:38:50 2025
PySCF version 2.9.0
PySCF path  /home/tuy/repo/.venv/lib/python3.9/site-packages/pyscf
mrh path  /home/tuy/repo/mrh
GIT ORIG_HEAD b98c29c0816fd226852111a125e579215dc0ac5e
GIT HEAD (branch master) b49e04f5f5ffc1c27967a615ccab8ecdf1806538

[CONFIG] conf_file None
[INPUT] verbose = 4
[INPUT] num. atoms = 14
[INPUT] num. electrons = 44
[INPUT] charge = 0
[INPUT] spin (= nelec alpha-beta = 2S) = 0
[INPUT] symmetry False subgroup None
[INPUT] Mole.unit = angstrom
[INPUT] Symbol           X                Y                Z      unit          X                Y                Z       unit  Magmom
[INPUT]  1 C     -3.075055000000   0.167498000000   0.000000000000 AA   -5.811011767974   0.316525346412   0.000000000000 Bohr   0.0
[INPUT]  2 C      3.075055000000  -0.167498000000   0.000000000000 AA    5.811011767974  -0.316525346412   0.000000000000 Bohr   0.0
[INPUT]  3 C     -1.867388000000  -0.418911000000   0.000000000000 AA   -3.528851888299  -0.791627060568   0.000000000000 Bohr   0.0
[INPUT]  4 C      1.867388000000   0.418911000000   0.000000000000 AA    3.528851888299   0.791627060568   0.000000000000 Bohr   0.0
[INPUT]  5 H     -3.180907000000   1.249260000000   0.000000000000 AA   -6.011043057712   2.360759258374   0.000000000000 Bohr   0.0
[INPUT]  6 H      3.180907000000  -1.249260000000   0.000000000000 AA    6.011043057712  -2.360759258374   0.000000000000 Bohr   0.0
[INPUT]  7 H     -3.991128000000  -0.413469000000   0.000000000000 AA   -7.542138848083  -0.781343170998   0.000000000000 Bohr   0.0
[INPUT]  8 H      3.991128000000   0.413469000000   0.000000000000 AA    7.542138848083   0.781343170998   0.000000000000 Bohr   0.0
[INPUT]  9 H     -1.805249000000  -1.507080000000   0.000000000000 AA   -3.411426196645  -2.847968447810   0.000000000000 Bohr   0.0
[INPUT] 10 H      1.805249000000   1.507080000000   0.000000000000 AA    3.411426196645   2.847968447810   0.000000000000 Bohr   0.0
[INPUT] 11 C     -0.606997000000   0.297372000000   0.000000000000 AA   -1.147058088433   0.561951637114   0.000000000000 Bohr   0.0
[INPUT] 12 C      0.606997000000  -0.297372000000   0.000000000000 AA    1.147058088433  -0.561951637114   0.000000000000 Bohr   0.0
[INPUT] 13 H     -0.661631000000   1.386399000000   0.000000000000 AA   -1.250301385522   2.619914409371   0.000000000000 Bohr   0.0
[INPUT] 14 H      0.661631000000  -1.386399000000   0.000000000000 AA    1.250301385522  -2.619914409371   0.000000000000 Bohr   0.0

nuclear repulsion = 193.715997574267
number of shells = 46
number of NR pGTOs = 164
number of NR cGTOs = 70
basis = 631g
ecp = {}
CPU time:         4.20


******** <class 'pyscf.scf.hf.RHF'> ********
method = RHF
initial guess = minao
damping factor = 0
level_shift factor = 0
DIIS = <class 'pyscf.scf.diis.CDIIS'>
diis_start_cycle = 1
diis_space = 8
diis_damp = 0
SCF conv_tol = 1e-09
SCF conv_tol_grad = None
SCF max_cycles = 50
direct_scf = True
direct_scf_tol = 1e-13
chkfile to save SCF result = /scratch/local/jobs/39642298/tmphlunhvnj
max_memory 4000 MB (current use 94 MB)
Set gradient conv threshold to 3.16228e-05
Initial guess from minao.
init E= -232.969146505086
  HOMO = -0.190230516625178  LUMO = -0.0138813424796753
cycle= 1 E= -231.666676293639  delta_E=  1.3  |g|= 0.353  |ddm|= 3.27
  HOMO = -0.296605929542122  LUMO = 0.0664495386491551
cycle= 2 E= -231.719005507545  delta_E= -0.0523  |g|= 0.099  |ddm|= 0.642
  HOMO = -0.277512429268621  LUMO = 0.0962616969029365
cycle= 3 E= -231.72310601612  delta_E= -0.0041  |g|= 0.04  |ddm|= 0.204
  HOMO = -0.285509970219617  LUMO = 0.091336801767678
cycle= 4 E= -231.723636587453  delta_E= -0.000531  |g|= 0.00769  |ddm|= 0.0609
  HOMO = -0.286791772508796  LUMO = 0.0912398486242786
cycle= 5 E= -231.723666122656  delta_E= -2.95e-05  |g|= 0.00226  |ddm|= 0.0114
  HOMO = -0.286709634657048  LUMO = 0.091989717542985
cycle= 6 E= -231.72367039796  delta_E= -4.28e-06  |g|= 0.000428  |ddm|= 0.00516
  HOMO = -0.286842942336343  LUMO = 0.0920806364322809
cycle= 7 E= -231.723670635971  delta_E= -2.38e-07  |g|= 6.23e-05  |ddm|= 0.00142
  HOMO = -0.286857483139926  LUMO = 0.0920853363020449
cycle= 8 E= -231.723670639409  delta_E= -3.44e-09  |g|= 1.47e-05  |ddm|= 0.000198
  HOMO = -0.286860836529092  LUMO = 0.0920840194201029
cycle= 9 E= -231.723670639568  delta_E= -1.58e-10  |g|= 4.49e-06  |ddm|= 4.94e-05
  HOMO = -0.286861163987359  LUMO = 0.0920834645315481
Extra cycle  E= -231.723670639579  delta_E= -1.14e-11  |g|= 1.74e-06  |ddm|= 8.96e-06
converged SCF energy = -231.723670639579

******** LASSCF flags ********
CAS (3e+3e, 6o), ncore = 19, nvir = 45
Divided into 3 LAS spaces
LAS 0 : (1e+1e, 2o)
LAS 1 : (1e+1e, 2o)
LAS 2 : (1e+1e, 2o)
nroots = 1
max_cycle_macro = 50
max_cycle_micro = 5
conv_tol_grad = 0.0001
max_memory 4000 MB (current use 212 MB)
fragment 0 FCI solver flags:
******** <class 'mrh.my_pyscf.mcscf.addons.get_h1e_zipped_fcisolver.<locals>.FCISolver'> ********
max. cycles = 100
conv_tol = 1e-10
davidson only = False
linear dependence = 1e-14
level shift = 0.001
max iter space = 12
max_memory 4000 MB
nroots = 1
pspace_size = 200
spin = 0
State-average over 1 states with weights [1.0]
fragment 1 FCI solver flags:
******** <class 'mrh.my_pyscf.mcscf.addons.get_h1e_zipped_fcisolver.<locals>.FCISolver'> ********
max. cycles = 100
conv_tol = 1e-10
davidson only = False
linear dependence = 1e-14
level shift = 0.001
max iter space = 12
max_memory 4000 MB
nroots = 1
pspace_size = 200
spin = 0
State-average over 1 states with weights [1.0]
fragment 2 FCI solver flags:
******** <class 'mrh.my_pyscf.mcscf.addons.get_h1e_zipped_fcisolver.<locals>.FCISolver'> ********
max. cycles = 100
conv_tol = 1e-10
davidson only = False
linear dependence = 1e-14
level shift = 0.001
max iter space = 12
max_memory 4000 MB
nroots = 1
pspace_size = 200
spin = 0
State-average over 1 states with weights [1.0]
LASCI subspace 0 with no orbsym information
LASCI subspace 1 with no orbsym information
LASCI subspace 2 with no orbsym information
LASCI subspace CI energies: [np.float64(-1.2156654539804101), np.float64(-1.2215592621851306), np.float64(-1.2156607145604026)]
LASCI macro 0 : E = -231.713975337543 ; |g_int| = 0.271675306778061 ; |g_ci| = 0.000307491417283336 ; |g_x| = 0
LASCI micro 1 : |x_orb| = 0.254271361101929 ; |x_ci| = 0.0305486659240742
LASCI micro 2 : |x_orb| = 0.307017197063942 ; |x_ci| = 0.0289791267484738
LASCI micro 3 : |x_orb| = 0.307680838837132 ; |x_ci| = 0.0293447843437421
LASCI micro 4 : |x_orb| = 0.308010744090282 ; |x_ci| = 0.0299602682259288
LASCI micro 5 : |x_orb| = 0.308015532224558 ; |x_ci| = 0.0301969021894757
LASCI subspace 0 with no orbsym information
LASCI subspace 1 with no orbsym information
LASCI subspace 2 with no orbsym information
LASCI subspace CI energies: [np.float64(-1.2250631911906464), np.float64(-1.243869958597617), np.float64(-1.2250628298520683)]
LASCI macro 1 : E = -231.770203919916 ; |g_int| = 0.137134753078427 ; |g_ci| = 2.68446070983922e-05 ; |g_x| = 0
LASCI micro 1 : |x_orb| = 0.339519288297598 ; |x_ci| = 0.00978072939258958
LASCI micro 2 : |x_orb| = 0.542975692855144 ; |x_ci| = 0.0495303582203558
LASCI micro 3 : |x_orb| = 0.544534481614593 ; |x_ci| = 0.050985746660066
LASCI micro 4 : |x_orb| = 0.552352804490899 ; |x_ci| = 0.0476004509519615
LASCI micro 5 : |x_orb| = 0.552525485979164 ; |x_ci| = 0.0480382911984006
LASCI subspace 0 with no orbsym information
LASCI subspace 1 with no orbsym information
LASCI subspace 2 with no orbsym information
LASCI subspace CI energies: [np.float64(-1.2322141034496594), np.float64(-1.2454148256554065), np.float64(-1.2322139764647315)]
LASCI macro 2 : E = -231.797212617557 ; |g_int| = 0.0618614759711158 ; |g_ci| = 4.72694631966194e-05 ; |g_x| = 0
LASCI micro 1 : |x_orb| = 0.139168242163422 ; |x_ci| = 0.00782912440154108
LASCI micro 2 : |x_orb| = 0.153393345394826 ; |x_ci| = 0.00430678790459164
LASCI micro 3 : |x_orb| = 0.152158261857439 ; |x_ci| = 0.00529226686376102
LASCI micro 4 : |x_orb| = 0.15199589512195 ; |x_ci| = 0.00485989675324972
LASCI micro 5 : |x_orb| = 0.152252592905289 ; |x_ci| = 0.00478586139145821
LASCI subspace 0 with no orbsym information
LASCI subspace 1 with no orbsym information
LASCI subspace 2 with no orbsym information
LASCI subspace CI energies: [np.float64(-1.2327037447348221), np.float64(-1.2442448992364077), np.float64(-1.232703693955104)]
LASCI macro 3 : E = -231.80131585353 ; |g_int| = 0.030403456279971 ; |g_ci| = 1.34801577705878e-05 ; |g_x| = 0
LASCI micro 1 : |x_orb| = 0.063401320033951 ; |x_ci| = 0.00368522147526695
LASCI micro 2 : |x_orb| = 0.0782794413010785 ; |x_ci| = 0.00359154987778791
LASCI micro 3 : |x_orb| = 0.0778065628934902 ; |x_ci| = 0.00379510455332738
LASCI micro 4 : |x_orb| = 0.0771592533906819 ; |x_ci| = 0.00379124015616898
LASCI micro 5 : |x_orb| = 0.0773534834747375 ; |x_ci| = 0.0037506476349679
LASCI subspace 0 with no orbsym information
LASCI subspace 1 with no orbsym information
LASCI subspace 2 with no orbsym information
LASCI subspace CI energies: [np.float64(-1.2324787059438376), np.float64(-1.2427036967752958), np.float64(-1.2324786744013894)]
LASCI macro 4 : E = -231.80234340855 ; |g_int| = 0.0151406007990143 ; |g_ci| = 9.00275783377568e-06 ; |g_x| = 0
LASCI micro 1 : |x_orb| = 0.0313112461944124 ; |x_ci| = 0.00149714256288363
LASCI micro 2 : |x_orb| = 0.0406713903695785 ; |x_ci| = 0.00225015064310613
LASCI micro 3 : |x_orb| = 0.0405622589388088 ; |x_ci| = 0.00228401450888803
LASCI micro 4 : |x_orb| = 0.0399147198913443 ; |x_ci| = 0.00232513922519607
LASCI micro 5 : |x_orb| = 0.0400552426946883 ; |x_ci| = 0.00229983655707278
LASCI subspace 0 with no orbsym information
LASCI subspace 1 with no orbsym information
LASCI subspace 2 with no orbsym information
LASCI subspace CI energies: [np.float64(-1.2322117282043439), np.float64(-1.2417887487739987), np.float64(-1.2322117083671777)]
LASCI macro 5 : E = -231.802608872364 ; |g_int| = 0.00759644996429191 ; |g_ci| = 4.87386937721796e-06 ; |g_x| = 0
LASCI micro 1 : |x_orb| = 0.0158348962819801 ; |x_ci| = 0.000631535698562712
LASCI micro 2 : |x_orb| = 0.0210980307704799 ; |x_ci| = 0.00128767233794448
LASCI micro 3 : |x_orb| = 0.0211091024397912 ; |x_ci| = 0.00128499948517584
LASCI micro 4 : |x_orb| = 0.0206221133852796 ; |x_ci| = 0.00131813470346584
LASCI micro 5 : |x_orb| = 0.0207137293644874 ; |x_ci| = 0.00130097622357761
LASCI subspace 0 with no orbsym information
LASCI subspace 1 with no orbsym information
LASCI subspace 2 with no orbsym information
LASCI subspace CI energies: [np.float64(-1.232013636031415), np.float64(-1.2412996952057316), np.float64(-1.232013623858549)]
LASCI macro 6 : E = -231.802678173956 ; |g_int| = 0.00383391057689802 ; |g_ci| = 2.39895786611211e-06 ; |g_x| = 0
LASCI micro 1 : |x_orb| = 0.00807635778723954 ; |x_ci| = 0.000279538439936223
LASCI micro 2 : |x_orb| = 0.0109072272538922 ; |x_ci| = 0.000707829272856026
LASCI micro 3 : |x_orb| = 0.0109449519526221 ; |x_ci| = 0.00070044260436714
LASCI micro 4 : |x_orb| = 0.010622171576879 ; |x_ci| = 0.000720885781813731
LASCI micro 5 : |x_orb| = 0.0106700956534617 ; |x_ci| = 0.000709968458096839
LASCI subspace 0 with no orbsym information
LASCI subspace 1 with no orbsym information
LASCI subspace 2 with no orbsym information
LASCI subspace CI energies: [np.float64(-1.2318830169187953), np.float64(-1.241041953001414), np.float64(-1.2318830095755888)]
LASCI macro 7 : E = -231.802696364608 ; |g_int| = 0.00194620492150654 ; |g_ci| = 1.1256014217501e-06 ; |g_x| = 0
LASCI micro 1 : |x_orb| = 0.00413875284185791 ; |x_ci| = 0.000128128458824523
LASCI micro 2 : |x_orb| = 0.00563027244732331 ; |x_ci| = 0.00038143683866562
LASCI micro 3 : |x_orb| = 0.00566478304628649 ; |x_ci| = 0.000375831419820535
LASCI micro 4 : |x_orb| = 0.00546491831880845 ; |x_ci| = 0.00038725064717898
LASCI micro 5 : |x_orb| = 0.00548386320791233 ; |x_ci| = 0.000380694300470886
LASCI subspace 0 with no orbsym information
LASCI subspace 1 with no orbsym information
LASCI subspace 2 with no orbsym information
LASCI subspace CI energies: [np.float64(-1.231800439564675), np.float64(-1.2409055047865611), np.float64(-1.2318004351603389)]
LASCI macro 8 : E = -231.80270116257 ; |g_int| = 0.000993826528532723 ; |g_ci| = 5.11660623875559e-07 ; |g_x| = 0
LASCI micro 1 : |x_orb| = 0.00213013053200945 ; |x_ci| = 5.97845069299189e-05
LASCI micro 2 : |x_orb| = 0.00290858367834227 ; |x_ci| = 0.000203458284835285
LASCI micro 3 : |x_orb| = 0.00293324651940902 ; |x_ci| = 0.00020009989202665
LASCI micro 4 : |x_orb| = 0.00281463298049795 ; |x_ci| = 0.0002061683855919
LASCI subspace 0 with no orbsym information
LASCI subspace 1 with no orbsym information
LASCI subspace 2 with no orbsym information
LASCI subspace CI energies: [np.float64(-1.2317520362113412), np.float64(-1.2408404666351496), np.float64(-1.231752032809827)]
LASCI macro 9 : E = -231.80270243199 ; |g_int| = 0.000513996171449459 ; |g_ci| = 8.63553738174171e-07 ; |g_x| = 0
LASCI micro 1 : |x_orb| = 0.00109970226679645 ; |x_ci| = 2.77846864120634e-05
LASCI micro 2 : |x_orb| = 0.00150675685100656 ; |x_ci| = 0.000108360463135794
LASCI subspace 0 with no orbsym information
LASCI subspace 1 with no orbsym information
LASCI subspace 2 with no orbsym information
LASCI subspace CI energies: [np.float64(-1.2317212466532168), np.float64(-1.2407952112511675), np.float64(-1.2317212443157886)]
LASCI macro 10 : E = -231.802702771564 ; |g_int| = 0.000272669294077853 ; |g_ci| = 4.52022090840762e-07 ; |g_x| = 0
LASCI micro 1 : |x_orb| = 0.00055111804961006 ; |x_ci| = 1.67472085333708e-05
LASCI micro 2 : |x_orb| = 0.000755669268071348 ; |x_ci| = 5.78000574942197e-05
LASCI subspace 0 with no orbsym information
LASCI subspace 1 with no orbsym information
LASCI subspace 2 with no orbsym information
LASCI subspace CI energies: [np.float64(-1.2317033449144907), np.float64(-1.240772700801995), np.float64(-1.2317033432942213)]
LASCI macro 11 : E = -231.802702863571 ; |g_int| = 0.000148179241334311 ; |g_ci| = 2.92592117740364e-07 ; |g_x| = 0
LASCI subspace 0 with no orbsym information
LASCI subspace 1 with no orbsym information
LASCI subspace 2 with no orbsym information
LASCI subspace CI energies: [np.float64(-1.2316984134467628), np.float64(-1.2407643130179156), np.float64(-1.2316984124750245)]
LASCI macro 12 : E = -231.802702881686 ; |g_int| = 0.000100272811241584 ; |g_ci| = 8.23222115934106e-08 ; |g_x| = 0
LASCI subspace 0 with no orbsym information
LASCI subspace 1 with no orbsym information
LASCI subspace 2 with no orbsym information
LASCI subspace CI energies: [np.float64(-1.2316946835206286), np.float64(-1.2407594223729181), np.float64(-1.231694682854021)]
LASCI macro 13 : E = -231.802702889877 ; |g_int| = 7.28744430905508e-05 ; |g_ci| = 4.83316992591074e-08 ; |g_x| = 0
LASCI converged after 14 cycles
LASCI E = -231.802702889877 ; |g_int| = 7.28744430905508e-05 ; |g_ci| = 4.83316992591074e-08 ; |g_ext| = 0
Fragment 0 natural orbitals
Natural occ [1.91798187 0.08201813]
Natural orbital (expansion on AOs) in CAS space
               #1        #2       
0 C 1s          -0.00000  -0.00000
0 C 2s          -0.00000  -0.00000
0 C 3s           0.00000   0.00000
0 C 2px         -0.00000  -0.00000
0 C 2py          0.00000   0.00000
0 C 2pz         -0.38955  -0.56509
0 C 3px          0.00000   0.00000
0 C 3py         -0.00000  -0.00000
0 C 3pz         -0.30253  -0.39275
1 C 1s           0.00000   0.00000
1 C 2s          -0.00000  -0.00000
1 C 3s          -0.00000  -0.00000
1 C 2px          0.00000   0.00000
1 C 2py         -0.00000  -0.00000
1 C 2pz         -0.01794   0.01599
1 C 3px          0.00000   0.00000
1 C 3py         -0.00000   0.00000
1 C 3pz         -0.02332   0.01661
2 C 1s           0.00000  -0.00000
2 C 2s          -0.00000  -0.00000
2 C 3s          -0.00000   0.00000
2 C 2px          0.00000   0.00000
2 C 2py         -0.00000   0.00000
2 C 2pz         -0.39275   0.59275
2 C 3px         -0.00000   0.00000
2 C 3py         -0.00000  -0.00000
2 C 3pz         -0.29129   0.43618
3 C 1s           0.00000  -0.00000
3 C 2s          -0.00000  -0.00000
3 C 3s          -0.00000   0.00000
3 C 2px         -0.00000  -0.00000
3 C 2py         -0.00000  -0.00000
3 C 2pz          0.00705   0.01720
3 C 3px          0.00000   0.00000
3 C 3py          0.00000  -0.00000
3 C 3pz          0.00088   0.01867
4 H 1s           0.00000  -0.00000
4 H 2s           0.00000  -0.00000
5 H 1s          -0.00000   0.00000
5 H 2s          -0.00000   0.00000
6 H 1s          -0.00000  -0.00000
6 H 2s          -0.00000  -0.00000
7 H 1s           0.00000  -0.00000
7 H 2s           0.00000  -0.00000
8 H 1s           0.00000  -0.00000
8 H 2s           0.00000  -0.00000
9 H 1s          -0.00000  -0.00000
9 H 2s          -0.00000   0.00000
10 C 1s         -0.00000   0.00000
10 C 2s         -0.00000  -0.00000
10 C 3s          0.00000  -0.00000
10 C 2px         0.00000   0.00000
10 C 2py         0.00000   0.00000
10 C 2pz        -0.03485  -0.08054
10 C 3px        -0.00000   0.00000
10 C 3py        -0.00000   0.00000
10 C 3pz         0.01685  -0.16542
11 C 1s          0.00000   0.00000
11 C 2s          0.00000   0.00000
11 C 3s         -0.00000  -0.00000
11 C 2px        -0.00000  -0.00000
11 C 2py        -0.00000  -0.00000
11 C 2pz         0.05707  -0.05162
11 C 3px         0.00000  -0.00000
11 C 3py         0.00000  -0.00000
11 C 3pz         0.06603  -0.03420
12 H 1s          0.00000   0.00000
12 H 2s          0.00000  -0.00000
13 H 1s          0.00000   0.00000
13 H 2s          0.00000  -0.00000
Fragment 1 natural orbitals
Natural occ [1.93130762 0.06869238]
Natural orbital (expansion on AOs) in CAS space
               #1        #2       
0 C 1s           0.00000   0.00000
0 C 2s          -0.00000  -0.00000
0 C 3s          -0.00000  -0.00000
0 C 2px         -0.00000  -0.00000
0 C 2py          0.00000   0.00000
0 C 2pz          0.05280   0.03963
0 C 3px         -0.00000  -0.00000
0 C 3py          0.00000  -0.00000
0 C 3pz          0.06696   0.01528
1 C 1s           0.00000   0.00000
1 C 2s          -0.00000  -0.00000
1 C 3s          -0.00000  -0.00000
1 C 2px          0.00000   0.00000
1 C 2py         -0.00000  -0.00000
1 C 2pz          0.05280  -0.03963
1 C 3px          0.00000   0.00000
1 C 3py          0.00000   0.00000
1 C 3pz          0.06696  -0.01528
2 C 1s          -0.00000  -0.00000
2 C 2s          -0.00000  -0.00000
2 C 3s           0.00000   0.00000
2 C 2px          0.00000   0.00000
2 C 2py         -0.00000   0.00000
2 C 2pz         -0.03986   0.08511
2 C 3px         -0.00000   0.00000
2 C 3py          0.00000   0.00000
2 C 3pz          0.01099   0.17205
3 C 1s          -0.00000  -0.00000
3 C 2s           0.00000  -0.00000
3 C 3s           0.00000   0.00000
3 C 2px         -0.00000  -0.00000
3 C 2py         -0.00000  -0.00000
3 C 2pz         -0.03986  -0.08511
3 C 3px          0.00000   0.00000
3 C 3py         -0.00000  -0.00000
3 C 3pz          0.01099  -0.17205
4 H 1s           0.00000   0.00000
4 H 2s           0.00000   0.00000
5 H 1s          -0.00000   0.00000
5 H 2s           0.00000   0.00000
6 H 1s          -0.00000  -0.00000
6 H 2s          -0.00000  -0.00000
7 H 1s          -0.00000  -0.00000
7 H 2s          -0.00000  -0.00000
8 H 1s          -0.00000  -0.00000
8 H 2s           0.00000   0.00000
9 H 1s          -0.00000  -0.00000
9 H 2s           0.00000   0.00000
10 C 1s          0.00000   0.00000
10 C 2s         -0.00000  -0.00000
10 C 3s         -0.00000  -0.00000
10 C 2px         0.00000   0.00000
10 C 2py         0.00000   0.00000
10 C 2pz        -0.39003  -0.59193
10 C 3px         0.00000  -0.00000
10 C 3py        -0.00000   0.00000
10 C 3pz        -0.29686  -0.42541
11 C 1s          0.00000  -0.00000
11 C 2s          0.00000  -0.00000
11 C 3s         -0.00000   0.00000
11 C 2px         0.00000  -0.00000
11 C 2py         0.00000  -0.00000
11 C 2pz        -0.39003   0.59193
11 C 3px         0.00000  -0.00000
11 C 3py         0.00000   0.00000
11 C 3pz        -0.29686   0.42541
12 H 1s          0.00000   0.00000
12 H 2s          0.00000   0.00000
13 H 1s          0.00000   0.00000
13 H 2s          0.00000   0.00000
Fragment 2 natural orbitals
Natural occ [1.91798187 0.08201813]
Natural orbital (expansion on AOs) in CAS space
               #1        #2       
0 C 1s          -0.00000  -0.00000
0 C 2s          -0.00000   0.00000
0 C 3s           0.00000   0.00000
0 C 2px         -0.00000   0.00000
0 C 2py          0.00000  -0.00000
0 C 2pz         -0.01794   0.01599
0 C 3px         -0.00000   0.00000
0 C 3py          0.00000   0.00000
0 C 3pz         -0.02332   0.01661
1 C 1s          -0.00000  -0.00000
1 C 2s           0.00000   0.00000
1 C 3s          -0.00000   0.00000
1 C 2px         -0.00000  -0.00000
1 C 2py          0.00000   0.00000
1 C 2pz         -0.38955  -0.56509
1 C 3px         -0.00000  -0.00000
1 C 3py         -0.00000  -0.00000
1 C 3pz         -0.30253  -0.39275
2 C 1s          -0.00000   0.00000
2 C 2s          -0.00000   0.00000
2 C 3s           0.00000  -0.00000
2 C 2px          0.00000  -0.00000
2 C 2py          0.00000  -0.00000
2 C 2pz          0.00705   0.01720
2 C 3px          0.00000   0.00000
2 C 3py         -0.00000  -0.00000
2 C 3pz          0.00088   0.01867
3 C 1s          -0.00000   0.00000
3 C 2s           0.00000   0.00000
3 C 3s           0.00000  -0.00000
3 C 2px          0.00000   0.00000
3 C 2py         -0.00000   0.00000
3 C 2pz         -0.39275   0.59275
3 C 3px          0.00000   0.00000
3 C 3py         -0.00000   0.00000
3 C 3pz         -0.29129   0.43618
4 H 1s          -0.00000  -0.00000
4 H 2s          -0.00000  -0.00000
5 H 1s          -0.00000  -0.00000
5 H 2s           0.00000  -0.00000
6 H 1s          -0.00000   0.00000
6 H 2s          -0.00000   0.00000
7 H 1s          -0.00000   0.00000
7 H 2s           0.00000   0.00000
8 H 1s          -0.00000   0.00000
8 H 2s          -0.00000  -0.00000
9 H 1s          -0.00000   0.00000
9 H 2s           0.00000  -0.00000
10 C 1s          0.00000  -0.00000
10 C 2s          0.00000   0.00000
10 C 3s         -0.00000   0.00000
10 C 2px        -0.00000  -0.00000
10 C 2py        -0.00000  -0.00000
10 C 2pz         0.05707  -0.05162
10 C 3px        -0.00000  -0.00000
10 C 3py         0.00000  -0.00000
10 C 3pz         0.06603  -0.03420
11 C 1s         -0.00000  -0.00000
11 C 2s         -0.00000   0.00000
11 C 3s          0.00000   0.00000
11 C 2px         0.00000   0.00000
11 C 2py         0.00000   0.00000
11 C 2pz        -0.03485  -0.08054
11 C 3px        -0.00000   0.00000
11 C 3py         0.00000   0.00000
11 C 3pz         0.01685  -0.16542
12 H 1s         -0.00000  -0.00000
12 H 2s         -0.00000   0.00000
13 H 1s         -0.00000  -0.00000
13 H 2s         -0.00000   0.00000
LASCI energy = -231.802702889877

******** CASCI flags ********
CAS (3e+3e, 6o), ncore = 19, nvir = 45
natorb = False
canonicalization = True
sorting_mo_energy = False
max_memory 4000 (MB)
******** <class 'pyscf.fci.direct_spin1.FCISolver'> ********
max. cycles = 200
conv_tol = 1e-08
davidson only = False
linear dependence = 1e-12
level shift = 0.001
max iter space = 12
max_memory 4000 MB
nroots = 1
pspace_size = 400
spin = None
Density matrix diagonal elements [1.90166174 0.09869106 1.90150946 0.09778494 1.90166174 0.09869106]
CASCI converged
CASCI E = -231.812763066915  E(CI) = -5.84201468177059  S^2 = 0.0000000

******** CASCI flags ********
CAS (3e+3e, 6o), ncore = 19, nvir = 45
natorb = False
canonicalization = True
sorting_mo_energy = False
max_memory 4000 (MB)
******** <class 'mrh.exploratory.unitary_cc.lasuccsd.FCISolver_USCC'> ********
max. cycles = 100
conv_tol = 1e-10
davidson only = False
linear dependence = 1e-14
level shift = 0.001
max iter space = 12
max_memory 4000 MB
nroots = 1
pspace_size = 400
spin = None
LASCI object has 7 degrees of freedom
iteration 0, E = -231.804236, |x| = 8.432896e-02, |g| = 4.825126e-02
iteration 1, E = -231.804972, |x| = 5.402175e-02, |g| = 1.971833e-03
iteration 2, E = -231.804973, |x| = 5.374658e-02, |g| = 1.086090e-03
iteration 3, E = -231.804974, |x| = 5.387775e-02, |g| = 1.765330e-05
iteration 4, E = -231.804974, |x| = 5.387789e-02, |g| = 6.578232e-06
iteration 5, E = -231.804974, |x| = 5.387776e-02, |g| = 2.777240e-08
Fragment 0 local quantum numbers
<N>,<Sz>,<S^2> = 2.000178, -0.000000, 0.000883
Fragment 1 local quantum numbers
<N>,<Sz>,<S^2> = 1.998776, 0.000000, 0.001407
Fragment 2 local quantum numbers
<N>,<Sz>,<S^2> = 2.001046, 0.000000, 0.000525
Whole system quantum numbers
<N>,<Sz>,<S^2> = 6.000000, -0.000000, 0.000000
Density matrix diagonal elements [1.91652446 0.08365334 1.92740196 0.07137391 1.91798187 0.08306444]
CASCI converged
CASCI E = -231.804973509057  E(CI) = -5.83422512391189  S^2 = 0.0000000

******** CASCI flags ********
CAS (3e+3e, 6o), ncore = 19, nvir = 45
natorb = False
canonicalization = True
sorting_mo_energy = False
max_memory 4000 (MB)
******** <class 'mrh.exploratory.unitary_cc.lasuccsd.FCISolver_USCC'> ********
max. cycles = 100
conv_tol = 1e-10
davidson only = False
linear dependence = 1e-14
level shift = 0.001
max iter space = 12
max_memory 4000 MB
nroots = 1
pspace_size = 400
spin = None
LASCI object has 15 degrees of freedom
iteration 0, E = -231.805304, |x| = 1.143251e-01, |g| = 6.870694e-02
iteration 1, E = -231.806783, |x| = 7.151127e-02, |g| = 1.362492e-03
iteration 2, E = -231.806783, |x| = 7.131995e-02, |g| = 8.897997e-04
iteration 3, E = -231.806783, |x| = 7.136313e-02, |g| = 3.281912e-05
iteration 4, E = -231.806783, |x| = 7.136402e-02, |g| = 1.886147e-05
iteration 5, E = -231.806783, |x| = 7.136371e-02, |g| = 1.022584e-06
Fragment 0 local quantum numbers
<N>,<Sz>,<S^2> = 2.000127, 0.000000, 0.001365
Fragment 1 local quantum numbers
<N>,<Sz>,<S^2> = 2.000248, -0.000000, 0.002517
Fragment 2 local quantum numbers
<N>,<Sz>,<S^2> = 1.999624, 0.000000, 0.001153
Whole system quantum numbers
<N>,<Sz>,<S^2> = 6.000000, -0.000000, 0.000000
Density matrix diagonal elements [1.91562147 0.08450601 1.92629138 0.07395705 1.91595591 0.08366818]
CASCI converged
CASCI E = -231.806783066693  E(CI) = -5.83603468154854  S^2 = 0.0000000

******** CASCI flags ********
CAS (3e+3e, 6o), ncore = 19, nvir = 45
natorb = False
canonicalization = True
sorting_mo_energy = False
max_memory 4000 (MB)
******** <class 'mrh.exploratory.unitary_cc.lasuccsd.FCISolver_USCC'> ********
max. cycles = 100
conv_tol = 1e-10
davidson only = False
linear dependence = 1e-14
level shift = 0.001
max iter space = 12
max_memory 4000 MB
nroots = 1
pspace_size = 400
spin = None
LASCI object has 25 degrees of freedom
iteration 0, E = -231.807837, |x| = 1.323143e-01, |g| = 7.363595e-02
iteration 1, E = -231.809567, |x| = 1.087103e-01, |g| = 8.044448e-03
iteration 2, E = -231.809599, |x| = 1.105284e-01, |g| = 2.039580e-03
iteration 3, E = -231.809601, |x| = 1.119128e-01, |g| = 7.104690e-04
iteration 4, E = -231.809601, |x| = 1.119353e-01, |g| = 1.628661e-04
iteration 5, E = -231.809601, |x| = 1.118624e-01, |g| = 1.467436e-05
iteration 6, E = -231.809601, |x| = 1.118716e-01, |g| = 2.681817e-06
iteration 7, E = -231.809601, |x| = 1.118715e-01, |g| = 1.056023e-06
Fragment 0 local quantum numbers
<N>,<Sz>,<S^2> = 2.000155, -0.000000, 0.004144
Fragment 1 local quantum numbers
<N>,<Sz>,<S^2> = 1.999692, 0.000000, 0.008251
Fragment 2 local quantum numbers
<N>,<Sz>,<S^2> = 2.000153, -0.000000, 0.004119
Whole system quantum numbers
<N>,<Sz>,<S^2> = 6.000000, 0.000000, 0.001967
Density matrix diagonal elements [1.91238005 0.08777455 1.91946774 0.08022474 1.91239955 0.08775338]
CASCI converged
CASCI E = -231.809601096534  E(CI) = -5.83885271138917  S^2 = 0.0019665

******** CASCI flags ********
CAS (3e+3e, 6o), ncore = 19, nvir = 45
natorb = False
canonicalization = True
sorting_mo_energy = False
max_memory 4000 (MB)
******** <class 'mrh.exploratory.unitary_cc.lasuccsd.FCISolver_USCC'> ********
max. cycles = 100
conv_tol = 1e-10
davidson only = False
linear dependence = 1e-14
level shift = 0.001
max iter space = 12
max_memory 4000 MB
nroots = 1
pspace_size = 400
spin = None
LASCI object has 33 degrees of freedom
iteration 0, E = -231.808526, |x| = 1.367354e-01, |g| = 6.972030e-02
iteration 1, E = -231.810143, |x| = 1.131648e-01, |g| = 8.359535e-03
iteration 2, E = -231.810175, |x| = 1.151437e-01, |g| = 3.299656e-03
iteration 3, E = -231.810178, |x| = 1.166233e-01, |g| = 1.476130e-03
iteration 4, E = -231.810178, |x| = 1.166176e-01, |g| = 7.841044e-04
iteration 5, E = -231.810178, |x| = 1.164804e-01, |g| = 3.468836e-04
iteration 6, E = -231.810179, |x| = 1.165076e-01, |g| = 8.869775e-05
iteration 7, E = -231.810179, |x| = 1.165197e-01, |g| = 8.678437e-05
iteration 8, E = -231.810179, |x| = 1.165190e-01, |g| = 5.483803e-05
iteration 9, E = -231.810179, |x| = 1.165139e-01, |g| = 1.204560e-05
iteration 10, E = -231.810179, |x| = 1.165154e-01, |g| = 6.122175e-06
iteration 11, E = -231.810179, |x| = 1.165153e-01, |g| = 9.964251e-07
Fragment 0 local quantum numbers
<N>,<Sz>,<S^2> = 2.000152, -0.000000, 0.004378
Fragment 1 local quantum numbers
<N>,<Sz>,<S^2> = 1.999696, 0.000000, 0.008507
Fragment 2 local quantum numbers
<N>,<Sz>,<S^2> = 2.000152, 0.000000, 0.004348
Whole system quantum numbers
<N>,<Sz>,<S^2> = 6.000000, 0.000000, 0.002061
Density matrix diagonal elements [1.91177829 0.08837375 1.91874274 0.08095303 1.91181901 0.08833318]
CASCI converged
CASCI E = -231.810178507915  E(CI) = -5.83943012277052  S^2 = 0.0020613

******** CASCI flags ********
CAS (3e+3e, 6o), ncore = 19, nvir = 45
natorb = False
canonicalization = True
sorting_mo_energy = False
max_memory 4000 (MB)
******** <class 'mrh.exploratory.unitary_cc.lasuccsd.FCISolver_USCC'> ********
max. cycles = 100
conv_tol = 1e-10
davidson only = False
linear dependence = 1e-14
level shift = 0.001
max iter space = 12
max_memory 4000 MB
nroots = 1
pspace_size = 400
spin = None
LASCI object has 42 degrees of freedom
iteration 0, E = -231.808761, |x| = 1.387197e-01, |g| = 6.956920e-02
iteration 1, E = -231.810373, |x| = 1.150580e-01, |g| = 8.413357e-03
iteration 2, E = -231.810406, |x| = 1.167086e-01, |g| = 3.479258e-03
iteration 3, E = -231.810409, |x| = 1.182078e-01, |g| = 1.679990e-03
iteration 4, E = -231.810409, |x| = 1.182244e-01, |g| = 8.191226e-04
iteration 5, E = -231.810409, |x| = 1.180843e-01, |g| = 4.373570e-04
iteration 6, E = -231.810410, |x| = 1.181088e-01, |g| = 1.331394e-04
iteration 7, E = -231.810410, |x| = 1.181170e-01, |g| = 4.099259e-05
iteration 8, E = -231.810410, |x| = 1.181210e-01, |g| = 1.969391e-05
iteration 9, E = -231.810410, |x| = 1.181188e-01, |g| = 4.234683e-06
iteration 10, E = -231.810410, |x| = 1.181188e-01, |g| = 1.861706e-06
Fragment 0 local quantum numbers
<N>,<Sz>,<S^2> = 2.000227, 0.000010, 0.004569
Fragment 1 local quantum numbers
<N>,<Sz>,<S^2> = 1.999524, -0.000008, 0.008644
Fragment 2 local quantum numbers
<N>,<Sz>,<S^2> = 2.000248, -0.000001, 0.004561
Whole system quantum numbers
<N>,<Sz>,<S^2> = 6.000000, 0.000000, 0.002216
Density matrix diagonal elements [1.91155583 0.08867156 1.91853548 0.0809888  1.9115909  0.08865743]
CASCI converged
CASCI E = -231.810409544394  E(CI) = -5.83966115924915  S^2 = 0.0022157

******** CASCI flags ********
CAS (3e+3e, 6o), ncore = 19, nvir = 45
natorb = False
canonicalization = True
sorting_mo_energy = False
max_memory 4000 (MB)
******** <class 'mrh.exploratory.unitary_cc.lasuccsd.FCISolver_USCC'> ********
max. cycles = 100
conv_tol = 1e-10
davidson only = False
linear dependence = 1e-14
level shift = 0.001
max iter space = 12
max_memory 4000 MB
nroots = 1
pspace_size = 400
spin = None
LASCI object has 51 degrees of freedom
iteration 0, E = -231.808659, |x| = 1.401241e-01, |g| = 7.402744e-02
iteration 1, E = -231.810417, |x| = 1.150995e-01, |g| = 1.000699e-02
iteration 2, E = -231.810454, |x| = 1.161116e-01, |g| = 5.338672e-03
iteration 3, E = -231.810462, |x| = 1.178336e-01, |g| = 1.419649e-03
iteration 4, E = -231.810463, |x| = 1.180052e-01, |g| = 1.031142e-03
iteration 5, E = -231.810463, |x| = 1.179852e-01, |g| = 8.047586e-04
iteration 6, E = -231.810464, |x| = 1.179529e-01, |g| = 9.359769e-04
iteration 7, E = -231.810471, |x| = 1.191953e-01, |g| = 3.200302e-03
iteration 8, E = -231.810481, |x| = 1.271877e-01, |g| = 5.405378e-03
iteration 9, E = -231.810500, |x| = 1.553758e-01, |g| = 7.521083e-03
iteration 10, E = -231.810531, |x| = 2.289292e-01, |g| = 9.265081e-03
iteration 11, E = -231.810578, |x| = 3.891588e-01, |g| = 9.764572e-03
iteration 12, E = -231.810613, |x| = 5.582769e-01, |g| = 6.468911e-03
iteration 13, E = -231.810625, |x| = 6.262454e-01, |g| = 2.004136e-03
iteration 14, E = -231.810625, |x| = 6.430141e-01, |g| = 1.454323e-03
iteration 15, E = -231.810626, |x| = 6.499161e-01, |g| = 6.302904e-04
iteration 16, E = -231.810626, |x| = 6.418866e-01, |g| = 3.717726e-04
iteration 17, E = -231.810626, |x| = 6.394539e-01, |g| = 2.882117e-04
iteration 18, E = -231.810626, |x| = 6.387058e-01, |g| = 3.379594e-04
iteration 19, E = -231.810626, |x| = 6.380137e-01, |g| = 4.972356e-04
iteration 20, E = -231.810627, |x| = 6.390897e-01, |g| = 6.948578e-04
iteration 21, E = -231.810627, |x| = 6.452077e-01, |g| = 9.333488e-04
iteration 22, E = -231.810629, |x| = 6.635227e-01, |g| = 1.127679e-03
iteration 23, E = -231.810630, |x| = 6.953067e-01, |g| = 9.864416e-04
iteration 24, E = -231.810630, |x| = 7.202210e-01, |g| = 5.972528e-04
iteration 25, E = -231.810630, |x| = 7.446536e-01, |g| = 2.379229e-04
iteration 26, E = -231.810630, |x| = 7.548361e-01, |g| = 1.803335e-04
iteration 27, E = -231.810630, |x| = 7.565143e-01, |g| = 1.402604e-04
iteration 28, E = -231.810630, |x| = 7.558973e-01, |g| = 1.362379e-04
iteration 29, E = -231.810630, |x| = 7.548941e-01, |g| = 1.741311e-04
iteration 30, E = -231.810631, |x| = 7.537508e-01, |g| = 2.533118e-04
iteration 31, E = -231.810631, |x| = 7.523659e-01, |g| = 3.777844e-04
iteration 32, E = -231.810631, |x| = 7.505821e-01, |g| = 5.656877e-04
iteration 33, E = -231.810632, |x| = 7.481430e-01, |g| = 8.518223e-04
iteration 34, E = -231.810633, |x| = 7.449128e-01, |g| = 1.283985e-03
iteration 35, E = -231.810635, |x| = 7.411615e-01, |g| = 1.911414e-03
iteration 36, E = -231.810638, |x| = 7.405056e-01, |g| = 2.732993e-03
iteration 37, E = -231.810643, |x| = 7.633343e-01, |g| = 4.113693e-03
iteration 38, E = -231.810649, |x| = 8.546338e-01, |g| = 4.649936e-03
iteration 39, E = -231.810658, |x| = 9.417774e-01, |g| = 2.988728e-03
iteration 40, E = -231.810663, |x| = 9.689575e-01, |g| = 4.271448e-03
iteration 41, E = -231.810668, |x| = 1.009862e+00, |g| = 1.284050e-03
iteration 42, E = -231.810669, |x| = 1.082026e+00, |g| = 2.430769e-03
iteration 43, E = -231.810670, |x| = 1.095317e+00, |g| = 1.969531e-03
iteration 44, E = -231.810672, |x| = 1.132148e+00, |g| = 1.291142e-03
iteration 45, E = -231.810674, |x| = 1.203144e+00, |g| = 1.786934e-03
iteration 46, E = -231.810675, |x| = 1.216403e+00, |g| = 1.342230e-03
iteration 47, E = -231.810675, |x| = 1.241758e+00, |g| = 9.572372e-04
iteration 48, E = -231.810676, |x| = 1.240867e+00, |g| = 1.050886e-03
iteration 49, E = -231.810677, |x| = 1.211482e+00, |g| = 6.009070e-04
iteration 50, E = -231.810677, |x| = 1.205170e+00, |g| = 4.025392e-04
iteration 51, E = -231.810677, |x| = 1.196131e+00, |g| = 1.779007e-04
iteration 52, E = -231.810677, |x| = 1.200353e+00, |g| = 3.718712e-05
iteration 53, E = -231.810677, |x| = 1.200028e+00, |g| = 9.994374e-06
iteration 54, E = -231.810677, |x| = 1.199649e+00, |g| = 8.032064e-06
iteration 55, E = -231.810677, |x| = 1.199580e+00, |g| = 5.287690e-06
iteration 56, E = -231.810677, |x| = 1.199368e+00, |g| = 1.872175e-06
Fragment 0 local quantum numbers
<N>,<Sz>,<S^2> = 2.000145, 0.000000, 0.006237
Fragment 1 local quantum numbers
<N>,<Sz>,<S^2> = 1.999652, -0.000000, 0.010260
Fragment 2 local quantum numbers
<N>,<Sz>,<S^2> = 2.000203, 0.000000, 0.004625
Whole system quantum numbers
<N>,<Sz>,<S^2> = 6.000000, -0.000000, 0.001394
Density matrix diagonal elements [1.90555166 0.09459359 1.91745795 0.08219388 1.91152215 0.08868077]
CASCI converged
CASCI E = -231.810676835873  E(CI) = -5.83992845072856  S^2 = 0.0013942

******** CASCI flags ********
CAS (3e+3e, 6o), ncore = 19, nvir = 45
natorb = False
canonicalization = True
sorting_mo_energy = False
max_memory 4000 (MB)
******** <class 'mrh.exploratory.unitary_cc.lasuccsd.FCISolver_USCC'> ********
max. cycles = 100
conv_tol = 1e-10
davidson only = False
linear dependence = 1e-14
level shift = 0.001
max iter space = 12
max_memory 4000 MB
nroots = 1
pspace_size = 400
spin = None
LASCI object has 63 degrees of freedom
iteration 0, E = -231.808373, |x| = 1.418890e-01, |g| = 8.137908e-02
iteration 1, E = -231.810409, |x| = 1.143008e-01, |g| = 1.122586e-02
iteration 2, E = -231.810448, |x| = 1.148493e-01, |g| = 7.013571e-03
iteration 3, E = -231.810462, |x| = 1.167691e-01, |g| = 2.297301e-03
iteration 4, E = -231.810463, |x| = 1.172000e-01, |g| = 2.042256e-03
iteration 5, E = -231.810465, |x| = 1.171996e-01, |g| = 1.213496e-03
iteration 6, E = -231.810468, |x| = 1.172795e-01, |g| = 1.531069e-03
iteration 7, E = -231.810473, |x| = 1.178958e-01, |g| = 2.722062e-03
iteration 8, E = -231.810483, |x| = 1.203474e-01, |g| = 4.269448e-03
iteration 9, E = -231.810501, |x| = 1.290724e-01, |g| = 6.344963e-03
iteration 10, E = -231.810531, |x| = 1.578305e-01, |g| = 9.094266e-03
iteration 11, E = -231.810564, |x| = 2.365366e-01, |g| = 1.254134e-02
iteration 12, E = -231.810586, |x| = 2.530660e-01, |g| = 8.904531e-03
iteration 13, E = -231.810610, |x| = 2.876595e-01, |g| = 1.598877e-03
iteration 14, E = -231.810611, |x| = 2.939708e-01, |g| = 1.536216e-03
iteration 15, E = -231.810613, |x| = 2.972669e-01, |g| = 1.600413e-03
iteration 16, E = -231.810615, |x| = 3.015087e-01, |g| = 1.959961e-03
iteration 17, E = -231.810619, |x| = 3.084134e-01, |g| = 2.614264e-03
iteration 18, E = -231.810649, |x| = 3.716388e-01, |g| = 7.606041e-03
iteration 19, E = -231.810678, |x| = 4.628877e-01, |g| = 1.167134e-02
iteration 20, E = -231.810705, |x| = 5.364990e-01, |g| = 1.132200e-02
iteration 21, E = -231.810738, |x| = 5.874044e-01, |g| = 4.825510e-03
iteration 22, E = -231.810745, |x| = 5.959443e-01, |g| = 1.047045e-03
iteration 23, E = -231.810746, |x| = 5.968034e-01, |g| = 8.293754e-04
iteration 24, E = -231.810747, |x| = 6.053693e-01, |g| = 1.191546e-03
iteration 25, E = -231.810749, |x| = 6.188739e-01, |g| = 1.749952e-03
iteration 26, E = -231.810753, |x| = 6.416857e-01, |g| = 2.355894e-03
iteration 27, E = -231.810760, |x| = 6.820679e-01, |g| = 2.880127e-03
iteration 28, E = -231.810770, |x| = 7.557362e-01, |g| = 2.952309e-03
iteration 29, E = -231.810776, |x| = 8.161407e-01, |g| = 1.931529e-03
iteration 30, E = -231.810778, |x| = 8.274035e-01, |g| = 9.442212e-04
iteration 31, E = -231.810778, |x| = 8.186009e-01, |g| = 3.663165e-04
iteration 32, E = -231.810778, |x| = 8.070627e-01, |g| = 2.886485e-04
iteration 33, E = -231.810779, |x| = 8.014217e-01, |g| = 2.758699e-04
iteration 34, E = -231.810779, |x| = 7.962237e-01, |g| = 2.865870e-04
iteration 35, E = -231.810779, |x| = 7.915715e-01, |g| = 3.360043e-04
iteration 36, E = -231.810779, |x| = 7.866771e-01, |g| = 4.191711e-04
iteration 37, E = -231.810780, |x| = 7.813662e-01, |g| = 5.625311e-04
iteration 38, E = -231.810782, |x| = 7.755177e-01, |g| = 7.916023e-04
iteration 39, E = -231.810785, |x| = 7.698959e-01, |g| = 1.168711e-03
iteration 40, E = -231.810791, |x| = 7.677917e-01, |g| = 1.795023e-03
iteration 41, E = -231.810799, |x| = 7.820692e-01, |g| = 2.861131e-03
iteration 42, E = -231.810807, |x| = 8.231725e-01, |g| = 3.389182e-03
iteration 43, E = -231.810820, |x| = 8.947902e-01, |g| = 3.040674e-03
iteration 44, E = -231.810837, |x| = 1.023789e+00, |g| = 1.560947e-03
iteration 45, E = -231.810842, |x| = 1.114119e+00, |g| = 1.002908e-03
iteration 46, E = -231.810844, |x| = 1.181903e+00, |g| = 6.802310e-04
iteration 47, E = -231.810844, |x| = 1.205884e+00, |g| = 2.562304e-04
iteration 48, E = -231.810844, |x| = 1.206998e+00, |g| = 1.382531e-04
iteration 49, E = -231.810844, |x| = 1.206927e+00, |g| = 1.305770e-04
iteration 50, E = -231.810844, |x| = 1.208438e+00, |g| = 1.446039e-04
iteration 51, E = -231.810844, |x| = 1.210550e+00, |g| = 1.587045e-04
iteration 52, E = -231.810844, |x| = 1.214417e+00, |g| = 1.833215e-04
iteration 53, E = -231.810844, |x| = 1.220592e+00, |g| = 2.270069e-04
iteration 54, E = -231.810845, |x| = 1.231373e+00, |g| = 3.006980e-04
iteration 55, E = -231.810845, |x| = 1.249701e+00, |g| = 4.111651e-04
iteration 56, E = -231.810846, |x| = 1.281597e+00, |g| = 5.500376e-04
iteration 57, E = -231.810847, |x| = 1.299987e+00, |g| = 5.332122e-04
iteration 58, E = -231.810847, |x| = 1.305215e+00, |g| = 3.664372e-04
iteration 59, E = -231.810848, |x| = 1.290753e+00, |g| = 2.259804e-04
iteration 60, E = -231.810848, |x| = 1.280270e+00, |g| = 2.062838e-04
iteration 61, E = -231.810848, |x| = 1.271563e+00, |g| = 1.885577e-04
iteration 62, E = -231.810848, |x| = 1.264143e+00, |g| = 2.143027e-04
iteration 63, E = -231.810848, |x| = 1.256940e+00, |g| = 2.609363e-04
iteration 64, E = -231.810848, |x| = 1.248730e+00, |g| = 3.376032e-04
iteration 65, E = -231.810849, |x| = 1.239237e+00, |g| = 4.511546e-04
iteration 66, E = -231.810850, |x| = 1.229037e+00, |g| = 6.178118e-04
iteration 67, E = -231.810851, |x| = 1.222756e+00, |g| = 8.306776e-04
iteration 68, E = -231.810853, |x| = 1.238674e+00, |g| = 9.824226e-04
iteration 69, E = -231.810854, |x| = 1.271427e+00, |g| = 6.827877e-04
iteration 70, E = -231.810855, |x| = 1.330765e+00, |g| = 2.797533e-04
iteration 71, E = -231.810855, |x| = 1.357954e+00, |g| = 2.900504e-04
iteration 72, E = -231.810855, |x| = 1.364128e+00, |g| = 1.285344e-04
iteration 73, E = -231.810855, |x| = 1.366402e+00, |g| = 1.321501e-04
iteration 74, E = -231.810855, |x| = 1.367770e+00, |g| = 1.657753e-04
iteration 75, E = -231.810855, |x| = 1.370146e+00, |g| = 2.322539e-04
iteration 76, E = -231.810855, |x| = 1.372345e+00, |g| = 3.375285e-04
iteration 77, E = -231.810855, |x| = 1.375454e+00, |g| = 4.795745e-04
iteration 78, E = -231.810856, |x| = 1.377837e+00, |g| = 6.722953e-04
iteration 79, E = -231.810857, |x| = 1.379480e+00, |g| = 9.279013e-04
iteration 80, E = -231.810858, |x| = 1.375991e+00, |g| = 1.322139e-03
iteration 81, E = -231.810860, |x| = 1.362049e+00, |g| = 2.060808e-03
iteration 82, E = -231.810862, |x| = 1.335026e+00, |g| = 2.295715e-03
iteration 83, E = -231.810865, |x| = 1.308824e+00, |g| = 1.619337e-03
iteration 84, E = -231.810868, |x| = 1.313688e+00, |g| = 1.952704e-03
iteration 85, E = -231.810868, |x| = 1.327256e+00, |g| = 2.980630e-03
iteration 86, E = -231.810869, |x| = 1.333250e+00, |g| = 2.330606e-03
iteration 87, E = -231.810870, |x| = 1.351301e+00, |g| = 8.370148e-04
iteration 88, E = -231.810871, |x| = 1.380084e+00, |g| = 8.324985e-04
iteration 89, E = -231.810871, |x| = 1.374217e+00, |g| = 2.383303e-04
iteration 90, E = -231.810871, |x| = 1.375018e+00, |g| = 1.716050e-04
iteration 91, E = -231.810871, |x| = 1.376357e+00, |g| = 2.361289e-04
iteration 92, E = -231.810871, |x| = 1.380812e+00, |g| = 3.231711e-04
iteration 93, E = -231.810871, |x| = 1.384901e+00, |g| = 3.831433e-04
iteration 94, E = -231.810871, |x| = 1.395091e+00, |g| = 4.142561e-04
iteration 95, E = -231.810872, |x| = 1.403357e+00, |g| = 3.572014e-04
iteration 96, E = -231.810872, |x| = 1.423134e+00, |g| = 4.219551e-04
iteration 97, E = -231.810872, |x| = 1.415875e+00, |g| = 5.318740e-04
iteration 98, E = -231.810872, |x| = 1.417035e+00, |g| = 5.300232e-04
iteration 99, E = -231.810872, |x| = 1.412352e+00, |g| = 4.747780e-04
iteration 100, E = -231.810873, |x| = 1.400119e+00, |g| = 2.782835e-04
iteration 101, E = -231.810873, |x| = 1.396081e+00, |g| = 2.027258e-04
iteration 102, E = -231.810873, |x| = 1.392400e+00, |g| = 7.077423e-05
iteration 103, E = -231.810873, |x| = 1.393085e+00, |g| = 6.859012e-05
iteration 104, E = -231.810873, |x| = 1.393325e+00, |g| = 8.282897e-05
iteration 105, E = -231.810873, |x| = 1.393511e+00, |g| = 1.015632e-04
iteration 106, E = -231.810873, |x| = 1.393715e+00, |g| = 1.299030e-04
iteration 107, E = -231.810873, |x| = 1.394005e+00, |g| = 1.750137e-04
iteration 108, E = -231.810873, |x| = 1.394511e+00, |g| = 2.470267e-04
iteration 109, E = -231.810873, |x| = 1.395383e+00, |g| = 3.639791e-04
iteration 110, E = -231.810873, |x| = 1.396946e+00, |g| = 5.519749e-04
iteration 111, E = -231.810873, |x| = 1.399506e+00, |g| = 8.287441e-04
iteration 112, E = -231.810874, |x| = 1.401490e+00, |g| = 9.126851e-04
iteration 113, E = -231.810874, |x| = 1.405359e+00, |g| = 7.471823e-04
iteration 114, E = -231.810874, |x| = 1.411117e+00, |g| = 2.491424e-04
iteration 115, E = -231.810874, |x| = 1.413699e+00, |g| = 6.838424e-05
iteration 116, E = -231.810874, |x| = 1.414469e+00, |g| = 7.023388e-05
iteration 117, E = -231.810874, |x| = 1.414570e+00, |g| = 6.977655e-05
iteration 118, E = -231.810874, |x| = 1.414516e+00, |g| = 7.153788e-05
iteration 119, E = -231.810874, |x| = 1.414437e+00, |g| = 8.063251e-05
iteration 120, E = -231.810875, |x| = 1.414462e+00, |g| = 9.989373e-05
iteration 121, E = -231.810875, |x| = 1.414804e+00, |g| = 1.339854e-04
iteration 122, E = -231.810875, |x| = 1.415775e+00, |g| = 1.898166e-04
iteration 123, E = -231.810875, |x| = 1.418153e+00, |g| = 2.795089e-04
iteration 124, E = -231.810876, |x| = 1.423270e+00, |g| = 4.261189e-04
iteration 125, E = -231.810876, |x| = 1.433867e+00, |g| = 6.769361e-04
iteration 126, E = -231.810878, |x| = 1.454634e+00, |g| = 1.147792e-03
iteration 127, E = -231.810881, |x| = 1.494187e+00, |g| = 2.155235e-03
iteration 128, E = -231.810883, |x| = 1.516350e+00, |g| = 2.798941e-03
iteration 129, E = -231.810886, |x| = 1.536903e+00, |g| = 3.306619e-03
iteration 130, E = -231.810892, |x| = 1.553474e+00, |g| = 3.528816e-03
iteration 131, E = -231.810900, |x| = 1.563840e+00, |g| = 3.438272e-03
iteration 132, E = -231.810914, |x| = 1.571634e+00, |g| = 2.991460e-03
iteration 133, E = -231.810929, |x| = 1.562416e+00, |g| = 1.998551e-03
iteration 134, E = -231.810940, |x| = 1.500534e+00, |g| = 2.369286e-03
iteration 135, E = -231.810943, |x| = 1.500698e+00, |g| = 3.096785e-03
iteration 136, E = -231.810946, |x| = 1.420844e+00, |g| = 3.365306e-03
iteration 137, E = -231.810949, |x| = 1.393689e+00, |g| = 1.939229e-03
iteration 138, E = -231.810950, |x| = 1.377512e+00, |g| = 1.140359e-03
iteration 139, E = -231.810951, |x| = 1.374675e+00, |g| = 1.347249e-03
iteration 140, E = -231.810953, |x| = 1.361685e+00, |g| = 1.187043e-03
iteration 141, E = -231.810955, |x| = 1.347147e+00, |g| = 9.183810e-04
iteration 142, E = -231.810958, |x| = 1.317813e+00, |g| = 1.308337e-03
iteration 143, E = -231.810960, |x| = 1.308907e+00, |g| = 1.189649e-03
iteration 144, E = -231.810960, |x| = 1.320931e+00, |g| = 4.864647e-04
iteration 145, E = -231.810960, |x| = 1.336480e+00, |g| = 7.224790e-04
iteration 146, E = -231.810961, |x| = 1.338654e+00, |g| = 4.139349e-04
iteration 147, E = -231.810961, |x| = 1.337762e+00, |g| = 2.990451e-04
iteration 148, E = -231.810961, |x| = 1.342236e+00, |g| = 2.856739e-04
iteration 149, E = -231.810961, |x| = 1.345268e+00, |g| = 3.378371e-04
iteration 150, E = -231.810961, |x| = 1.348645e+00, |g| = 3.655644e-04
iteration 151, E = -231.810962, |x| = 1.353037e+00, |g| = 5.213600e-04
iteration 152, E = -231.810962, |x| = 1.357760e+00, |g| = 7.074000e-04
iteration 153, E = -231.810963, |x| = 1.370625e+00, |g| = 1.036294e-03
iteration 154, E = -231.810964, |x| = 1.389233e+00, |g| = 1.057524e-03
iteration 155, E = -231.810966, |x| = 1.435668e+00, |g| = 1.164353e-03
iteration 156, E = -231.810968, |x| = 1.486514e+00, |g| = 1.243997e-03
iteration 157, E = -231.810968, |x| = 1.509673e+00, |g| = 6.254464e-04
iteration 158, E = -231.810969, |x| = 1.517878e+00, |g| = 1.307615e-03
iteration 159, E = -231.810969, |x| = 1.525565e+00, |g| = 7.141613e-04
iteration 160, E = -231.810969, |x| = 1.526236e+00, |g| = 2.733640e-04
iteration 161, E = -231.810969, |x| = 1.520307e+00, |g| = 2.154121e-04
iteration 162, E = -231.810969, |x| = 1.519458e+00, |g| = 1.259239e-04
iteration 163, E = -231.810969, |x| = 1.518809e+00, |g| = 7.598873e-05
iteration 164, E = -231.810969, |x| = 1.520353e+00, |g| = 6.794824e-05
iteration 165, E = -231.810969, |x| = 1.523020e+00, |g| = 7.160542e-05
iteration 166, E = -231.810969, |x| = 1.527290e+00, |g| = 9.264101e-05
iteration 167, E = -231.810969, |x| = 1.533404e+00, |g| = 1.294031e-04
iteration 168, E = -231.810969, |x| = 1.542440e+00, |g| = 1.823615e-04
iteration 169, E = -231.810969, |x| = 1.556063e+00, |g| = 2.515145e-04
iteration 170, E = -231.810970, |x| = 1.577117e+00, |g| = 3.398103e-04
iteration 171, E = -231.810970, |x| = 1.607541e+00, |g| = 4.312362e-04
iteration 172, E = -231.810970, |x| = 1.635424e+00, |g| = 3.746751e-04
iteration 173, E = -231.810970, |x| = 1.656283e+00, |g| = 2.555916e-04
iteration 174, E = -231.810970, |x| = 1.669043e+00, |g| = 2.293045e-04
iteration 175, E = -231.810971, |x| = 1.670655e+00, |g| = 6.009921e-04
iteration 176, E = -231.810971, |x| = 1.682698e+00, |g| = 3.539805e-04
iteration 177, E = -231.810971, |x| = 1.689949e+00, |g| = 3.384394e-04
iteration 178, E = -231.810971, |x| = 1.700855e+00, |g| = 4.149819e-04
iteration 179, E = -231.810971, |x| = 1.721983e+00, |g| = 5.026979e-04
iteration 180, E = -231.810971, |x| = 1.755079e+00, |g| = 6.234282e-04
iteration 181, E = -231.810972, |x| = 1.797630e+00, |g| = 1.127143e-03
iteration 182, E = -231.810972, |x| = 1.826803e+00, |g| = 6.500232e-04
iteration 183, E = -231.810972, |x| = 1.833252e+00, |g| = 8.986386e-04
iteration 184, E = -231.810973, |x| = 1.853207e+00, |g| = 9.853441e-04
iteration 185, E = -231.810974, |x| = 1.861583e+00, |g| = 1.229274e-03
iteration 186, E = -231.810974, |x| = 1.868359e+00, |g| = 1.219060e-03
iteration 187, E = -231.810975, |x| = 1.837899e+00, |g| = 1.211031e-03
iteration 188, E = -231.810977, |x| = 1.793015e+00, |g| = 9.580238e-04
iteration 189, E = -231.810978, |x| = 1.760500e+00, |g| = 1.178494e-03
iteration 190, E = -231.810979, |x| = 1.741176e+00, |g| = 9.086413e-04
iteration 191, E = -231.810979, |x| = 1.744489e+00, |g| = 4.112310e-04
iteration 192, E = -231.810980, |x| = 1.714809e+00, |g| = 5.248725e-04
iteration 193, E = -231.810980, |x| = 1.691003e+00, |g| = 5.157233e-04
iteration 194, E = -231.810980, |x| = 1.669802e+00, |g| = 4.015475e-04
iteration 195, E = -231.810980, |x| = 1.642340e+00, |g| = 4.801267e-04
iteration 196, E = -231.810980, |x| = 1.623519e+00, |g| = 3.495812e-04
iteration 197, E = -231.810980, |x| = 1.616044e+00, |g| = 1.868308e-04
iteration 198, E = -231.810980, |x| = 1.616277e+00, |g| = 2.474424e-04
iteration 199, E = -231.810980, |x| = 1.608260e+00, |g| = 1.949620e-04
iteration 200, E = -231.810980, |x| = 1.604769e+00, |g| = 1.569919e-04
iteration 201, E = -231.810980, |x| = 1.597741e+00, |g| = 2.358330e-04
iteration 202, E = -231.810980, |x| = 1.587941e+00, |g| = 3.157286e-04
iteration 203, E = -231.810981, |x| = 1.572533e+00, |g| = 4.121468e-04
iteration 204, E = -231.810981, |x| = 1.547843e+00, |g| = 4.302206e-04
iteration 205, E = -231.810981, |x| = 1.524838e+00, |g| = 9.518928e-04
iteration 206, E = -231.810981, |x| = 1.497240e+00, |g| = 5.811079e-04
iteration 207, E = -231.810982, |x| = 1.470992e+00, |g| = 4.910461e-04
iteration 208, E = -231.810983, |x| = 1.444632e+00, |g| = 5.984996e-04
iteration 209, E = -231.810984, |x| = 1.416536e+00, |g| = 7.765691e-04
iteration 210, E = -231.810984, |x| = 1.387609e+00, |g| = 4.897453e-04
iteration 211, E = -231.810985, |x| = 1.387944e+00, |g| = 1.183166e-03
iteration 212, E = -231.810985, |x| = 1.388371e+00, |g| = 6.602104e-04
iteration 213, E = -231.810986, |x| = 1.398823e+00, |g| = 6.780332e-04
iteration 214, E = -231.810986, |x| = 1.427570e+00, |g| = 6.316338e-04
iteration 215, E = -231.810987, |x| = 1.523577e+00, |g| = 5.947444e-04
iteration 216, E = -231.810987, |x| = 1.520047e+00, |g| = 7.861772e-04
iteration 217, E = -231.810988, |x| = 1.530349e+00, |g| = 7.514568e-04
iteration 218, E = -231.810989, |x| = 1.598025e+00, |g| = 1.282782e-03
iteration 219, E = -231.810989, |x| = 1.594822e+00, |g| = 4.332043e-04
iteration 220, E = -231.810989, |x| = 1.604001e+00, |g| = 3.048496e-04
iteration 221, E = -231.810989, |x| = 1.610323e+00, |g| = 3.662961e-04
iteration 222, E = -231.810990, |x| = 1.613716e+00, |g| = 2.988859e-04
iteration 223, E = -231.810990, |x| = 1.621965e+00, |g| = 2.803728e-04
iteration 224, E = -231.810990, |x| = 1.627955e+00, |g| = 1.198873e-04
iteration 225, E = -231.810990, |x| = 1.641813e+00, |g| = 1.423913e-04
iteration 226, E = -231.810990, |x| = 1.645919e+00, |g| = 1.032098e-04
iteration 227, E = -231.810990, |x| = 1.651563e+00, |g| = 8.164571e-05
iteration 228, E = -231.810990, |x| = 1.654316e+00, |g| = 8.151005e-05
iteration 229, E = -231.810990, |x| = 1.655805e+00, |g| = 1.150088e-04
iteration 230, E = -231.810990, |x| = 1.655469e+00, |g| = 1.613832e-04
iteration 231, E = -231.810990, |x| = 1.652931e+00, |g| = 2.047490e-04
iteration 232, E = -231.810990, |x| = 1.648879e+00, |g| = 2.327917e-04
iteration 233, E = -231.810990, |x| = 1.643945e+00, |g| = 2.422682e-04
iteration 234, E = -231.810990, |x| = 1.638833e+00, |g| = 2.444497e-04
iteration 235, E = -231.810990, |x| = 1.633361e+00, |g| = 2.565056e-04
iteration 236, E = -231.810990, |x| = 1.627477e+00, |g| = 3.031608e-04
iteration 237, E = -231.810991, |x| = 1.620927e+00, |g| = 4.093481e-04
iteration 238, E = -231.810992, |x| = 1.613749e+00, |g| = 5.774836e-04
iteration 239, E = -231.810992, |x| = 1.602831e+00, |g| = 5.353231e-04
iteration 240, E = -231.810992, |x| = 1.575369e+00, |g| = 3.471614e-04
iteration 241, E = -231.810992, |x| = 1.587209e+00, |g| = 2.919522e-04
iteration 242, E = -231.810992, |x| = 1.585118e+00, |g| = 2.368664e-04
iteration 243, E = -231.810992, |x| = 1.578967e+00, |g| = 1.283223e-04
iteration 244, E = -231.810992, |x| = 1.572674e+00, |g| = 1.262313e-04
iteration 245, E = -231.810992, |x| = 1.571411e+00, |g| = 1.001908e-04
iteration 246, E = -231.810992, |x| = 1.571571e+00, |g| = 1.175252e-04
iteration 247, E = -231.810992, |x| = 1.571887e+00, |g| = 1.519910e-04
iteration 248, E = -231.810992, |x| = 1.572439e+00, |g| = 2.099910e-04
iteration 249, E = -231.810993, |x| = 1.573168e+00, |g| = 3.100373e-04
iteration 250, E = -231.810993, |x| = 1.574128e+00, |g| = 4.686833e-04
iteration 251, E = -231.810993, |x| = 1.574665e+00, |g| = 7.040994e-04
iteration 252, E = -231.810993, |x| = 1.575607e+00, |g| = 9.878069e-04
iteration 253, E = -231.810994, |x| = 1.579143e+00, |g| = 1.252618e-03
iteration 254, E = -231.810995, |x| = 1.602762e+00, |g| = 1.591603e-03
iteration 255, E = -231.810995, |x| = 1.601010e+00, |g| = 1.479533e-03
iteration 256, E = -231.810996, |x| = 1.608181e+00, |g| = 1.523915e-03
iteration 257, E = -231.810998, |x| = 1.626498e+00, |g| = 1.315167e-03
iteration 258, E = -231.811000, |x| = 1.659310e+00, |g| = 9.919450e-04
iteration 259, E = -231.811001, |x| = 1.697387e+00, |g| = 6.851139e-04
iteration 260, E = -231.811001, |x| = 1.718257e+00, |g| = 5.738290e-04
iteration 261, E = -231.811001, |x| = 1.735007e+00, |g| = 7.288687e-04
iteration 262, E = -231.811001, |x| = 1.741518e+00, |g| = 3.334138e-04
iteration 263, E = -231.811001, |x| = 1.746927e+00, |g| = 2.678391e-04
iteration 264, E = -231.811002, |x| = 1.745435e+00, |g| = 2.717796e-04
iteration 265, E = -231.811002, |x| = 1.756328e+00, |g| = 3.086145e-04
iteration 266, E = -231.811002, |x| = 1.751188e+00, |g| = 3.155452e-04
iteration 267, E = -231.811002, |x| = 1.743192e+00, |g| = 3.491724e-04
iteration 268, E = -231.811002, |x| = 1.736768e+00, |g| = 4.051425e-04
iteration 269, E = -231.811002, |x| = 1.734802e+00, |g| = 4.190579e-04
iteration 270, E = -231.811002, |x| = 1.739480e+00, |g| = 3.129038e-04
iteration 271, E = -231.811002, |x| = 1.745135e+00, |g| = 2.939652e-04
iteration 272, E = -231.811002, |x| = 1.750176e+00, |g| = 2.163381e-04
iteration 273, E = -231.811002, |x| = 1.751719e+00, |g| = 3.541665e-04
iteration 274, E = -231.811002, |x| = 1.744295e+00, |g| = 2.933265e-04
iteration 275, E = -231.811002, |x| = 1.742205e+00, |g| = 2.316954e-04
iteration 276, E = -231.811002, |x| = 1.734515e+00, |g| = 1.732931e-04
iteration 277, E = -231.811002, |x| = 1.712320e+00, |g| = 2.413307e-04
iteration 278, E = -231.811002, |x| = 1.704048e+00, |g| = 1.806161e-04
iteration 279, E = -231.811002, |x| = 1.690563e+00, |g| = 7.117745e-05
iteration 280, E = -231.811003, |x| = 1.685946e+00, |g| = 4.039331e-05
iteration 281, E = -231.811003, |x| = 1.683871e+00, |g| = 3.806501e-05
iteration 282, E = -231.811003, |x| = 1.683945e+00, |g| = 3.670337e-05
iteration 283, E = -231.811003, |x| = 1.683087e+00, |g| = 4.097918e-05
iteration 284, E = -231.811003, |x| = 1.675008e+00, |g| = 1.025366e-04
iteration 285, E = -231.811003, |x| = 1.670978e+00, |g| = 1.335814e-04
iteration 286, E = -231.811003, |x| = 1.667749e+00, |g| = 1.725943e-04
iteration 287, E = -231.811003, |x| = 1.658528e+00, |g| = 2.195329e-04
iteration 288, E = -231.811003, |x| = 1.649905e+00, |g| = 3.555671e-04
iteration 289, E = -231.811003, |x| = 1.630085e+00, |g| = 4.177304e-04
iteration 290, E = -231.811003, |x| = 1.612524e+00, |g| = 5.564593e-04
iteration 291, E = -231.811003, |x| = 1.591190e+00, |g| = 5.545157e-04
iteration 292, E = -231.811004, |x| = 1.572748e+00, |g| = 4.010262e-04
iteration 293, E = -231.811004, |x| = 1.540944e+00, |g| = 2.533059e-04
iteration 294, E = -231.811004, |x| = 1.511384e+00, |g| = 3.414040e-04
iteration 295, E = -231.811004, |x| = 1.478106e+00, |g| = 4.242795e-04
iteration 296, E = -231.811005, |x| = 1.430747e+00, |g| = 4.779790e-04
iteration 297, E = -231.811005, |x| = 1.398907e+00, |g| = 2.873866e-04
iteration 298, E = -231.811005, |x| = 1.322014e+00, |g| = 8.051494e-04
iteration 299, E = -231.811005, |x| = 1.307764e+00, |g| = 8.643725e-04
iteration 300, E = -231.811006, |x| = 1.257988e+00, |g| = 8.217451e-04
iteration 301, E = -231.811006, |x| = 1.212879e+00, |g| = 9.679640e-04
iteration 302, E = -231.811006, |x| = 1.209152e+00, |g| = 5.790644e-04
iteration 303, E = -231.811007, |x| = 1.184309e+00, |g| = 3.544498e-04
iteration 304, E = -231.811007, |x| = 1.187408e+00, |g| = 2.679367e-04
iteration 305, E = -231.811007, |x| = 1.178434e+00, |g| = 2.455342e-04
iteration 306, E = -231.811007, |x| = 1.172104e+00, |g| = 2.174581e-04
iteration 307, E = -231.811007, |x| = 1.167951e+00, |g| = 1.609718e-04
iteration 308, E = -231.811007, |x| = 1.167729e+00, |g| = 7.604080e-05
iteration 309, E = -231.811007, |x| = 1.166820e+00, |g| = 9.366458e-05
iteration 310, E = -231.811007, |x| = 1.167839e+00, |g| = 8.873708e-05
iteration 311, E = -231.811007, |x| = 1.169214e+00, |g| = 9.776294e-05
iteration 312, E = -231.811007, |x| = 1.171959e+00, |g| = 9.910948e-05
iteration 313, E = -231.811007, |x| = 1.176730e+00, |g| = 9.554825e-05
iteration 314, E = -231.811007, |x| = 1.179581e+00, |g| = 8.896904e-05
iteration 315, E = -231.811007, |x| = 1.180185e+00, |g| = 8.607271e-05
iteration 316, E = -231.811007, |x| = 1.179340e+00, |g| = 9.310667e-05
iteration 317, E = -231.811007, |x| = 1.177598e+00, |g| = 1.045506e-04
iteration 318, E = -231.811007, |x| = 1.174764e+00, |g| = 1.311541e-04
iteration 319, E = -231.811007, |x| = 1.170993e+00, |g| = 1.653159e-04
iteration 320, E = -231.811008, |x| = 1.165411e+00, |g| = 2.177990e-04
iteration 321, E = -231.811008, |x| = 1.157793e+00, |g| = 2.893781e-04
iteration 322, E = -231.811008, |x| = 1.147413e+00, |g| = 3.908406e-04
iteration 323, E = -231.811008, |x| = 1.137126e+00, |g| = 5.022912e-04
iteration 324, E = -231.811008, |x| = 1.135428e+00, |g| = 5.157132e-04
iteration 325, E = -231.811009, |x| = 1.144253e+00, |g| = 4.052598e-04
iteration 326, E = -231.811009, |x| = 1.179897e+00, |g| = 2.552747e-04
iteration 327, E = -231.811009, |x| = 1.185843e+00, |g| = 3.118931e-04
iteration 328, E = -231.811009, |x| = 1.179265e+00, |g| = 1.231400e-04
iteration 329, E = -231.811009, |x| = 1.181215e+00, |g| = 6.159212e-05
iteration 330, E = -231.811009, |x| = 1.183532e+00, |g| = 2.726328e-05
iteration 331, E = -231.811009, |x| = 1.183499e+00, |g| = 2.128501e-05
iteration 332, E = -231.811009, |x| = 1.183016e+00, |g| = 1.151539e-05
iteration 333, E = -231.811009, |x| = 1.182595e+00, |g| = 5.330183e-06
iteration 334, E = -231.811009, |x| = 1.182284e+00, |g| = 2.527519e-06
iteration 335, E = -231.811009, |x| = 1.182254e+00, |g| = 1.754843e-06
Fragment 0 local quantum numbers
<N>,<Sz>,<S^2> = 2.000120, 0.000008, 0.006816
Fragment 1 local quantum numbers
<N>,<Sz>,<S^2> = 1.999542, -0.000008, 0.012489
Fragment 2 local quantum numbers
<N>,<Sz>,<S^2> = 2.000339, -0.000000, 0.006724
Whole system quantum numbers
<N>,<Sz>,<S^2> = 6.000000, -0.000000, 0.000472
Density matrix diagonal elements [1.90492541 0.09519433 1.91046729 0.08907437 1.9059727  0.0943659 ]
CASCI converged
CASCI E = -231.811009348982  E(CI) = -5.84026096383704  S^2 = 0.0004716

******** CASCI flags ********
CAS (3e+3e, 6o), ncore = 19, nvir = 45
natorb = False
canonicalization = True
sorting_mo_energy = False
max_memory 4000 (MB)
******** <class 'mrh.exploratory.unitary_cc.lasuccsd.FCISolver_USCC'> ********
max. cycles = 100
conv_tol = 1e-10
davidson only = False
linear dependence = 1e-14
level shift = 0.001
max iter space = 12
max_memory 4000 MB
nroots = 1
pspace_size = 400
spin = None
LASCI object has 63 degrees of freedom
iteration 0, E = -231.808373, |x| = 1.418890e-01, |g| = 8.137908e-02
iteration 1, E = -231.810409, |x| = 1.143008e-01, |g| = 1.122586e-02
iteration 2, E = -231.810448, |x| = 1.148493e-01, |g| = 7.013571e-03
iteration 3, E = -231.810462, |x| = 1.167691e-01, |g| = 2.297301e-03
iteration 4, E = -231.810463, |x| = 1.172000e-01, |g| = 2.042256e-03
iteration 5, E = -231.810465, |x| = 1.171996e-01, |g| = 1.213496e-03
iteration 6, E = -231.810468, |x| = 1.172795e-01, |g| = 1.531069e-03
iteration 7, E = -231.810473, |x| = 1.178958e-01, |g| = 2.722062e-03
iteration 8, E = -231.810483, |x| = 1.203474e-01, |g| = 4.269448e-03
iteration 9, E = -231.810501, |x| = 1.290724e-01, |g| = 6.344964e-03
iteration 10, E = -231.810531, |x| = 1.578305e-01, |g| = 9.094266e-03
iteration 11, E = -231.810564, |x| = 2.365366e-01, |g| = 1.254134e-02
iteration 12, E = -231.810586, |x| = 2.530660e-01, |g| = 8.904531e-03
iteration 13, E = -231.810610, |x| = 2.876595e-01, |g| = 1.598877e-03
iteration 14, E = -231.810611, |x| = 2.939708e-01, |g| = 1.536216e-03
iteration 15, E = -231.810613, |x| = 2.972669e-01, |g| = 1.600413e-03
iteration 16, E = -231.810615, |x| = 3.015087e-01, |g| = 1.959961e-03
iteration 17, E = -231.810619, |x| = 3.084134e-01, |g| = 2.614264e-03
iteration 18, E = -231.810649, |x| = 3.716388e-01, |g| = 7.606041e-03
iteration 19, E = -231.810678, |x| = 4.628877e-01, |g| = 1.167134e-02
iteration 20, E = -231.810705, |x| = 5.364990e-01, |g| = 1.132200e-02
iteration 21, E = -231.810738, |x| = 5.874044e-01, |g| = 4.825510e-03
iteration 22, E = -231.810745, |x| = 5.959443e-01, |g| = 1.047045e-03
iteration 23, E = -231.810746, |x| = 5.968034e-01, |g| = 8.293754e-04
iteration 24, E = -231.810747, |x| = 6.053693e-01, |g| = 1.191546e-03
iteration 25, E = -231.810749, |x| = 6.188739e-01, |g| = 1.749952e-03
iteration 26, E = -231.810753, |x| = 6.416857e-01, |g| = 2.355894e-03
iteration 27, E = -231.810760, |x| = 6.820679e-01, |g| = 2.880127e-03
iteration 28, E = -231.810770, |x| = 7.557362e-01, |g| = 2.952309e-03
iteration 29, E = -231.810776, |x| = 8.161407e-01, |g| = 1.931529e-03
iteration 30, E = -231.810778, |x| = 8.274035e-01, |g| = 9.442211e-04
iteration 31, E = -231.810778, |x| = 8.186009e-01, |g| = 3.663165e-04
iteration 32, E = -231.810778, |x| = 8.070627e-01, |g| = 2.886485e-04
iteration 33, E = -231.810779, |x| = 8.014217e-01, |g| = 2.758699e-04
iteration 34, E = -231.810779, |x| = 7.962237e-01, |g| = 2.865869e-04
iteration 35, E = -231.810779, |x| = 7.915715e-01, |g| = 3.360042e-04
iteration 36, E = -231.810779, |x| = 7.866771e-01, |g| = 4.191710e-04
iteration 37, E = -231.810780, |x| = 7.813662e-01, |g| = 5.625309e-04
iteration 38, E = -231.810782, |x| = 7.755177e-01, |g| = 7.916020e-04
iteration 39, E = -231.810785, |x| = 7.698959e-01, |g| = 1.168711e-03
iteration 40, E = -231.810791, |x| = 7.677917e-01, |g| = 1.795022e-03
iteration 41, E = -231.810799, |x| = 7.820692e-01, |g| = 2.861130e-03
iteration 42, E = -231.810807, |x| = 8.231725e-01, |g| = 3.389182e-03
iteration 43, E = -231.810820, |x| = 8.947901e-01, |g| = 3.040675e-03
iteration 44, E = -231.810837, |x| = 1.023789e+00, |g| = 1.560948e-03
iteration 45, E = -231.810842, |x| = 1.114119e+00, |g| = 1.002908e-03
iteration 46, E = -231.810844, |x| = 1.181903e+00, |g| = 6.802311e-04
iteration 47, E = -231.810844, |x| = 1.205884e+00, |g| = 2.562305e-04
iteration 48, E = -231.810844, |x| = 1.206998e+00, |g| = 1.382531e-04
iteration 49, E = -231.810844, |x| = 1.206927e+00, |g| = 1.305770e-04
iteration 50, E = -231.810844, |x| = 1.208438e+00, |g| = 1.446039e-04
iteration 51, E = -231.810844, |x| = 1.210550e+00, |g| = 1.587044e-04
iteration 52, E = -231.810844, |x| = 1.214417e+00, |g| = 1.833214e-04
iteration 53, E = -231.810844, |x| = 1.220592e+00, |g| = 2.270068e-04
iteration 54, E = -231.810845, |x| = 1.231373e+00, |g| = 3.006980e-04
iteration 55, E = -231.810845, |x| = 1.249701e+00, |g| = 4.111652e-04
iteration 56, E = -231.810846, |x| = 1.281597e+00, |g| = 5.500380e-04
iteration 57, E = -231.810847, |x| = 1.299987e+00, |g| = 5.332124e-04
iteration 58, E = -231.810847, |x| = 1.305215e+00, |g| = 3.664373e-04
iteration 59, E = -231.810848, |x| = 1.290753e+00, |g| = 2.259806e-04
iteration 60, E = -231.810848, |x| = 1.280270e+00, |g| = 2.062840e-04
iteration 61, E = -231.810848, |x| = 1.271563e+00, |g| = 1.885576e-04
iteration 62, E = -231.810848, |x| = 1.264143e+00, |g| = 2.143026e-04
iteration 63, E = -231.810848, |x| = 1.256940e+00, |g| = 2.609364e-04
iteration 64, E = -231.810848, |x| = 1.248730e+00, |g| = 3.376037e-04
iteration 65, E = -231.810849, |x| = 1.239237e+00, |g| = 4.511558e-04
iteration 66, E = -231.810850, |x| = 1.229037e+00, |g| = 6.178138e-04
iteration 67, E = -231.810851, |x| = 1.222756e+00, |g| = 8.306807e-04
iteration 68, E = -231.810853, |x| = 1.238674e+00, |g| = 9.824265e-04
iteration 69, E = -231.810854, |x| = 1.271427e+00, |g| = 6.827914e-04
iteration 70, E = -231.810855, |x| = 1.330765e+00, |g| = 2.797544e-04
iteration 71, E = -231.810855, |x| = 1.357954e+00, |g| = 2.900499e-04
iteration 72, E = -231.810855, |x| = 1.364128e+00, |g| = 1.285344e-04
iteration 73, E = -231.810855, |x| = 1.366402e+00, |g| = 1.321500e-04
iteration 74, E = -231.810855, |x| = 1.367770e+00, |g| = 1.657745e-04
iteration 75, E = -231.810855, |x| = 1.370146e+00, |g| = 2.322522e-04
iteration 76, E = -231.810855, |x| = 1.372345e+00, |g| = 3.375260e-04
iteration 77, E = -231.810855, |x| = 1.375454e+00, |g| = 4.795709e-04
iteration 78, E = -231.810856, |x| = 1.377837e+00, |g| = 6.722904e-04
iteration 79, E = -231.810857, |x| = 1.379480e+00, |g| = 9.278943e-04
iteration 80, E = -231.810858, |x| = 1.375991e+00, |g| = 1.322129e-03
iteration 81, E = -231.810860, |x| = 1.362050e+00, |g| = 2.060795e-03
iteration 82, E = -231.810862, |x| = 1.335026e+00, |g| = 2.295721e-03
iteration 83, E = -231.810865, |x| = 1.308824e+00, |g| = 1.619334e-03
iteration 84, E = -231.810868, |x| = 1.313688e+00, |g| = 1.952744e-03
iteration 85, E = -231.810868, |x| = 1.327256e+00, |g| = 2.980610e-03
iteration 86, E = -231.810869, |x| = 1.333252e+00, |g| = 2.330291e-03
iteration 87, E = -231.810870, |x| = 1.351312e+00, |g| = 8.359305e-04
iteration 88, E = -231.810871, |x| = 1.380064e+00, |g| = 8.306502e-04
iteration 89, E = -231.810871, |x| = 1.374220e+00, |g| = 2.381417e-04
iteration 90, E = -231.810871, |x| = 1.375020e+00, |g| = 1.715570e-04
iteration 91, E = -231.810871, |x| = 1.376359e+00, |g| = 2.361653e-04
iteration 92, E = -231.810871, |x| = 1.380818e+00, |g| = 3.232092e-04
iteration 93, E = -231.810871, |x| = 1.384911e+00, |g| = 3.831155e-04
iteration 94, E = -231.810871, |x| = 1.395117e+00, |g| = 4.141036e-04
iteration 95, E = -231.810872, |x| = 1.403387e+00, |g| = 3.570437e-04
iteration 96, E = -231.810872, |x| = 1.423149e+00, |g| = 4.232058e-04
iteration 97, E = -231.810872, |x| = 1.415909e+00, |g| = 5.320568e-04
iteration 98, E = -231.810872, |x| = 1.417035e+00, |g| = 5.299443e-04
iteration 99, E = -231.810872, |x| = 1.412320e+00, |g| = 4.746852e-04
iteration 100, E = -231.810873, |x| = 1.400051e+00, |g| = 2.775197e-04
iteration 101, E = -231.810873, |x| = 1.396066e+00, |g| = 2.023767e-04
iteration 102, E = -231.810873, |x| = 1.392418e+00, |g| = 7.083816e-05
iteration 103, E = -231.810873, |x| = 1.393090e+00, |g| = 6.865118e-05
iteration 104, E = -231.810873, |x| = 1.393321e+00, |g| = 8.300886e-05
iteration 105, E = -231.810873, |x| = 1.393499e+00, |g| = 1.017632e-04
iteration 106, E = -231.810873, |x| = 1.393691e+00, |g| = 1.300375e-04
iteration 107, E = -231.810873, |x| = 1.393967e+00, |g| = 1.749926e-04
iteration 108, E = -231.810873, |x| = 1.394451e+00, |g| = 2.467751e-04
iteration 109, E = -231.810873, |x| = 1.395292e+00, |g| = 3.633882e-04
iteration 110, E = -231.810873, |x| = 1.396808e+00, |g| = 5.509797e-04
iteration 111, E = -231.810873, |x| = 1.399309e+00, |g| = 8.274048e-04
iteration 112, E = -231.810874, |x| = 1.401259e+00, |g| = 9.099423e-04
iteration 113, E = -231.810874, |x| = 1.405154e+00, |g| = 7.440628e-04
iteration 114, E = -231.810874, |x| = 1.411011e+00, |g| = 2.480233e-04
iteration 115, E = -231.810874, |x| = 1.413671e+00, |g| = 6.850583e-05
iteration 116, E = -231.810874, |x| = 1.414467e+00, |g| = 7.014909e-05
iteration 117, E = -231.810874, |x| = 1.414590e+00, |g| = 6.973659e-05
iteration 118, E = -231.810874, |x| = 1.414554e+00, |g| = 7.160636e-05
iteration 119, E = -231.810874, |x| = 1.414503e+00, |g| = 8.063831e-05
iteration 120, E = -231.810875, |x| = 1.414558e+00, |g| = 9.958542e-05
iteration 121, E = -231.810875, |x| = 1.414940e+00, |g| = 1.331534e-04
iteration 122, E = -231.810875, |x| = 1.415964e+00, |g| = 1.882813e-04
iteration 123, E = -231.810875, |x| = 1.418415e+00, |g| = 2.771452e-04
iteration 124, E = -231.810876, |x| = 1.423639e+00, |g| = 4.229847e-04
iteration 125, E = -231.810876, |x| = 1.434390e+00, |g| = 6.734157e-04
iteration 126, E = -231.810878, |x| = 1.455375e+00, |g| = 1.145160e-03
iteration 127, E = -231.810881, |x| = 1.495106e+00, |g| = 2.155241e-03
iteration 128, E = -231.810883, |x| = 1.517559e+00, |g| = 2.811221e-03
iteration 129, E = -231.810886, |x| = 1.538107e+00, |g| = 3.319397e-03
iteration 130, E = -231.810892, |x| = 1.554115e+00, |g| = 3.533913e-03
iteration 131, E = -231.810901, |x| = 1.564216e+00, |g| = 3.439007e-03
iteration 132, E = -231.810914, |x| = 1.570117e+00, |g| = 3.006598e-03
iteration 133, E = -231.810929, |x| = 1.568333e+00, |g| = 1.911762e-03
iteration 134, E = -231.810938, |x| = 1.467117e+00, |g| = 2.694753e-03
iteration 135, E = -231.810942, |x| = 1.483150e+00, |g| = 3.506422e-03
iteration 136, E = -231.810946, |x| = 1.466484e+00, |g| = 2.374751e-03
iteration 137, E = -231.810948, |x| = 1.385980e+00, |g| = 1.736962e-03
iteration 138, E = -231.810950, |x| = 1.369295e+00, |g| = 1.812581e-03
iteration 139, E = -231.810951, |x| = 1.395544e+00, |g| = 1.046439e-03
iteration 140, E = -231.810953, |x| = 1.377055e+00, |g| = 7.086379e-04
iteration 141, E = -231.810955, |x| = 1.337756e+00, |g| = 1.143570e-03
iteration 142, E = -231.810958, |x| = 1.305800e+00, |g| = 1.289496e-03
iteration 143, E = -231.810959, |x| = 1.302908e+00, |g| = 1.216310e-03
iteration 144, E = -231.810960, |x| = 1.326376e+00, |g| = 4.202853e-04
iteration 145, E = -231.810960, |x| = 1.327300e+00, |g| = 3.840057e-04
iteration 146, E = -231.810961, |x| = 1.331012e+00, |g| = 4.847629e-04
iteration 147, E = -231.810961, |x| = 1.342263e+00, |g| = 5.539099e-04
iteration 148, E = -231.810961, |x| = 1.342485e+00, |g| = 3.752570e-04
iteration 149, E = -231.810961, |x| = 1.344299e+00, |g| = 3.528478e-04
iteration 150, E = -231.810961, |x| = 1.348249e+00, |g| = 6.893050e-04
iteration 151, E = -231.810962, |x| = 1.354254e+00, |g| = 8.864432e-04
iteration 152, E = -231.810962, |x| = 1.363859e+00, |g| = 1.016370e-03
iteration 153, E = -231.810963, |x| = 1.381001e+00, |g| = 1.053646e-03
iteration 154, E = -231.810964, |x| = 1.410976e+00, |g| = 1.019568e-03
iteration 155, E = -231.810966, |x| = 1.466173e+00, |g| = 8.860154e-04
iteration 156, E = -231.810967, |x| = 1.515904e+00, |g| = 2.155921e-03
iteration 157, E = -231.810968, |x| = 1.567900e+00, |g| = 9.005110e-04
iteration 158, E = -231.810969, |x| = 1.551798e+00, |g| = 6.184557e-04
iteration 159, E = -231.810969, |x| = 1.547506e+00, |g| = 5.404500e-04
iteration 160, E = -231.810969, |x| = 1.550223e+00, |g| = 3.772528e-04
iteration 161, E = -231.810969, |x| = 1.551825e+00, |g| = 2.174256e-04
iteration 162, E = -231.810969, |x| = 1.548173e+00, |g| = 1.377684e-04
iteration 163, E = -231.810969, |x| = 1.542859e+00, |g| = 1.767650e-04
iteration 164, E = -231.810969, |x| = 1.541773e+00, |g| = 8.493605e-05
iteration 165, E = -231.810969, |x| = 1.543484e+00, |g| = 1.027588e-04
iteration 166, E = -231.810969, |x| = 1.545442e+00, |g| = 9.301008e-05
iteration 167, E = -231.810969, |x| = 1.547152e+00, |g| = 1.034179e-04
iteration 168, E = -231.810969, |x| = 1.547667e+00, |g| = 1.339333e-04
iteration 169, E = -231.810969, |x| = 1.545599e+00, |g| = 1.989288e-04
iteration 170, E = -231.810970, |x| = 1.537457e+00, |g| = 3.037798e-04
iteration 171, E = -231.810970, |x| = 1.521945e+00, |g| = 3.853248e-04
iteration 172, E = -231.810970, |x| = 1.500029e+00, |g| = 3.565534e-04
iteration 173, E = -231.810970, |x| = 1.481823e+00, |g| = 2.515064e-04
iteration 174, E = -231.810970, |x| = 1.475601e+00, |g| = 1.856136e-04
iteration 175, E = -231.810970, |x| = 1.470450e+00, |g| = 1.673583e-04
iteration 176, E = -231.810970, |x| = 1.466318e+00, |g| = 1.948236e-04
iteration 177, E = -231.810970, |x| = 1.460858e+00, |g| = 2.852155e-04
iteration 178, E = -231.810971, |x| = 1.456112e+00, |g| = 4.606810e-04
iteration 179, E = -231.810971, |x| = 1.447133e+00, |g| = 6.262551e-04
iteration 180, E = -231.810972, |x| = 1.443567e+00, |g| = 1.132705e-03
iteration 181, E = -231.810973, |x| = 1.434642e+00, |g| = 1.544172e-03
iteration 182, E = -231.810974, |x| = 1.473392e+00, |g| = 2.158129e-03
iteration 183, E = -231.810976, |x| = 1.477974e+00, |g| = 1.843809e-03
iteration 184, E = -231.810978, |x| = 1.511302e+00, |g| = 6.805404e-04
iteration 185, E = -231.810979, |x| = 1.549025e+00, |g| = 5.637163e-04
iteration 186, E = -231.810979, |x| = 1.572496e+00, |g| = 6.697185e-04
iteration 187, E = -231.810979, |x| = 1.574898e+00, |g| = 3.155857e-04
iteration 188, E = -231.810979, |x| = 1.589068e+00, |g| = 3.080799e-04
iteration 189, E = -231.810979, |x| = 1.601544e+00, |g| = 2.213505e-04
iteration 190, E = -231.810979, |x| = 1.630022e+00, |g| = 1.991014e-04
iteration 191, E = -231.810979, |x| = 1.641020e+00, |g| = 2.096153e-04
iteration 192, E = -231.810979, |x| = 1.650389e+00, |g| = 1.739362e-04
iteration 193, E = -231.810980, |x| = 1.654492e+00, |g| = 2.043787e-04
iteration 194, E = -231.810980, |x| = 1.662802e+00, |g| = 2.249882e-04
iteration 195, E = -231.810980, |x| = 1.667051e+00, |g| = 3.314757e-04
iteration 196, E = -231.810980, |x| = 1.684791e+00, |g| = 3.287531e-04
iteration 197, E = -231.810980, |x| = 1.688963e+00, |g| = 7.608727e-04
iteration 198, E = -231.810981, |x| = 1.730230e+00, |g| = 5.844584e-04
iteration 199, E = -231.810981, |x| = 1.740392e+00, |g| = 8.170579e-04
iteration 200, E = -231.810982, |x| = 1.764971e+00, |g| = 1.093119e-03
iteration 201, E = -231.810983, |x| = 1.817362e+00, |g| = 1.238047e-03
iteration 202, E = -231.810984, |x| = 1.845489e+00, |g| = 1.645656e-03
iteration 203, E = -231.810985, |x| = 1.883506e+00, |g| = 9.028094e-04
iteration 204, E = -231.810985, |x| = 1.851740e+00, |g| = 1.734360e-03
iteration 205, E = -231.810986, |x| = 1.828447e+00, |g| = 1.034708e-03
iteration 206, E = -231.810987, |x| = 1.781931e+00, |g| = 1.226743e-03
iteration 207, E = -231.810987, |x| = 1.733972e+00, |g| = 1.727116e-03
iteration 208, E = -231.810988, |x| = 1.744079e+00, |g| = 1.130903e-03
iteration 209, E = -231.810989, |x| = 1.727311e+00, |g| = 5.692706e-04
iteration 210, E = -231.810989, |x| = 1.719625e+00, |g| = 2.869029e-04
iteration 211, E = -231.810989, |x| = 1.697744e+00, |g| = 3.724499e-04
iteration 212, E = -231.810989, |x| = 1.675074e+00, |g| = 3.213681e-04
iteration 213, E = -231.810989, |x| = 1.663331e+00, |g| = 2.183874e-04
iteration 214, E = -231.810989, |x| = 1.657059e+00, |g| = 8.831852e-05
iteration 215, E = -231.810989, |x| = 1.649739e+00, |g| = 7.831798e-05
iteration 216, E = -231.810989, |x| = 1.648274e+00, |g| = 1.131514e-04
iteration 217, E = -231.810989, |x| = 1.645530e+00, |g| = 9.246281e-05
iteration 218, E = -231.810989, |x| = 1.642543e+00, |g| = 7.975770e-05
iteration 219, E = -231.810989, |x| = 1.638765e+00, |g| = 8.650840e-05
iteration 220, E = -231.810989, |x| = 1.633734e+00, |g| = 1.349888e-04
iteration 221, E = -231.810989, |x| = 1.627192e+00, |g| = 2.071318e-04
iteration 222, E = -231.810989, |x| = 1.619692e+00, |g| = 2.720976e-04
iteration 223, E = -231.810990, |x| = 1.610146e+00, |g| = 3.557004e-04
iteration 224, E = -231.810990, |x| = 1.598758e+00, |g| = 4.178556e-04
iteration 225, E = -231.810990, |x| = 1.583784e+00, |g| = 5.302369e-04
iteration 226, E = -231.810991, |x| = 1.569029e+00, |g| = 6.107111e-04
iteration 227, E = -231.810991, |x| = 1.561445e+00, |g| = 5.473661e-04
iteration 228, E = -231.810991, |x| = 1.571242e+00, |g| = 3.825026e-04
iteration 229, E = -231.810991, |x| = 1.565577e+00, |g| = 2.597243e-04
iteration 230, E = -231.810991, |x| = 1.584941e+00, |g| = 1.775287e-04
iteration 231, E = -231.810991, |x| = 1.586919e+00, |g| = 1.050901e-04
iteration 232, E = -231.810991, |x| = 1.590817e+00, |g| = 1.004283e-04
iteration 233, E = -231.810991, |x| = 1.592611e+00, |g| = 8.512332e-05
iteration 234, E = -231.810991, |x| = 1.593635e+00, |g| = 1.026095e-04
iteration 235, E = -231.810991, |x| = 1.593451e+00, |g| = 1.220331e-04
iteration 236, E = -231.810991, |x| = 1.592200e+00, |g| = 1.535072e-04
iteration 237, E = -231.810992, |x| = 1.589206e+00, |g| = 1.988706e-04
iteration 238, E = -231.810992, |x| = 1.584540e+00, |g| = 2.630819e-04
iteration 239, E = -231.810992, |x| = 1.577965e+00, |g| = 3.450463e-04
iteration 240, E = -231.810992, |x| = 1.570100e+00, |g| = 4.471957e-04
iteration 241, E = -231.810992, |x| = 1.560800e+00, |g| = 6.059853e-04
iteration 242, E = -231.810993, |x| = 1.557306e+00, |g| = 8.578932e-04
iteration 243, E = -231.810994, |x| = 1.566721e+00, |g| = 1.415905e-03
iteration 244, E = -231.810994, |x| = 1.612865e+00, |g| = 1.711241e-03
iteration 245, E = -231.810995, |x| = 1.621093e+00, |g| = 1.605581e-03
iteration 246, E = -231.810996, |x| = 1.640332e+00, |g| = 1.320610e-03
iteration 247, E = -231.810998, |x| = 1.659586e+00, |g| = 1.083442e-03
iteration 248, E = -231.810999, |x| = 1.681877e+00, |g| = 9.328110e-04
iteration 249, E = -231.811000, |x| = 1.689070e+00, |g| = 1.244282e-03
iteration 250, E = -231.811000, |x| = 1.712952e+00, |g| = 8.102956e-04
iteration 251, E = -231.811001, |x| = 1.711242e+00, |g| = 8.852530e-04
iteration 252, E = -231.811001, |x| = 1.736739e+00, |g| = 3.491515e-04
iteration 253, E = -231.811001, |x| = 1.734097e+00, |g| = 3.779569e-04
iteration 254, E = -231.811001, |x| = 1.737636e+00, |g| = 2.502483e-04
iteration 255, E = -231.811001, |x| = 1.751320e+00, |g| = 4.020299e-04
iteration 256, E = -231.811001, |x| = 1.780267e+00, |g| = 2.465648e-04
iteration 257, E = -231.811002, |x| = 1.783332e+00, |g| = 3.739279e-04
iteration 258, E = -231.811002, |x| = 1.780411e+00, |g| = 3.311446e-04
iteration 259, E = -231.811002, |x| = 1.774321e+00, |g| = 3.639201e-04
iteration 260, E = -231.811002, |x| = 1.755014e+00, |g| = 3.136185e-04
iteration 261, E = -231.811002, |x| = 1.722914e+00, |g| = 6.021146e-04
iteration 262, E = -231.811002, |x| = 1.678607e+00, |g| = 4.350879e-04
iteration 263, E = -231.811002, |x| = 1.692814e+00, |g| = 1.756990e-04
iteration 264, E = -231.811002, |x| = 1.694212e+00, |g| = 1.622282e-04
iteration 265, E = -231.811002, |x| = 1.698671e+00, |g| = 1.220279e-04
iteration 266, E = -231.811002, |x| = 1.694565e+00, |g| = 8.043528e-05
iteration 267, E = -231.811002, |x| = 1.692387e+00, |g| = 4.420396e-05
iteration 268, E = -231.811002, |x| = 1.692290e+00, |g| = 4.835454e-05
iteration 269, E = -231.811002, |x| = 1.692711e+00, |g| = 6.973911e-05
iteration 270, E = -231.811002, |x| = 1.692105e+00, |g| = 8.774475e-05
iteration 271, E = -231.811002, |x| = 1.690662e+00, |g| = 1.595957e-04
iteration 272, E = -231.811002, |x| = 1.686421e+00, |g| = 1.594715e-04
iteration 273, E = -231.811003, |x| = 1.681672e+00, |g| = 2.047207e-04
iteration 274, E = -231.811003, |x| = 1.673534e+00, |g| = 2.498014e-04
iteration 275, E = -231.811003, |x| = 1.659184e+00, |g| = 3.060104e-04
iteration 276, E = -231.811003, |x| = 1.636294e+00, |g| = 4.498116e-04
iteration 277, E = -231.811003, |x| = 1.594513e+00, |g| = 5.686462e-04
iteration 278, E = -231.811003, |x| = 1.569360e+00, |g| = 7.559587e-04
iteration 279, E = -231.811004, |x| = 1.555564e+00, |g| = 6.230487e-04
iteration 280, E = -231.811004, |x| = 1.529731e+00, |g| = 5.888129e-04
iteration 281, E = -231.811004, |x| = 1.492981e+00, |g| = 3.427619e-04
iteration 282, E = -231.811005, |x| = 1.476020e+00, |g| = 5.604123e-04
iteration 283, E = -231.811005, |x| = 1.455604e+00, |g| = 5.193167e-04
iteration 284, E = -231.811005, |x| = 1.453415e+00, |g| = 3.343412e-04
iteration 285, E = -231.811005, |x| = 1.437526e+00, |g| = 2.115820e-04
iteration 286, E = -231.811005, |x| = 1.406726e+00, |g| = 2.655307e-04
iteration 287, E = -231.811005, |x| = 1.351100e+00, |g| = 6.214629e-04
iteration 288, E = -231.811006, |x| = 1.313128e+00, |g| = 1.104643e-03
iteration 289, E = -231.811006, |x| = 1.292731e+00, |g| = 9.737322e-04
iteration 290, E = -231.811006, |x| = 1.255637e+00, |g| = 1.147651e-03
iteration 291, E = -231.811007, |x| = 1.231409e+00, |g| = 7.562666e-04
iteration 292, E = -231.811007, |x| = 1.203102e+00, |g| = 4.312168e-04
iteration 293, E = -231.811007, |x| = 1.188276e+00, |g| = 1.881322e-04
iteration 294, E = -231.811007, |x| = 1.183608e+00, |g| = 2.404529e-04
iteration 295, E = -231.811007, |x| = 1.175942e+00, |g| = 1.495522e-04
iteration 296, E = -231.811007, |x| = 1.178928e+00, |g| = 1.657087e-04
iteration 297, E = -231.811007, |x| = 1.176487e+00, |g| = 1.126067e-04
iteration 298, E = -231.811007, |x| = 1.172960e+00, |g| = 9.731289e-05
iteration 299, E = -231.811007, |x| = 1.167358e+00, |g| = 7.240751e-05
iteration 300, E = -231.811007, |x| = 1.165615e+00, |g| = 7.263139e-05
iteration 301, E = -231.811007, |x| = 1.165639e+00, |g| = 7.407633e-05
iteration 302, E = -231.811007, |x| = 1.167728e+00, |g| = 9.081083e-05
iteration 303, E = -231.811007, |x| = 1.171721e+00, |g| = 1.153432e-04
iteration 304, E = -231.811007, |x| = 1.177472e+00, |g| = 1.313837e-04
iteration 305, E = -231.811008, |x| = 1.181528e+00, |g| = 1.365972e-04
iteration 306, E = -231.811008, |x| = 1.182747e+00, |g| = 1.277479e-04
iteration 307, E = -231.811008, |x| = 1.182022e+00, |g| = 1.371893e-04
iteration 308, E = -231.811008, |x| = 1.179586e+00, |g| = 1.438527e-04
iteration 309, E = -231.811008, |x| = 1.177155e+00, |g| = 1.791476e-04
iteration 310, E = -231.811008, |x| = 1.173553e+00, |g| = 1.957594e-04
iteration 311, E = -231.811008, |x| = 1.170970e+00, |g| = 2.523850e-04
iteration 312, E = -231.811008, |x| = 1.167192e+00, |g| = 2.866438e-04
iteration 313, E = -231.811008, |x| = 1.165075e+00, |g| = 3.814986e-04
iteration 314, E = -231.811008, |x| = 1.162471e+00, |g| = 4.230835e-04
iteration 315, E = -231.811009, |x| = 1.168827e+00, |g| = 4.902991e-04
iteration 316, E = -231.811009, |x| = 1.172725e+00, |g| = 3.034024e-04
iteration 317, E = -231.811009, |x| = 1.189329e+00, |g| = 1.153062e-04
iteration 318, E = -231.811009, |x| = 1.185699e+00, |g| = 5.507165e-05
iteration 319, E = -231.811009, |x| = 1.183400e+00, |g| = 3.626934e-05
iteration 320, E = -231.811009, |x| = 1.182790e+00, |g| = 7.791599e-06
iteration 321, E = -231.811009, |x| = 1.182599e+00, |g| = 7.277646e-06
iteration 322, E = -231.811009, |x| = 1.182419e+00, |g| = 4.662749e-06
iteration 323, E = -231.811009, |x| = 1.182277e+00, |g| = 4.225386e-06
iteration 324, E = -231.811009, |x| = 1.182265e+00, |g| = 2.773016e-06
iteration 325, E = -231.811009, |x| = 1.182322e+00, |g| = 1.551151e-06
Fragment 0 local quantum numbers
<N>,<Sz>,<S^2> = 2.000120, 0.000009, 0.006816
Fragment 1 local quantum numbers
<N>,<Sz>,<S^2> = 1.999542, -0.000008, 0.012489
Fragment 2 local quantum numbers
<N>,<Sz>,<S^2> = 2.000339, -0.000000, 0.006724
Whole system quantum numbers
<N>,<Sz>,<S^2> = 6.000000, 0.000000, 0.000472
Density matrix diagonal elements [1.90492549 0.09519422 1.91046721 0.08907448 1.90597294 0.09436566]
CASCI converged
CASCI E = -231.811009347693  E(CI) = -5.84026096254786  S^2 = 0.0004716

******** CASCI flags ********
CAS (3e+3e, 6o), ncore = 19, nvir = 45
natorb = False
canonicalization = True
sorting_mo_energy = False
max_memory 4000 (MB)
******** <class 'mrh.exploratory.unitary_cc.lasuccsd.FCISolver_USCC'> ********
max. cycles = 100
conv_tol = 1e-10
davidson only = False
linear dependence = 1e-14
level shift = 0.001
max iter space = 12
max_memory 4000 MB
nroots = 1
pspace_size = 400
spin = None
LASCI object has 75 degrees of freedom
iteration 0, E = -231.808039, |x| = 1.432983e-01, |g| = 8.938796e-02
iteration 1, E = -231.810408, |x| = 1.140115e-01, |g| = 1.201360e-02
iteration 2, E = -231.810453, |x| = 1.145440e-01, |g| = 7.988175e-03
iteration 3, E = -231.810468, |x| = 1.166777e-01, |g| = 3.399658e-03
iteration 4, E = -231.810471, |x| = 1.172336e-01, |g| = 2.224058e-03
iteration 5, E = -231.810472, |x| = 1.170634e-01, |g| = 1.221679e-03
iteration 6, E = -231.810475, |x| = 1.169841e-01, |g| = 1.603875e-03
iteration 7, E = -231.810479, |x| = 1.172731e-01, |g| = 2.440653e-03
iteration 8, E = -231.810487, |x| = 1.186807e-01, |g| = 3.595846e-03
iteration 9, E = -231.810502, |x| = 1.237284e-01, |g| = 4.948417e-03
iteration 10, E = -231.810529, |x| = 1.410203e-01, |g| = 6.736522e-03
iteration 11, E = -231.810574, |x| = 1.942132e-01, |g| = 9.139809e-03
iteration 12, E = -231.810612, |x| = 3.152009e-01, |g| = 1.168114e-02
iteration 13, E = -231.810629, |x| = 3.111811e-01, |g| = 7.889945e-03
iteration 14, E = -231.810644, |x| = 3.143668e-01, |g| = 4.438360e-03
iteration 15, E = -231.810650, |x| = 3.372121e-01, |g| = 1.820725e-03
iteration 16, E = -231.810651, |x| = 3.364922e-01, |g| = 1.402443e-03
iteration 17, E = -231.810654, |x| = 3.366258e-01, |g| = 1.708266e-03
iteration 18, E = -231.810659, |x| = 3.392654e-01, |g| = 2.717467e-03
iteration 19, E = -231.810669, |x| = 3.486182e-01, |g| = 4.153678e-03
iteration 20, E = -231.810686, |x| = 3.696050e-01, |g| = 6.126139e-03
iteration 21, E = -231.810716, |x| = 4.194267e-01, |g| = 8.747036e-03
iteration 22, E = -231.810757, |x| = 5.311238e-01, |g| = 1.162923e-02
iteration 23, E = -231.810780, |x| = 6.072295e-01, |g| = 1.017416e-02
iteration 24, E = -231.810799, |x| = 6.414892e-01, |g| = 5.015256e-03
iteration 25, E = -231.810805, |x| = 6.379319e-01, |g| = 1.274341e-03
iteration 26, E = -231.810806, |x| = 6.328167e-01, |g| = 1.182328e-03
iteration 27, E = -231.810807, |x| = 6.298594e-01, |g| = 1.380938e-03
iteration 28, E = -231.810810, |x| = 6.295078e-01, |g| = 1.648877e-03
iteration 29, E = -231.810814, |x| = 6.329735e-01, |g| = 2.011219e-03
iteration 30, E = -231.810821, |x| = 6.449421e-01, |g| = 2.510175e-03
iteration 31, E = -231.810835, |x| = 6.760814e-01, |g| = 3.085964e-03
iteration 32, E = -231.810854, |x| = 7.553561e-01, |g| = 3.422365e-03
iteration 33, E = -231.810862, |x| = 8.305940e-01, |g| = 2.483021e-03
iteration 34, E = -231.810865, |x| = 8.719936e-01, |g| = 1.391473e-03
iteration 35, E = -231.810866, |x| = 8.951678e-01, |g| = 5.622357e-04
iteration 36, E = -231.810866, |x| = 9.026076e-01, |g| = 4.026828e-04
iteration 37, E = -231.810867, |x| = 8.977572e-01, |g| = 3.714406e-04
iteration 38, E = -231.810867, |x| = 8.932390e-01, |g| = 3.349481e-04
iteration 39, E = -231.810867, |x| = 8.882442e-01, |g| = 3.076504e-04
iteration 40, E = -231.810867, |x| = 8.836908e-01, |g| = 3.133735e-04
iteration 41, E = -231.810868, |x| = 8.788706e-01, |g| = 3.625254e-04
iteration 42, E = -231.810870, |x| = 8.752844e-01, |g| = 5.166321e-04
iteration 43, E = -231.810873, |x| = 8.750824e-01, |g| = 7.694257e-04
iteration 44, E = -231.810876, |x| = 8.878945e-01, |g| = 1.193546e-03
iteration 45, E = -231.810880, |x| = 9.141870e-01, |g| = 1.259127e-03
iteration 46, E = -231.810883, |x| = 9.697099e-01, |g| = 9.982389e-04
iteration 47, E = -231.810885, |x| = 1.019174e+00, |g| = 4.962376e-04
iteration 48, E = -231.810886, |x| = 1.044646e+00, |g| = 4.386160e-04
iteration 49, E = -231.810886, |x| = 1.049774e+00, |g| = 4.297086e-04
iteration 50, E = -231.810886, |x| = 1.054393e+00, |g| = 5.572857e-04
iteration 51, E = -231.810887, |x| = 1.060091e+00, |g| = 7.147110e-04
iteration 52, E = -231.810888, |x| = 1.068590e+00, |g| = 9.300577e-04
iteration 53, E = -231.810891, |x| = 1.083675e+00, |g| = 1.211186e-03
iteration 54, E = -231.810895, |x| = 1.109875e+00, |g| = 1.587175e-03
iteration 55, E = -231.810901, |x| = 1.156831e+00, |g| = 1.887248e-03
iteration 56, E = -231.810903, |x| = 1.156824e+00, |g| = 1.523816e-03
iteration 57, E = -231.810904, |x| = 1.139226e+00, |g| = 6.479565e-04
iteration 58, E = -231.810904, |x| = 1.127608e+00, |g| = 2.063657e-04
iteration 59, E = -231.810904, |x| = 1.128633e+00, |g| = 1.757384e-04
iteration 60, E = -231.810904, |x| = 1.128177e+00, |g| = 1.114659e-04
iteration 61, E = -231.810905, |x| = 1.128543e+00, |g| = 1.278225e-04
iteration 62, E = -231.810905, |x| = 1.129006e+00, |g| = 1.726403e-04
iteration 63, E = -231.810905, |x| = 1.129577e+00, |g| = 2.443615e-04
iteration 64, E = -231.810905, |x| = 1.130628e+00, |g| = 3.502368e-04
iteration 65, E = -231.810905, |x| = 1.132358e+00, |g| = 5.102370e-04
iteration 66, E = -231.810906, |x| = 1.135812e+00, |g| = 7.488084e-04
iteration 67, E = -231.810907, |x| = 1.142287e+00, |g| = 1.101882e-03
iteration 68, E = -231.810908, |x| = 1.155577e+00, |g| = 1.574458e-03
iteration 69, E = -231.810910, |x| = 1.180820e+00, |g| = 2.036710e-03
iteration 70, E = -231.810913, |x| = 1.213152e+00, |g| = 2.014236e-03
iteration 71, E = -231.810916, |x| = 1.258902e+00, |g| = 1.293293e-03
iteration 72, E = -231.810917, |x| = 1.274692e+00, |g| = 4.970996e-04
iteration 73, E = -231.810917, |x| = 1.266610e+00, |g| = 3.530924e-04
iteration 74, E = -231.810917, |x| = 1.263369e+00, |g| = 2.227913e-04
iteration 75, E = -231.810917, |x| = 1.258577e+00, |g| = 1.847132e-04
iteration 76, E = -231.810917, |x| = 1.256380e+00, |g| = 2.123619e-04
iteration 77, E = -231.810918, |x| = 1.252708e+00, |g| = 3.211896e-04
iteration 78, E = -231.810918, |x| = 1.249873e+00, |g| = 4.583736e-04
iteration 79, E = -231.810918, |x| = 1.246392e+00, |g| = 6.762929e-04
iteration 80, E = -231.810919, |x| = 1.243018e+00, |g| = 9.657238e-04
iteration 81, E = -231.810920, |x| = 1.239861e+00, |g| = 1.398746e-03
iteration 82, E = -231.810922, |x| = 1.238995e+00, |g| = 2.030372e-03
iteration 83, E = -231.810924, |x| = 1.242086e+00, |g| = 2.305366e-03
iteration 84, E = -231.810926, |x| = 1.248636e+00, |g| = 1.581956e-03
iteration 85, E = -231.810928, |x| = 1.277562e+00, |g| = 1.478986e-03
iteration 86, E = -231.810928, |x| = 1.281148e+00, |g| = 1.986380e-03
iteration 87, E = -231.810929, |x| = 1.291315e+00, |g| = 1.567943e-03
iteration 88, E = -231.810930, |x| = 1.307946e+00, |g| = 1.050581e-03
iteration 89, E = -231.810931, |x| = 1.328726e+00, |g| = 7.276766e-04
iteration 90, E = -231.810931, |x| = 1.325640e+00, |g| = 6.201726e-04
iteration 91, E = -231.810931, |x| = 1.329284e+00, |g| = 2.679338e-04
iteration 92, E = -231.810931, |x| = 1.335080e+00, |g| = 3.389462e-04
iteration 93, E = -231.810932, |x| = 1.343137e+00, |g| = 5.877658e-04
iteration 94, E = -231.810932, |x| = 1.348798e+00, |g| = 8.487357e-04
iteration 95, E = -231.810933, |x| = 1.354061e+00, |g| = 1.093182e-03
iteration 96, E = -231.810934, |x| = 1.353807e+00, |g| = 1.331698e-03
iteration 97, E = -231.810936, |x| = 1.344783e+00, |g| = 1.530260e-03
iteration 98, E = -231.810938, |x| = 1.304801e+00, |g| = 1.486889e-03
iteration 99, E = -231.810940, |x| = 1.275750e+00, |g| = 8.746551e-04
iteration 100, E = -231.810941, |x| = 1.232981e+00, |g| = 6.857197e-04
iteration 101, E = -231.810941, |x| = 1.240744e+00, |g| = 7.122454e-04
iteration 102, E = -231.810941, |x| = 1.247231e+00, |g| = 5.444643e-04
iteration 103, E = -231.810942, |x| = 1.253963e+00, |g| = 3.082488e-04
iteration 104, E = -231.810942, |x| = 1.252491e+00, |g| = 2.464881e-04
iteration 105, E = -231.810942, |x| = 1.252449e+00, |g| = 2.466491e-04
iteration 106, E = -231.810942, |x| = 1.246941e+00, |g| = 3.643008e-04
iteration 107, E = -231.810942, |x| = 1.242151e+00, |g| = 4.261364e-04
iteration 108, E = -231.810943, |x| = 1.234537e+00, |g| = 5.349395e-04
iteration 109, E = -231.810943, |x| = 1.224635e+00, |g| = 5.984277e-04
iteration 110, E = -231.810944, |x| = 1.212127e+00, |g| = 7.694617e-04
iteration 111, E = -231.810945, |x| = 1.198370e+00, |g| = 9.328290e-04
iteration 112, E = -231.810947, |x| = 1.193871e+00, |g| = 1.450578e-03
iteration 113, E = -231.810949, |x| = 1.191980e+00, |g| = 1.450628e-03
iteration 114, E = -231.810950, |x| = 1.216224e+00, |g| = 1.636366e-03
iteration 115, E = -231.810951, |x| = 1.234321e+00, |g| = 7.173760e-04
iteration 116, E = -231.810952, |x| = 1.253482e+00, |g| = 4.347864e-04
iteration 117, E = -231.810952, |x| = 1.250091e+00, |g| = 1.344879e-04
iteration 118, E = -231.810952, |x| = 1.247951e+00, |g| = 1.067889e-04
iteration 119, E = -231.810952, |x| = 1.246873e+00, |g| = 9.816365e-05
iteration 120, E = -231.810952, |x| = 1.245407e+00, |g| = 1.205346e-04
iteration 121, E = -231.810952, |x| = 1.242892e+00, |g| = 1.743579e-04
iteration 122, E = -231.810952, |x| = 1.238901e+00, |g| = 2.585825e-04
iteration 123, E = -231.810952, |x| = 1.232545e+00, |g| = 3.782507e-04
iteration 124, E = -231.810952, |x| = 1.222416e+00, |g| = 5.400748e-04
iteration 125, E = -231.810953, |x| = 1.206568e+00, |g| = 7.461141e-04
iteration 126, E = -231.810953, |x| = 1.183161e+00, |g| = 9.711305e-04
iteration 127, E = -231.810955, |x| = 1.154189e+00, |g| = 1.108595e-03
iteration 128, E = -231.810956, |x| = 1.141020e+00, |g| = 9.641579e-04
iteration 129, E = -231.810957, |x| = 1.147166e+00, |g| = 6.576696e-04
iteration 130, E = -231.810957, |x| = 1.162151e+00, |g| = 4.388259e-04
iteration 131, E = -231.810957, |x| = 1.170380e+00, |g| = 3.306224e-04
iteration 132, E = -231.810958, |x| = 1.169606e+00, |g| = 2.398238e-04
iteration 133, E = -231.810958, |x| = 1.168318e+00, |g| = 1.696287e-04
iteration 134, E = -231.810958, |x| = 1.160663e+00, |g| = 1.841900e-04
iteration 135, E = -231.810958, |x| = 1.157897e+00, |g| = 1.677649e-04
iteration 136, E = -231.810958, |x| = 1.154670e+00, |g| = 1.809809e-04
iteration 137, E = -231.810958, |x| = 1.152193e+00, |g| = 2.529256e-04
iteration 138, E = -231.810958, |x| = 1.150264e+00, |g| = 3.818489e-04
iteration 139, E = -231.810958, |x| = 1.149597e+00, |g| = 5.863039e-04
iteration 140, E = -231.810959, |x| = 1.152229e+00, |g| = 8.958926e-04
iteration 141, E = -231.810960, |x| = 1.163126e+00, |g| = 1.367140e-03
iteration 142, E = -231.810962, |x| = 1.193770e+00, |g| = 2.014279e-03
iteration 143, E = -231.810964, |x| = 1.266162e+00, |g| = 2.686236e-03
iteration 144, E = -231.810968, |x| = 1.400795e+00, |g| = 2.790759e-03
iteration 145, E = -231.810971, |x| = 1.478036e+00, |g| = 1.718854e-03
iteration 146, E = -231.810972, |x| = 1.550809e+00, |g| = 8.356744e-04
iteration 147, E = -231.810972, |x| = 1.543585e+00, |g| = 4.413773e-04
iteration 148, E = -231.810973, |x| = 1.543067e+00, |g| = 5.201565e-04
iteration 149, E = -231.810973, |x| = 1.557141e+00, |g| = 3.800330e-04
iteration 150, E = -231.810973, |x| = 1.555653e+00, |g| = 2.145172e-04
iteration 151, E = -231.810973, |x| = 1.564725e+00, |g| = 1.782770e-04
iteration 152, E = -231.810973, |x| = 1.573142e+00, |g| = 2.313898e-04
iteration 153, E = -231.810973, |x| = 1.577601e+00, |g| = 1.772217e-04
iteration 154, E = -231.810973, |x| = 1.577950e+00, |g| = 2.231374e-04
iteration 155, E = -231.810973, |x| = 1.574518e+00, |g| = 3.058210e-04
iteration 156, E = -231.810973, |x| = 1.568094e+00, |g| = 4.341199e-04
iteration 157, E = -231.810974, |x| = 1.557607e+00, |g| = 6.140131e-04
iteration 158, E = -231.810974, |x| = 1.547266e+00, |g| = 8.411537e-04
iteration 159, E = -231.810975, |x| = 1.545275e+00, |g| = 1.163365e-03
iteration 160, E = -231.810977, |x| = 1.558385e+00, |g| = 1.659455e-03
iteration 161, E = -231.810978, |x| = 1.591405e+00, |g| = 1.546177e-03
iteration 162, E = -231.810979, |x| = 1.616965e+00, |g| = 1.531447e-03
iteration 163, E = -231.810981, |x| = 1.664752e+00, |g| = 1.262881e-03
iteration 164, E = -231.810982, |x| = 1.794757e+00, |g| = 2.812942e-03
iteration 165, E = -231.810984, |x| = 1.793531e+00, |g| = 1.824512e-03
iteration 166, E = -231.810986, |x| = 1.824957e+00, |g| = 7.859044e-04
iteration 167, E = -231.810986, |x| = 1.847124e+00, |g| = 6.232457e-04
iteration 168, E = -231.810987, |x| = 1.887956e+00, |g| = 6.905159e-04
iteration 169, E = -231.810987, |x| = 1.870568e+00, |g| = 7.093640e-04
iteration 170, E = -231.810987, |x| = 1.853665e+00, |g| = 3.289323e-04
iteration 171, E = -231.810987, |x| = 1.853468e+00, |g| = 2.714770e-04
iteration 172, E = -231.810988, |x| = 1.857669e+00, |g| = 2.006180e-04
iteration 173, E = -231.810988, |x| = 1.869027e+00, |g| = 2.331468e-04
iteration 174, E = -231.810988, |x| = 1.888434e+00, |g| = 2.690938e-04
iteration 175, E = -231.810988, |x| = 1.921402e+00, |g| = 3.179423e-04
iteration 176, E = -231.810988, |x| = 1.968989e+00, |g| = 3.018764e-04
iteration 177, E = -231.810988, |x| = 1.985937e+00, |g| = 3.675957e-04
iteration 178, E = -231.810989, |x| = 2.004209e+00, |g| = 2.380521e-04
iteration 179, E = -231.810989, |x| = 2.004669e+00, |g| = 6.072176e-04
iteration 180, E = -231.810989, |x| = 2.011517e+00, |g| = 5.834961e-04
iteration 181, E = -231.810989, |x| = 2.018736e+00, |g| = 5.562248e-04
iteration 182, E = -231.810990, |x| = 2.033646e+00, |g| = 5.538464e-04
iteration 183, E = -231.810991, |x| = 2.055349e+00, |g| = 5.900881e-04
iteration 184, E = -231.810992, |x| = 2.092906e+00, |g| = 8.002893e-04
iteration 185, E = -231.810994, |x| = 2.118259e+00, |g| = 1.291446e-03
iteration 186, E = -231.810995, |x| = 2.144246e+00, |g| = 1.078233e-03
iteration 187, E = -231.810996, |x| = 2.133177e+00, |g| = 1.081262e-03
iteration 188, E = -231.810998, |x| = 2.091906e+00, |g| = 5.467662e-04
iteration 189, E = -231.810999, |x| = 2.053125e+00, |g| = 6.697234e-04
iteration 190, E = -231.810999, |x| = 2.013862e+00, |g| = 7.600765e-04
iteration 191, E = -231.811000, |x| = 2.003732e+00, |g| = 5.652126e-04
iteration 192, E = -231.811000, |x| = 1.995806e+00, |g| = 4.683833e-04
iteration 193, E = -231.811000, |x| = 2.000095e+00, |g| = 2.678986e-04
iteration 194, E = -231.811000, |x| = 1.989378e+00, |g| = 1.422823e-04
iteration 195, E = -231.811000, |x| = 1.975310e+00, |g| = 1.854343e-04
iteration 196, E = -231.811000, |x| = 1.966563e+00, |g| = 3.343077e-04
iteration 197, E = -231.811000, |x| = 1.959277e+00, |g| = 3.384402e-04
iteration 198, E = -231.811000, |x| = 1.950153e+00, |g| = 3.634351e-04
iteration 199, E = -231.811000, |x| = 1.933371e+00, |g| = 3.812946e-04
iteration 200, E = -231.811001, |x| = 1.905140e+00, |g| = 4.590730e-04
iteration 201, E = -231.811001, |x| = 1.851491e+00, |g| = 5.600252e-04
iteration 202, E = -231.811001, |x| = 1.813673e+00, |g| = 1.056471e-03
iteration 203, E = -231.811002, |x| = 1.792597e+00, |g| = 7.678047e-04
iteration 204, E = -231.811002, |x| = 1.806000e+00, |g| = 5.740849e-04
iteration 205, E = -231.811002, |x| = 1.765558e+00, |g| = 1.003944e-03
iteration 206, E = -231.811002, |x| = 1.775357e+00, |g| = 3.152114e-04
iteration 207, E = -231.811002, |x| = 1.775613e+00, |g| = 2.621064e-04
iteration 208, E = -231.811002, |x| = 1.761670e+00, |g| = 4.614881e-04
iteration 209, E = -231.811003, |x| = 1.756470e+00, |g| = 3.481983e-04
iteration 210, E = -231.811003, |x| = 1.744846e+00, |g| = 3.345491e-04
iteration 211, E = -231.811003, |x| = 1.721387e+00, |g| = 3.646007e-04
iteration 212, E = -231.811003, |x| = 1.686112e+00, |g| = 4.987916e-04
iteration 213, E = -231.811004, |x| = 1.628591e+00, |g| = 7.250647e-04
iteration 214, E = -231.811005, |x| = 1.568890e+00, |g| = 9.193215e-04
iteration 215, E = -231.811006, |x| = 1.531481e+00, |g| = 9.862717e-04
iteration 216, E = -231.811007, |x| = 1.507282e+00, |g| = 1.070591e-03
iteration 217, E = -231.811008, |x| = 1.447221e+00, |g| = 1.229548e-03
iteration 218, E = -231.811009, |x| = 1.416584e+00, |g| = 9.575936e-04
iteration 219, E = -231.811010, |x| = 1.363382e+00, |g| = 7.993908e-04
iteration 220, E = -231.811011, |x| = 1.366993e+00, |g| = 1.015334e-03
iteration 221, E = -231.811012, |x| = 1.351609e+00, |g| = 1.015981e-03
iteration 222, E = -231.811013, |x| = 1.344667e+00, |g| = 1.097070e-03
iteration 223, E = -231.811015, |x| = 1.379116e+00, |g| = 8.541705e-04
iteration 224, E = -231.811016, |x| = 1.428218e+00, |g| = 1.281881e-03
iteration 225, E = -231.811018, |x| = 1.466717e+00, |g| = 1.066169e-03
iteration 226, E = -231.811019, |x| = 1.500134e+00, |g| = 1.146054e-03
iteration 227, E = -231.811020, |x| = 1.533204e+00, |g| = 1.439627e-03
iteration 228, E = -231.811022, |x| = 1.569302e+00, |g| = 1.663692e-03
iteration 229, E = -231.811026, |x| = 1.604421e+00, |g| = 2.469451e-03
iteration 230, E = -231.811028, |x| = 1.612990e+00, |g| = 3.009330e-03
iteration 231, E = -231.811031, |x| = 1.616140e+00, |g| = 2.581658e-03
iteration 232, E = -231.811034, |x| = 1.570884e+00, |g| = 1.828433e-03
iteration 233, E = -231.811037, |x| = 1.511452e+00, |g| = 1.143031e-03
iteration 234, E = -231.811037, |x| = 1.528548e+00, |g| = 1.839324e-03
iteration 235, E = -231.811038, |x| = 1.542517e+00, |g| = 1.230463e-03
iteration 236, E = -231.811038, |x| = 1.571404e+00, |g| = 6.739585e-04
iteration 237, E = -231.811039, |x| = 1.600026e+00, |g| = 3.884090e-04
iteration 238, E = -231.811039, |x| = 1.651470e+00, |g| = 6.666810e-04
iteration 239, E = -231.811040, |x| = 1.745730e+00, |g| = 8.012749e-04
iteration 240, E = -231.811041, |x| = 1.784241e+00, |g| = 8.522538e-04
iteration 241, E = -231.811041, |x| = 1.802159e+00, |g| = 6.585816e-04
iteration 242, E = -231.811041, |x| = 1.830702e+00, |g| = 5.149019e-04
iteration 243, E = -231.811042, |x| = 1.874728e+00, |g| = 8.340181e-04
iteration 244, E = -231.811042, |x| = 1.900453e+00, |g| = 7.989051e-04
iteration 245, E = -231.811043, |x| = 1.938696e+00, |g| = 8.605043e-04
iteration 246, E = -231.811043, |x| = 1.979644e+00, |g| = 8.167488e-04
iteration 247, E = -231.811044, |x| = 2.040546e+00, |g| = 1.405450e-03
iteration 248, E = -231.811044, |x| = 2.038147e+00, |g| = 1.124613e-03
iteration 249, E = -231.811044, |x| = 2.052405e+00, |g| = 4.646537e-04
iteration 250, E = -231.811045, |x| = 2.068869e+00, |g| = 6.465166e-04
iteration 251, E = -231.811045, |x| = 2.085671e+00, |g| = 6.669583e-04
iteration 252, E = -231.811045, |x| = 2.079366e+00, |g| = 7.579631e-04
iteration 253, E = -231.811046, |x| = 2.096924e+00, |g| = 8.669376e-04
iteration 254, E = -231.811046, |x| = 2.087404e+00, |g| = 5.318420e-04
iteration 255, E = -231.811046, |x| = 2.089351e+00, |g| = 4.113686e-04
iteration 256, E = -231.811046, |x| = 2.094832e+00, |g| = 3.343243e-04
iteration 257, E = -231.811046, |x| = 2.107923e+00, |g| = 3.546251e-04
iteration 258, E = -231.811046, |x| = 2.124798e+00, |g| = 4.445115e-04
iteration 259, E = -231.811046, |x| = 2.148825e+00, |g| = 5.062758e-04
iteration 260, E = -231.811047, |x| = 2.183120e+00, |g| = 6.523534e-04
iteration 261, E = -231.811047, |x| = 2.228811e+00, |g| = 6.713793e-04
iteration 262, E = -231.811047, |x| = 2.287590e+00, |g| = 8.477148e-04
iteration 263, E = -231.811048, |x| = 2.317081e+00, |g| = 6.173870e-04
iteration 264, E = -231.811048, |x| = 2.340408e+00, |g| = 5.960565e-04
iteration 265, E = -231.811048, |x| = 2.346762e+00, |g| = 3.468908e-04
iteration 266, E = -231.811048, |x| = 2.334498e+00, |g| = 3.338905e-04
iteration 267, E = -231.811048, |x| = 2.344818e+00, |g| = 2.938741e-04
iteration 268, E = -231.811048, |x| = 2.350175e+00, |g| = 2.094177e-04
iteration 269, E = -231.811048, |x| = 2.361802e+00, |g| = 1.648689e-04
iteration 270, E = -231.811048, |x| = 2.378388e+00, |g| = 2.223342e-04
iteration 271, E = -231.811048, |x| = 2.404171e+00, |g| = 1.719158e-04
iteration 272, E = -231.811049, |x| = 2.413407e+00, |g| = 4.035512e-04
iteration 273, E = -231.811049, |x| = 2.429033e+00, |g| = 3.266110e-04
iteration 274, E = -231.811049, |x| = 2.435602e+00, |g| = 3.502752e-04
iteration 275, E = -231.811049, |x| = 2.442127e+00, |g| = 3.999007e-04
iteration 276, E = -231.811049, |x| = 2.449176e+00, |g| = 4.553866e-04
iteration 277, E = -231.811049, |x| = 2.458302e+00, |g| = 5.112319e-04
iteration 278, E = -231.811050, |x| = 2.460504e+00, |g| = 6.797541e-04
iteration 279, E = -231.811050, |x| = 2.482110e+00, |g| = 7.008509e-04
iteration 280, E = -231.811051, |x| = 2.444638e+00, |g| = 1.191718e-03
iteration 281, E = -231.811051, |x| = 2.445060e+00, |g| = 9.607506e-04
iteration 282, E = -231.811052, |x| = 2.436881e+00, |g| = 8.809226e-04
iteration 283, E = -231.811053, |x| = 2.402787e+00, |g| = 1.068501e-03
iteration 284, E = -231.811053, |x| = 2.399936e+00, |g| = 6.269649e-04
iteration 285, E = -231.811054, |x| = 2.394543e+00, |g| = 6.144779e-04
iteration 286, E = -231.811054, |x| = 2.376778e+00, |g| = 5.656912e-04
iteration 287, E = -231.811055, |x| = 2.356224e+00, |g| = 8.408784e-04
iteration 288, E = -231.811056, |x| = 2.342581e+00, |g| = 1.121402e-03
iteration 289, E = -231.811057, |x| = 2.316663e+00, |g| = 1.002401e-03
iteration 290, E = -231.811057, |x| = 2.327051e+00, |g| = 4.100732e-04
iteration 291, E = -231.811057, |x| = 2.322762e+00, |g| = 2.536395e-04
iteration 292, E = -231.811058, |x| = 2.316408e+00, |g| = 2.301159e-04
iteration 293, E = -231.811058, |x| = 2.307499e+00, |g| = 1.939223e-04
iteration 294, E = -231.811058, |x| = 2.295895e+00, |g| = 1.248309e-04
iteration 295, E = -231.811058, |x| = 2.283816e+00, |g| = 1.127155e-04
iteration 296, E = -231.811058, |x| = 2.270913e+00, |g| = 1.260067e-04
iteration 297, E = -231.811058, |x| = 2.261548e+00, |g| = 1.134123e-04
iteration 298, E = -231.811058, |x| = 2.253013e+00, |g| = 9.525477e-05
iteration 299, E = -231.811058, |x| = 2.245798e+00, |g| = 1.095513e-04
iteration 300, E = -231.811058, |x| = 2.236204e+00, |g| = 1.640154e-04
iteration 301, E = -231.811058, |x| = 2.226741e+00, |g| = 2.541422e-04
iteration 302, E = -231.811058, |x| = 2.212701e+00, |g| = 3.386282e-04
iteration 303, E = -231.811058, |x| = 2.199112e+00, |g| = 4.920979e-04
iteration 304, E = -231.811058, |x| = 2.175168e+00, |g| = 5.831028e-04
iteration 305, E = -231.811059, |x| = 2.176350e+00, |g| = 1.045784e-03
iteration 306, E = -231.811059, |x| = 2.166315e+00, |g| = 8.876975e-04
iteration 307, E = -231.811060, |x| = 2.177375e+00, |g| = 6.085682e-04
iteration 308, E = -231.811060, |x| = 2.167975e+00, |g| = 5.773763e-04
iteration 309, E = -231.811060, |x| = 2.199107e+00, |g| = 8.456660e-04
iteration 310, E = -231.811060, |x| = 2.191660e+00, |g| = 6.052538e-04
iteration 311, E = -231.811061, |x| = 2.185502e+00, |g| = 4.158156e-04
iteration 312, E = -231.811061, |x| = 2.208091e+00, |g| = 5.902645e-04
iteration 313, E = -231.811061, |x| = 2.230648e+00, |g| = 5.662360e-04
iteration 314, E = -231.811061, |x| = 2.253007e+00, |g| = 4.369660e-04
iteration 315, E = -231.811061, |x| = 2.280637e+00, |g| = 6.376744e-04
iteration 316, E = -231.811061, |x| = 2.287096e+00, |g| = 3.343350e-04
iteration 317, E = -231.811061, |x| = 2.287499e+00, |g| = 1.109364e-04
iteration 318, E = -231.811061, |x| = 2.296657e+00, |g| = 1.246520e-04
iteration 319, E = -231.811061, |x| = 2.303670e+00, |g| = 1.010302e-04
iteration 320, E = -231.811061, |x| = 2.309178e+00, |g| = 8.981449e-05
iteration 321, E = -231.811061, |x| = 2.316700e+00, |g| = 8.106474e-05
iteration 322, E = -231.811062, |x| = 2.316871e+00, |g| = 1.222931e-04
iteration 323, E = -231.811062, |x| = 2.317495e+00, |g| = 1.500077e-04
iteration 324, E = -231.811062, |x| = 2.317224e+00, |g| = 1.773345e-04
iteration 325, E = -231.811062, |x| = 2.315646e+00, |g| = 2.082161e-04
iteration 326, E = -231.811062, |x| = 2.311815e+00, |g| = 2.405618e-04
iteration 327, E = -231.811062, |x| = 2.303613e+00, |g| = 2.685852e-04
iteration 328, E = -231.811062, |x| = 2.287060e+00, |g| = 2.767519e-04
iteration 329, E = -231.811062, |x| = 2.266257e+00, |g| = 2.270431e-04
iteration 330, E = -231.811062, |x| = 2.251730e+00, |g| = 1.822236e-04
iteration 331, E = -231.811062, |x| = 2.247658e+00, |g| = 2.030893e-04
iteration 332, E = -231.811062, |x| = 2.250585e+00, |g| = 1.698608e-04
iteration 333, E = -231.811062, |x| = 2.251834e+00, |g| = 1.372195e-04
iteration 334, E = -231.811062, |x| = 2.252989e+00, |g| = 1.214370e-04
iteration 335, E = -231.811062, |x| = 2.248690e+00, |g| = 1.615211e-04
iteration 336, E = -231.811062, |x| = 2.243104e+00, |g| = 2.386671e-04
iteration 337, E = -231.811062, |x| = 2.230567e+00, |g| = 4.391477e-04
iteration 338, E = -231.811062, |x| = 2.235607e+00, |g| = 2.551000e-04
iteration 339, E = -231.811062, |x| = 2.223486e+00, |g| = 2.080761e-04
iteration 340, E = -231.811063, |x| = 2.201149e+00, |g| = 3.158435e-04
iteration 341, E = -231.811063, |x| = 2.189215e+00, |g| = 1.504837e-04
iteration 342, E = -231.811063, |x| = 2.183815e+00, |g| = 1.809088e-04
iteration 343, E = -231.811063, |x| = 2.182445e+00, |g| = 2.487459e-04
iteration 344, E = -231.811063, |x| = 2.184484e+00, |g| = 1.915427e-04
iteration 345, E = -231.811063, |x| = 2.179037e+00, |g| = 3.435067e-04
iteration 346, E = -231.811063, |x| = 2.180562e+00, |g| = 1.535006e-04
iteration 347, E = -231.811063, |x| = 2.172500e+00, |g| = 2.425253e-04
iteration 348, E = -231.811063, |x| = 2.163540e+00, |g| = 2.033982e-04
iteration 349, E = -231.811063, |x| = 2.160573e+00, |g| = 1.114009e-04
iteration 350, E = -231.811063, |x| = 2.151497e+00, |g| = 2.460498e-04
iteration 351, E = -231.811063, |x| = 2.148684e+00, |g| = 1.976144e-04
iteration 352, E = -231.811063, |x| = 2.147566e+00, |g| = 1.063098e-04
iteration 353, E = -231.811063, |x| = 2.144045e+00, |g| = 1.633070e-04
iteration 354, E = -231.811063, |x| = 2.139326e+00, |g| = 1.728101e-04
iteration 355, E = -231.811063, |x| = 2.131555e+00, |g| = 1.267261e-04
iteration 356, E = -231.811063, |x| = 2.123249e+00, |g| = 2.048764e-04
iteration 357, E = -231.811063, |x| = 2.113628e+00, |g| = 1.437275e-04
iteration 358, E = -231.811063, |x| = 2.103750e+00, |g| = 1.973033e-04
iteration 359, E = -231.811063, |x| = 2.091337e+00, |g| = 1.365833e-04
iteration 360, E = -231.811063, |x| = 2.075990e+00, |g| = 2.194016e-04
iteration 361, E = -231.811063, |x| = 2.063852e+00, |g| = 9.850370e-05
iteration 362, E = -231.811063, |x| = 2.055591e+00, |g| = 1.060411e-04
iteration 363, E = -231.811063, |x| = 2.044313e+00, |g| = 3.076694e-04
iteration 364, E = -231.811063, |x| = 2.046415e+00, |g| = 1.937960e-04
iteration 365, E = -231.811063, |x| = 2.046900e+00, |g| = 9.361529e-05
iteration 366, E = -231.811063, |x| = 2.043957e+00, |g| = 5.920784e-05
iteration 367, E = -231.811063, |x| = 2.042335e+00, |g| = 9.958877e-05
iteration 368, E = -231.811063, |x| = 2.042698e+00, |g| = 4.259964e-05
iteration 369, E = -231.811063, |x| = 2.042080e+00, |g| = 7.279472e-05
iteration 370, E = -231.811063, |x| = 2.043703e+00, |g| = 1.020110e-04
iteration 371, E = -231.811063, |x| = 2.043792e+00, |g| = 5.871817e-05
iteration 372, E = -231.811063, |x| = 2.042687e+00, |g| = 4.611678e-05
iteration 373, E = -231.811063, |x| = 2.041164e+00, |g| = 7.501479e-05
iteration 374, E = -231.811063, |x| = 2.035427e+00, |g| = 1.017292e-04
iteration 375, E = -231.811063, |x| = 2.027274e+00, |g| = 1.142004e-04
iteration 376, E = -231.811063, |x| = 2.012832e+00, |g| = 1.471157e-04
iteration 377, E = -231.811063, |x| = 1.986563e+00, |g| = 1.580252e-04
iteration 378, E = -231.811063, |x| = 1.977175e+00, |g| = 1.190019e-04
iteration 379, E = -231.811063, |x| = 1.968383e+00, |g| = 1.516261e-04
iteration 380, E = -231.811063, |x| = 1.958560e+00, |g| = 1.863556e-04
iteration 381, E = -231.811063, |x| = 1.947358e+00, |g| = 1.490171e-04
iteration 382, E = -231.811063, |x| = 1.938971e+00, |g| = 9.355613e-05
iteration 383, E = -231.811063, |x| = 1.937427e+00, |g| = 1.190885e-04
iteration 384, E = -231.811064, |x| = 1.925987e+00, |g| = 1.140065e-04
iteration 385, E = -231.811064, |x| = 1.933121e+00, |g| = 1.779048e-04
iteration 386, E = -231.811064, |x| = 1.925812e+00, |g| = 1.318360e-04
iteration 387, E = -231.811064, |x| = 1.927689e+00, |g| = 1.989313e-04
iteration 388, E = -231.811064, |x| = 1.922660e+00, |g| = 1.536297e-04
iteration 389, E = -231.811064, |x| = 1.915658e+00, |g| = 1.889229e-04
iteration 390, E = -231.811064, |x| = 1.909464e+00, |g| = 1.812897e-04
iteration 391, E = -231.811064, |x| = 1.899191e+00, |g| = 1.528211e-04
iteration 392, E = -231.811064, |x| = 1.909708e+00, |g| = 1.917481e-04
iteration 393, E = -231.811064, |x| = 1.909554e+00, |g| = 1.272313e-04
iteration 394, E = -231.811064, |x| = 1.908747e+00, |g| = 6.563123e-05
iteration 395, E = -231.811064, |x| = 1.915747e+00, |g| = 7.407633e-05
iteration 396, E = -231.811064, |x| = 1.918444e+00, |g| = 4.688242e-05
iteration 397, E = -231.811064, |x| = 1.920924e+00, |g| = 5.192518e-05
iteration 398, E = -231.811064, |x| = 1.923232e+00, |g| = 4.638341e-05
iteration 399, E = -231.811064, |x| = 1.924786e+00, |g| = 4.342040e-05
iteration 400, E = -231.811064, |x| = 1.927453e+00, |g| = 5.049031e-05
iteration 401, E = -231.811064, |x| = 1.932272e+00, |g| = 6.808508e-05
iteration 402, E = -231.811064, |x| = 1.941065e+00, |g| = 9.611469e-05
iteration 403, E = -231.811064, |x| = 1.953841e+00, |g| = 1.543258e-04
iteration 404, E = -231.811064, |x| = 1.965758e+00, |g| = 1.777196e-04
iteration 405, E = -231.811064, |x| = 1.970939e+00, |g| = 2.044210e-04
iteration 406, E = -231.811064, |x| = 1.971386e+00, |g| = 1.289642e-04
iteration 407, E = -231.811064, |x| = 1.968727e+00, |g| = 5.269354e-05
iteration 408, E = -231.811064, |x| = 1.966983e+00, |g| = 4.291557e-05
iteration 409, E = -231.811064, |x| = 1.966785e+00, |g| = 4.035576e-05
iteration 410, E = -231.811064, |x| = 1.968200e+00, |g| = 4.611606e-05
iteration 411, E = -231.811064, |x| = 1.971363e+00, |g| = 4.904743e-05
iteration 412, E = -231.811064, |x| = 1.975683e+00, |g| = 4.585474e-05
iteration 413, E = -231.811064, |x| = 1.978769e+00, |g| = 3.738874e-05
iteration 414, E = -231.811064, |x| = 1.980960e+00, |g| = 3.346385e-05
iteration 415, E = -231.811064, |x| = 1.982482e+00, |g| = 4.432070e-05
iteration 416, E = -231.811064, |x| = 1.984155e+00, |g| = 6.246998e-05
iteration 417, E = -231.811064, |x| = 1.985993e+00, |g| = 8.955939e-05
iteration 418, E = -231.811064, |x| = 1.989001e+00, |g| = 1.136971e-04
iteration 419, E = -231.811064, |x| = 1.992758e+00, |g| = 1.478533e-04
iteration 420, E = -231.811064, |x| = 1.999388e+00, |g| = 1.643431e-04
iteration 421, E = -231.811064, |x| = 2.000550e+00, |g| = 2.515300e-04
iteration 422, E = -231.811064, |x| = 2.006125e+00, |g| = 1.708323e-04
iteration 423, E = -231.811064, |x| = 2.011617e+00, |g| = 7.506383e-05
iteration 424, E = -231.811064, |x| = 2.009956e+00, |g| = 7.470787e-05
iteration 425, E = -231.811064, |x| = 2.002565e+00, |g| = 1.844168e-04
iteration 426, E = -231.811064, |x| = 2.007088e+00, |g| = 1.159212e-04
iteration 427, E = -231.811064, |x| = 2.007617e+00, |g| = 4.694392e-05
iteration 428, E = -231.811064, |x| = 2.007354e+00, |g| = 6.673315e-05
iteration 429, E = -231.811064, |x| = 2.007195e+00, |g| = 9.736307e-05
iteration 430, E = -231.811064, |x| = 2.001242e+00, |g| = 9.459835e-05
iteration 431, E = -231.811064, |x| = 1.999627e+00, |g| = 1.979262e-04
iteration 432, E = -231.811064, |x| = 2.002605e+00, |g| = 1.049233e-04
iteration 433, E = -231.811064, |x| = 2.004293e+00, |g| = 5.561179e-05
iteration 434, E = -231.811064, |x| = 2.007557e+00, |g| = 1.332535e-04
iteration 435, E = -231.811064, |x| = 2.008251e+00, |g| = 9.202301e-05
iteration 436, E = -231.811064, |x| = 2.006976e+00, |g| = 6.685391e-05
iteration 437, E = -231.811064, |x| = 2.007496e+00, |g| = 7.990948e-05
iteration 438, E = -231.811064, |x| = 2.008962e+00, |g| = 1.101559e-04
iteration 439, E = -231.811064, |x| = 2.009656e+00, |g| = 9.089890e-05
iteration 440, E = -231.811064, |x| = 2.015935e+00, |g| = 5.907084e-05
iteration 441, E = -231.811064, |x| = 2.020137e+00, |g| = 6.527507e-05
iteration 442, E = -231.811064, |x| = 2.022231e+00, |g| = 8.182726e-05
iteration 443, E = -231.811064, |x| = 2.029084e+00, |g| = 7.804624e-05
iteration 444, E = -231.811064, |x| = 2.031306e+00, |g| = 5.205966e-05
iteration 445, E = -231.811064, |x| = 2.037931e+00, |g| = 6.334783e-05
iteration 446, E = -231.811064, |x| = 2.047084e+00, |g| = 9.656632e-05
iteration 447, E = -231.811064, |x| = 2.053783e+00, |g| = 2.501463e-04
iteration 448, E = -231.811064, |x| = 2.062540e+00, |g| = 2.430941e-04
iteration 449, E = -231.811064, |x| = 2.065234e+00, |g| = 1.058343e-04
iteration 450, E = -231.811064, |x| = 2.064772e+00, |g| = 5.989883e-05
iteration 451, E = -231.811064, |x| = 2.071798e+00, |g| = 1.083005e-04
iteration 452, E = -231.811064, |x| = 2.080227e+00, |g| = 1.278500e-04
iteration 453, E = -231.811064, |x| = 2.081018e+00, |g| = 1.166973e-04
iteration 454, E = -231.811064, |x| = 2.086345e+00, |g| = 1.434959e-04
iteration 455, E = -231.811064, |x| = 2.090391e+00, |g| = 7.214284e-05
iteration 456, E = -231.811065, |x| = 2.093269e+00, |g| = 4.313388e-05
iteration 457, E = -231.811065, |x| = 2.095810e+00, |g| = 5.964712e-05
iteration 458, E = -231.811065, |x| = 2.097519e+00, |g| = 5.377464e-05
iteration 459, E = -231.811065, |x| = 2.098628e+00, |g| = 3.786158e-05
iteration 460, E = -231.811065, |x| = 2.099286e+00, |g| = 4.827422e-05
iteration 461, E = -231.811065, |x| = 2.098781e+00, |g| = 4.247208e-05
iteration 462, E = -231.811065, |x| = 2.099412e+00, |g| = 2.343368e-05
iteration 463, E = -231.811065, |x| = 2.099005e+00, |g| = 2.317571e-05
iteration 464, E = -231.811065, |x| = 2.098108e+00, |g| = 2.084152e-05
iteration 465, E = -231.811065, |x| = 2.098051e+00, |g| = 1.819195e-05
iteration 466, E = -231.811065, |x| = 2.098056e+00, |g| = 1.726460e-05
iteration 467, E = -231.811065, |x| = 2.098008e+00, |g| = 1.625743e-05
iteration 468, E = -231.811065, |x| = 2.097860e+00, |g| = 1.644654e-05
iteration 469, E = -231.811065, |x| = 2.097440e+00, |g| = 1.730222e-05
iteration 470, E = -231.811065, |x| = 2.096568e+00, |g| = 1.960972e-05
iteration 471, E = -231.811065, |x| = 2.094670e+00, |g| = 2.413703e-05
iteration 472, E = -231.811065, |x| = 2.090947e+00, |g| = 3.038674e-05
iteration 473, E = -231.811065, |x| = 2.088125e+00, |g| = 2.498027e-05
iteration 474, E = -231.811065, |x| = 2.084737e+00, |g| = 1.125084e-05
iteration 475, E = -231.811065, |x| = 2.083483e+00, |g| = 1.551736e-05
iteration 476, E = -231.811065, |x| = 2.083149e+00, |g| = 1.994730e-05
iteration 477, E = -231.811065, |x| = 2.082894e+00, |g| = 2.439971e-05
iteration 478, E = -231.811065, |x| = 2.082927e+00, |g| = 2.962375e-05
iteration 479, E = -231.811065, |x| = 2.082910e+00, |g| = 3.675968e-05
iteration 480, E = -231.811065, |x| = 2.082908e+00, |g| = 4.773112e-05
iteration 481, E = -231.811065, |x| = 2.082513e+00, |g| = 6.370733e-05
iteration 482, E = -231.811065, |x| = 2.081239e+00, |g| = 8.644754e-05
iteration 483, E = -231.811065, |x| = 2.077843e+00, |g| = 1.127878e-04
iteration 484, E = -231.811065, |x| = 2.074037e+00, |g| = 1.708858e-04
iteration 485, E = -231.811065, |x| = 2.069613e+00, |g| = 1.822708e-04
iteration 486, E = -231.811065, |x| = 2.068724e+00, |g| = 1.879887e-04
iteration 487, E = -231.811065, |x| = 2.068480e+00, |g| = 1.842797e-04
iteration 488, E = -231.811065, |x| = 2.067382e+00, |g| = 1.795521e-04
iteration 489, E = -231.811065, |x| = 2.072844e+00, |g| = 2.962161e-04
iteration 490, E = -231.811065, |x| = 2.072399e+00, |g| = 3.303421e-04
iteration 491, E = -231.811065, |x| = 2.075880e+00, |g| = 1.434976e-04
iteration 492, E = -231.811065, |x| = 2.074593e+00, |g| = 2.304762e-04
iteration 493, E = -231.811065, |x| = 2.072056e+00, |g| = 1.483220e-04
iteration 494, E = -231.811065, |x| = 2.072342e+00, |g| = 1.494090e-04
iteration 495, E = -231.811065, |x| = 2.075198e+00, |g| = 2.063143e-04
iteration 496, E = -231.811065, |x| = 2.079114e+00, |g| = 2.568105e-04
iteration 497, E = -231.811065, |x| = 2.090087e+00, |g| = 2.069082e-04
iteration 498, E = -231.811065, |x| = 2.103234e+00, |g| = 1.918085e-04
iteration 499, E = -231.811065, |x| = 2.109450e+00, |g| = 2.208341e-04
iteration 500, E = -231.811065, |x| = 2.112231e+00, |g| = 2.087435e-04
iteration 501, E = -231.811065, |x| = 2.125972e+00, |g| = 2.962738e-04
iteration 502, E = -231.811065, |x| = 2.140088e+00, |g| = 2.748183e-04
iteration 503, E = -231.811065, |x| = 2.152868e+00, |g| = 2.717260e-04
iteration 504, E = -231.811066, |x| = 2.167889e+00, |g| = 2.671947e-04
iteration 505, E = -231.811066, |x| = 2.185186e+00, |g| = 2.174682e-04
iteration 506, E = -231.811066, |x| = 2.189621e+00, |g| = 4.639899e-04
iteration 507, E = -231.811066, |x| = 2.195703e+00, |g| = 1.811522e-04
iteration 508, E = -231.811066, |x| = 2.205009e+00, |g| = 1.238677e-04
iteration 509, E = -231.811066, |x| = 2.217317e+00, |g| = 2.912712e-04
iteration 510, E = -231.811066, |x| = 2.231018e+00, |g| = 1.789462e-04
iteration 511, E = -231.811066, |x| = 2.228337e+00, |g| = 1.655313e-04
iteration 512, E = -231.811066, |x| = 2.229392e+00, |g| = 1.549802e-04
iteration 513, E = -231.811066, |x| = 2.229275e+00, |g| = 9.076784e-05
iteration 514, E = -231.811066, |x| = 2.231282e+00, |g| = 9.954910e-05
iteration 515, E = -231.811066, |x| = 2.234186e+00, |g| = 1.300460e-04
iteration 516, E = -231.811066, |x| = 2.235266e+00, |g| = 1.377692e-04
iteration 517, E = -231.811066, |x| = 2.233678e+00, |g| = 1.629265e-04
iteration 518, E = -231.811066, |x| = 2.233727e+00, |g| = 8.138450e-05
iteration 519, E = -231.811066, |x| = 2.230013e+00, |g| = 4.627111e-05
iteration 520, E = -231.811066, |x| = 2.231544e+00, |g| = 5.243366e-05
iteration 521, E = -231.811066, |x| = 2.234907e+00, |g| = 6.946210e-05
iteration 522, E = -231.811066, |x| = 2.236106e+00, |g| = 3.677864e-05
iteration 523, E = -231.811066, |x| = 2.238401e+00, |g| = 3.931149e-05
iteration 524, E = -231.811066, |x| = 2.239059e+00, |g| = 4.361818e-05
iteration 525, E = -231.811066, |x| = 2.239539e+00, |g| = 2.695230e-05
iteration 526, E = -231.811066, |x| = 2.239551e+00, |g| = 2.365913e-05
iteration 527, E = -231.811066, |x| = 2.239177e+00, |g| = 1.889524e-05
iteration 528, E = -231.811066, |x| = 2.239212e+00, |g| = 1.402778e-05
iteration 529, E = -231.811066, |x| = 2.239173e+00, |g| = 1.270802e-05
iteration 530, E = -231.811066, |x| = 2.239309e+00, |g| = 1.886740e-05
iteration 531, E = -231.811066, |x| = 2.239475e+00, |g| = 2.843722e-05
iteration 532, E = -231.811066, |x| = 2.239789e+00, |g| = 3.997078e-05
iteration 533, E = -231.811066, |x| = 2.240266e+00, |g| = 5.511001e-05
iteration 534, E = -231.811066, |x| = 2.241097e+00, |g| = 7.574310e-05
iteration 535, E = -231.811066, |x| = 2.242426e+00, |g| = 1.049163e-04
iteration 536, E = -231.811066, |x| = 2.244610e+00, |g| = 1.459127e-04
iteration 537, E = -231.811066, |x| = 2.247641e+00, |g| = 2.025399e-04
iteration 538, E = -231.811066, |x| = 2.250961e+00, |g| = 2.756949e-04
iteration 539, E = -231.811066, |x| = 2.252279e+00, |g| = 3.388135e-04
iteration 540, E = -231.811066, |x| = 2.253637e+00, |g| = 4.532344e-04
iteration 541, E = -231.811066, |x| = 2.251829e+00, |g| = 4.073878e-04
iteration 542, E = -231.811066, |x| = 2.251108e+00, |g| = 2.840064e-04
iteration 543, E = -231.811066, |x| = 2.249341e+00, |g| = 1.551076e-04
iteration 544, E = -231.811066, |x| = 2.256991e+00, |g| = 3.459877e-04
iteration 545, E = -231.811066, |x| = 2.260403e+00, |g| = 1.559710e-04
iteration 546, E = -231.811066, |x| = 2.261596e+00, |g| = 9.909506e-05
iteration 547, E = -231.811067, |x| = 2.265127e+00, |g| = 1.312105e-04
iteration 548, E = -231.811067, |x| = 2.271330e+00, |g| = 1.986423e-04
iteration 549, E = -231.811067, |x| = 2.279036e+00, |g| = 1.431225e-04
iteration 550, E = -231.811067, |x| = 2.285558e+00, |g| = 1.101403e-04
iteration 551, E = -231.811067, |x| = 2.295289e+00, |g| = 9.285061e-05
iteration 552, E = -231.811067, |x| = 2.298781e+00, |g| = 8.275207e-05
iteration 553, E = -231.811067, |x| = 2.301538e+00, |g| = 8.044353e-05
iteration 554, E = -231.811067, |x| = 2.303415e+00, |g| = 6.303113e-05
iteration 555, E = -231.811067, |x| = 2.306741e+00, |g| = 3.676575e-05
iteration 556, E = -231.811067, |x| = 2.311352e+00, |g| = 8.159279e-05
iteration 557, E = -231.811067, |x| = 2.316839e+00, |g| = 9.483466e-05
iteration 558, E = -231.811067, |x| = 2.320785e+00, |g| = 1.499403e-04
iteration 559, E = -231.811067, |x| = 2.327178e+00, |g| = 1.467833e-04
iteration 560, E = -231.811067, |x| = 2.331831e+00, |g| = 1.421820e-04
iteration 561, E = -231.811067, |x| = 2.335613e+00, |g| = 8.127648e-05
iteration 562, E = -231.811067, |x| = 2.337749e+00, |g| = 4.407263e-05
iteration 563, E = -231.811067, |x| = 2.340312e+00, |g| = 4.032638e-05
iteration 564, E = -231.811067, |x| = 2.340465e+00, |g| = 1.295843e-05
iteration 565, E = -231.811067, |x| = 2.341161e+00, |g| = 1.681515e-05
iteration 566, E = -231.811067, |x| = 2.341939e+00, |g| = 1.566777e-05
iteration 567, E = -231.811067, |x| = 2.343069e+00, |g| = 1.552564e-05
iteration 568, E = -231.811067, |x| = 2.344091e+00, |g| = 1.364942e-05
iteration 569, E = -231.811067, |x| = 2.344718e+00, |g| = 9.150967e-06
iteration 570, E = -231.811067, |x| = 2.345263e+00, |g| = 8.027076e-06
iteration 571, E = -231.811067, |x| = 2.345177e+00, |g| = 1.064565e-05
iteration 572, E = -231.811067, |x| = 2.345063e+00, |g| = 1.413675e-05
iteration 573, E = -231.811067, |x| = 2.344713e+00, |g| = 1.892573e-05
iteration 574, E = -231.811067, |x| = 2.344090e+00, |g| = 2.495505e-05
iteration 575, E = -231.811067, |x| = 2.342867e+00, |g| = 3.309834e-05
iteration 576, E = -231.811067, |x| = 2.340767e+00, |g| = 4.233526e-05
iteration 577, E = -231.811067, |x| = 2.337153e+00, |g| = 5.124728e-05
iteration 578, E = -231.811067, |x| = 2.336333e+00, |g| = 3.909161e-05
iteration 579, E = -231.811067, |x| = 2.333613e+00, |g| = 5.030264e-05
iteration 580, E = -231.811067, |x| = 2.335050e+00, |g| = 6.001289e-05
iteration 581, E = -231.811067, |x| = 2.335083e+00, |g| = 5.398128e-05
iteration 582, E = -231.811067, |x| = 2.335734e+00, |g| = 7.054011e-05
iteration 583, E = -231.811067, |x| = 2.336616e+00, |g| = 9.013860e-05
iteration 584, E = -231.811067, |x| = 2.338372e+00, |g| = 1.195098e-04
iteration 585, E = -231.811067, |x| = 2.341211e+00, |g| = 1.716351e-04
iteration 586, E = -231.811067, |x| = 2.350586e+00, |g| = 2.139849e-04
iteration 587, E = -231.811067, |x| = 2.353677e+00, |g| = 3.168587e-04
iteration 588, E = -231.811067, |x| = 2.358218e+00, |g| = 2.457789e-04
iteration 589, E = -231.811067, |x| = 2.361555e+00, |g| = 1.789945e-04
iteration 590, E = -231.811067, |x| = 2.365216e+00, |g| = 7.309453e-05
iteration 591, E = -231.811067, |x| = 2.365261e+00, |g| = 1.445968e-04
iteration 592, E = -231.811067, |x| = 2.361337e+00, |g| = 1.776478e-04
iteration 593, E = -231.811067, |x| = 2.357290e+00, |g| = 1.056151e-04
iteration 594, E = -231.811067, |x| = 2.347152e+00, |g| = 2.193865e-04
iteration 595, E = -231.811067, |x| = 2.346626e+00, |g| = 9.039966e-05
iteration 596, E = -231.811067, |x| = 2.345136e+00, |g| = 1.102034e-04
iteration 597, E = -231.811067, |x| = 2.345135e+00, |g| = 9.233341e-05
iteration 598, E = -231.811067, |x| = 2.344622e+00, |g| = 8.617510e-05
iteration 599, E = -231.811067, |x| = 2.343536e+00, |g| = 5.613551e-05
iteration 600, E = -231.811067, |x| = 2.340985e+00, |g| = 1.095491e-04
iteration 601, E = -231.811067, |x| = 2.336456e+00, |g| = 1.594355e-04
iteration 602, E = -231.811067, |x| = 2.336939e+00, |g| = 1.018708e-04
iteration 603, E = -231.811067, |x| = 2.333581e+00, |g| = 9.109513e-05
iteration 604, E = -231.811067, |x| = 2.331402e+00, |g| = 3.101036e-05
iteration 605, E = -231.811067, |x| = 2.327557e+00, |g| = 6.549294e-05
iteration 606, E = -231.811067, |x| = 2.321577e+00, |g| = 7.989909e-05
iteration 607, E = -231.811067, |x| = 2.322143e+00, |g| = 2.360816e-05
iteration 608, E = -231.811067, |x| = 2.322079e+00, |g| = 1.806254e-05
iteration 609, E = -231.811067, |x| = 2.320696e+00, |g| = 1.297284e-05
iteration 610, E = -231.811067, |x| = 2.319879e+00, |g| = 1.647957e-05
iteration 611, E = -231.811067, |x| = 2.319210e+00, |g| = 1.910526e-05
iteration 612, E = -231.811067, |x| = 2.318658e+00, |g| = 2.314190e-05
iteration 613, E = -231.811067, |x| = 2.318105e+00, |g| = 2.782559e-05
iteration 614, E = -231.811067, |x| = 2.317836e+00, |g| = 3.553228e-05
iteration 615, E = -231.811067, |x| = 2.318309e+00, |g| = 4.096952e-05
iteration 616, E = -231.811067, |x| = 2.319397e+00, |g| = 3.442399e-05
iteration 617, E = -231.811067, |x| = 2.322031e+00, |g| = 2.716361e-05
iteration 618, E = -231.811067, |x| = 2.323762e+00, |g| = 1.836352e-05
iteration 619, E = -231.811067, |x| = 2.325022e+00, |g| = 2.252850e-05
iteration 620, E = -231.811067, |x| = 2.325391e+00, |g| = 2.024480e-05
iteration 621, E = -231.811067, |x| = 2.325305e+00, |g| = 2.902853e-05
iteration 622, E = -231.811067, |x| = 2.324252e+00, |g| = 4.066118e-05
iteration 623, E = -231.811067, |x| = 2.322604e+00, |g| = 5.744282e-05
iteration 624, E = -231.811067, |x| = 2.320435e+00, |g| = 7.314359e-05
iteration 625, E = -231.811067, |x| = 2.317738e+00, |g| = 8.656262e-05
iteration 626, E = -231.811067, |x| = 2.314162e+00, |g| = 9.787820e-05
iteration 627, E = -231.811067, |x| = 2.308768e+00, |g| = 1.181279e-04
iteration 628, E = -231.811067, |x| = 2.301834e+00, |g| = 1.765221e-04
iteration 629, E = -231.811067, |x| = 2.294779e+00, |g| = 2.549645e-04
iteration 630, E = -231.811067, |x| = 2.294516e+00, |g| = 3.282139e-04
iteration 631, E = -231.811067, |x| = 2.293762e+00, |g| = 3.225530e-04
iteration 632, E = -231.811067, |x| = 2.295767e+00, |g| = 3.884098e-04
iteration 633, E = -231.811067, |x| = 2.289437e+00, |g| = 3.048996e-04
iteration 634, E = -231.811067, |x| = 2.289140e+00, |g| = 1.226007e-04
iteration 635, E = -231.811067, |x| = 2.293730e+00, |g| = 2.292253e-04
iteration 636, E = -231.811067, |x| = 2.293930e+00, |g| = 1.967484e-04
iteration 637, E = -231.811067, |x| = 2.293280e+00, |g| = 1.447853e-04
iteration 638, E = -231.811067, |x| = 2.297782e+00, |g| = 8.837982e-05
iteration 639, E = -231.811067, |x| = 2.299920e+00, |g| = 1.002759e-04
iteration 640, E = -231.811067, |x| = 2.304216e+00, |g| = 1.473842e-04
iteration 641, E = -231.811067, |x| = 2.308119e+00, |g| = 1.419105e-04
iteration 642, E = -231.811067, |x| = 2.319167e+00, |g| = 1.809236e-04
iteration 643, E = -231.811067, |x| = 2.334760e+00, |g| = 1.643539e-04
iteration 644, E = -231.811068, |x| = 2.353814e+00, |g| = 2.087806e-04
iteration 645, E = -231.811068, |x| = 2.358330e+00, |g| = 1.338172e-04
iteration 646, E = -231.811068, |x| = 2.370618e+00, |g| = 1.774815e-04
iteration 647, E = -231.811068, |x| = 2.371535e+00, |g| = 1.450035e-04
iteration 648, E = -231.811068, |x| = 2.371946e+00, |g| = 9.599298e-05
iteration 649, E = -231.811068, |x| = 2.377865e+00, |g| = 1.170238e-04
iteration 650, E = -231.811068, |x| = 2.381018e+00, |g| = 1.997138e-04
iteration 651, E = -231.811068, |x| = 2.381278e+00, |g| = 1.864456e-04
iteration 652, E = -231.811068, |x| = 2.389317e+00, |g| = 1.160244e-04
iteration 653, E = -231.811068, |x| = 2.388509e+00, |g| = 5.526086e-05
iteration 654, E = -231.811068, |x| = 2.393113e+00, |g| = 6.186153e-05
iteration 655, E = -231.811068, |x| = 2.398532e+00, |g| = 8.560589e-05
iteration 656, E = -231.811068, |x| = 2.405899e+00, |g| = 9.043305e-05
iteration 657, E = -231.811068, |x| = 2.409215e+00, |g| = 1.316531e-04
iteration 658, E = -231.811068, |x| = 2.410347e+00, |g| = 6.970336e-05
iteration 659, E = -231.811068, |x| = 2.422738e+00, |g| = 1.167618e-04
iteration 660, E = -231.811068, |x| = 2.419425e+00, |g| = 6.550974e-05
iteration 661, E = -231.811068, |x| = 2.421012e+00, |g| = 7.463611e-05
iteration 662, E = -231.811068, |x| = 2.424728e+00, |g| = 4.742753e-05
iteration 663, E = -231.811068, |x| = 2.427848e+00, |g| = 8.376149e-05
iteration 664, E = -231.811068, |x| = 2.430759e+00, |g| = 5.806499e-05
iteration 665, E = -231.811068, |x| = 2.433019e+00, |g| = 2.732756e-05
iteration 666, E = -231.811068, |x| = 2.434070e+00, |g| = 1.786108e-05
iteration 667, E = -231.811068, |x| = 2.435937e+00, |g| = 3.048783e-05
iteration 668, E = -231.811068, |x| = 2.435766e+00, |g| = 2.212126e-05
iteration 669, E = -231.811068, |x| = 2.435617e+00, |g| = 3.898208e-05
iteration 670, E = -231.811068, |x| = 2.435297e+00, |g| = 3.443726e-05
iteration 671, E = -231.811068, |x| = 2.434214e+00, |g| = 3.222397e-05
iteration 672, E = -231.811068, |x| = 2.432623e+00, |g| = 2.486782e-05
iteration 673, E = -231.811068, |x| = 2.430275e+00, |g| = 2.494466e-05
iteration 674, E = -231.811068, |x| = 2.427911e+00, |g| = 1.917324e-05
iteration 675, E = -231.811068, |x| = 2.426484e+00, |g| = 1.303673e-05
iteration 676, E = -231.811068, |x| = 2.425618e+00, |g| = 1.110093e-05
iteration 677, E = -231.811068, |x| = 2.425136e+00, |g| = 6.882432e-06
iteration 678, E = -231.811068, |x| = 2.424494e+00, |g| = 1.282551e-05
iteration 679, E = -231.811068, |x| = 2.424527e+00, |g| = 9.004341e-06
iteration 680, E = -231.811068, |x| = 2.424362e+00, |g| = 5.817607e-06
iteration 681, E = -231.811068, |x| = 2.423714e+00, |g| = 7.198888e-06
iteration 682, E = -231.811068, |x| = 2.422230e+00, |g| = 1.072050e-05
iteration 683, E = -231.811068, |x| = 2.420524e+00, |g| = 1.027897e-05
iteration 684, E = -231.811068, |x| = 2.419302e+00, |g| = 6.735866e-06
iteration 685, E = -231.811068, |x| = 2.419003e+00, |g| = 5.599552e-06
iteration 686, E = -231.811068, |x| = 2.418925e+00, |g| = 6.297991e-06
iteration 687, E = -231.811068, |x| = 2.418825e+00, |g| = 8.081792e-06
iteration 688, E = -231.811068, |x| = 2.418600e+00, |g| = 1.058818e-05
iteration 689, E = -231.811068, |x| = 2.418071e+00, |g| = 1.387211e-05
iteration 690, E = -231.811068, |x| = 2.416946e+00, |g| = 1.781351e-05
iteration 691, E = -231.811068, |x| = 2.414594e+00, |g| = 2.239813e-05
iteration 692, E = -231.811068, |x| = 2.409869e+00, |g| = 2.902839e-05
iteration 693, E = -231.811068, |x| = 2.400995e+00, |g| = 5.072991e-05
iteration 694, E = -231.811068, |x| = 2.396513e+00, |g| = 3.375856e-05
iteration 695, E = -231.811068, |x| = 2.391980e+00, |g| = 5.358040e-05
iteration 696, E = -231.811068, |x| = 2.384549e+00, |g| = 6.367345e-05
iteration 697, E = -231.811068, |x| = 2.382242e+00, |g| = 3.854804e-05
iteration 698, E = -231.811068, |x| = 2.376523e+00, |g| = 3.387122e-05
iteration 699, E = -231.811068, |x| = 2.368731e+00, |g| = 4.724165e-05
iteration 700, E = -231.811068, |x| = 2.362623e+00, |g| = 2.445401e-05
iteration 701, E = -231.811068, |x| = 2.357112e+00, |g| = 2.410859e-05
iteration 702, E = -231.811068, |x| = 2.356643e+00, |g| = 8.382382e-05
iteration 703, E = -231.811068, |x| = 2.356294e+00, |g| = 5.434748e-05
iteration 704, E = -231.811068, |x| = 2.353395e+00, |g| = 2.036985e-05
iteration 705, E = -231.811068, |x| = 2.349744e+00, |g| = 1.729752e-05
iteration 706, E = -231.811068, |x| = 2.350074e+00, |g| = 5.167462e-05
iteration 707, E = -231.811068, |x| = 2.348626e+00, |g| = 4.261773e-05
iteration 708, E = -231.811068, |x| = 2.349431e+00, |g| = 1.211623e-05
iteration 709, E = -231.811068, |x| = 2.349589e+00, |g| = 1.219587e-05
iteration 710, E = -231.811068, |x| = 2.350665e+00, |g| = 1.414467e-05
iteration 711, E = -231.811068, |x| = 2.351812e+00, |g| = 1.186472e-05
iteration 712, E = -231.811068, |x| = 2.353698e+00, |g| = 8.572625e-06
iteration 713, E = -231.811068, |x| = 2.355278e+00, |g| = 7.160349e-06
iteration 714, E = -231.811068, |x| = 2.356735e+00, |g| = 5.565508e-06
iteration 715, E = -231.811068, |x| = 2.357682e+00, |g| = 7.071339e-06
iteration 716, E = -231.811068, |x| = 2.358352e+00, |g| = 1.025630e-05
iteration 717, E = -231.811068, |x| = 2.358698e+00, |g| = 1.321010e-05
iteration 718, E = -231.811068, |x| = 2.358520e+00, |g| = 1.447163e-05
iteration 719, E = -231.811068, |x| = 2.357406e+00, |g| = 1.285293e-05
iteration 720, E = -231.811068, |x| = 2.354965e+00, |g| = 6.311770e-06
iteration 721, E = -231.811068, |x| = 2.352644e+00, |g| = 7.455715e-06
iteration 722, E = -231.811068, |x| = 2.351143e+00, |g| = 1.378478e-05
iteration 723, E = -231.811068, |x| = 2.349418e+00, |g| = 2.964869e-05
iteration 724, E = -231.811068, |x| = 2.348360e+00, |g| = 1.569957e-05
iteration 725, E = -231.811068, |x| = 2.348035e+00, |g| = 1.802141e-05
iteration 726, E = -231.811068, |x| = 2.346479e+00, |g| = 1.905085e-05
iteration 727, E = -231.811068, |x| = 2.345999e+00, |g| = 2.347589e-05
iteration 728, E = -231.811068, |x| = 2.343272e+00, |g| = 1.389526e-05
iteration 729, E = -231.811068, |x| = 2.340314e+00, |g| = 1.928563e-05
iteration 730, E = -231.811068, |x| = 2.336237e+00, |g| = 1.988894e-05
iteration 731, E = -231.811068, |x| = 2.330479e+00, |g| = 1.093356e-04
iteration 732, E = -231.811068, |x| = 2.322989e+00, |g| = 8.505501e-05
iteration 733, E = -231.811068, |x| = 2.325321e+00, |g| = 8.964316e-05
iteration 734, E = -231.811068, |x| = 2.318052e+00, |g| = 9.365800e-05
iteration 735, E = -231.811068, |x| = 2.311120e+00, |g| = 9.428824e-05
iteration 736, E = -231.811068, |x| = 2.304220e+00, |g| = 1.406749e-04
iteration 737, E = -231.811068, |x| = 2.300246e+00, |g| = 1.685914e-04
iteration 738, E = -231.811068, |x| = 2.300257e+00, |g| = 1.052200e-04
iteration 739, E = -231.811068, |x| = 2.295917e+00, |g| = 6.159306e-05
iteration 740, E = -231.811068, |x| = 2.294980e+00, |g| = 1.126777e-04
iteration 741, E = -231.811068, |x| = 2.288256e+00, |g| = 1.324746e-04
iteration 742, E = -231.811068, |x| = 2.285612e+00, |g| = 6.596959e-05
iteration 743, E = -231.811068, |x| = 2.284741e+00, |g| = 8.698229e-05
iteration 744, E = -231.811068, |x| = 2.285562e+00, |g| = 7.500326e-05
iteration 745, E = -231.811068, |x| = 2.285552e+00, |g| = 4.933759e-05
iteration 746, E = -231.811068, |x| = 2.286122e+00, |g| = 5.417526e-05
iteration 747, E = -231.811068, |x| = 2.287975e+00, |g| = 7.024605e-05
iteration 748, E = -231.811068, |x| = 2.291854e+00, |g| = 9.202285e-05
iteration 749, E = -231.811068, |x| = 2.299733e+00, |g| = 1.330113e-04
iteration 750, E = -231.811068, |x| = 2.310628e+00, |g| = 1.299373e-04
iteration 751, E = -231.811068, |x| = 2.318691e+00, |g| = 1.149545e-04
iteration 752, E = -231.811068, |x| = 2.325043e+00, |g| = 6.263611e-05
iteration 753, E = -231.811068, |x| = 2.329562e+00, |g| = 3.564245e-05
iteration 754, E = -231.811068, |x| = 2.333918e+00, |g| = 6.232300e-05
iteration 755, E = -231.811068, |x| = 2.335559e+00, |g| = 5.427020e-05
iteration 756, E = -231.811068, |x| = 2.340884e+00, |g| = 3.904676e-05
iteration 757, E = -231.811068, |x| = 2.339696e+00, |g| = 1.831101e-05
iteration 758, E = -231.811068, |x| = 2.341569e+00, |g| = 1.937212e-05
iteration 759, E = -231.811068, |x| = 2.343444e+00, |g| = 3.539408e-05
iteration 760, E = -231.811068, |x| = 2.346118e+00, |g| = 3.450512e-05
iteration 761, E = -231.811068, |x| = 2.349353e+00, |g| = 3.712397e-05
iteration 762, E = -231.811068, |x| = 2.354925e+00, |g| = 3.391742e-05
iteration 763, E = -231.811068, |x| = 2.362430e+00, |g| = 3.079799e-05
iteration 764, E = -231.811068, |x| = 2.375107e+00, |g| = 3.399086e-05
iteration 765, E = -231.811068, |x| = 2.377223e+00, |g| = 5.570313e-05
iteration 766, E = -231.811068, |x| = 2.382226e+00, |g| = 2.563405e-05
iteration 767, E = -231.811068, |x| = 2.382524e+00, |g| = 5.256972e-05
iteration 768, E = -231.811068, |x| = 2.376428e+00, |g| = 4.037703e-05
iteration 769, E = -231.811068, |x| = 2.372282e+00, |g| = 4.951123e-05
iteration 770, E = -231.811068, |x| = 2.364037e+00, |g| = 5.264432e-05
iteration 771, E = -231.811068, |x| = 2.356411e+00, |g| = 4.734890e-05
iteration 772, E = -231.811068, |x| = 2.351595e+00, |g| = 6.745033e-05
iteration 773, E = -231.811068, |x| = 2.349603e+00, |g| = 2.820395e-05
iteration 774, E = -231.811068, |x| = 2.342686e+00, |g| = 4.809951e-05
iteration 775, E = -231.811068, |x| = 2.345899e+00, |g| = 5.026139e-05
iteration 776, E = -231.811068, |x| = 2.344198e+00, |g| = 3.560747e-05
iteration 777, E = -231.811068, |x| = 2.342030e+00, |g| = 2.698080e-05
iteration 778, E = -231.811068, |x| = 2.338902e+00, |g| = 3.688278e-05
iteration 779, E = -231.811068, |x| = 2.336048e+00, |g| = 4.168609e-05
iteration 780, E = -231.811068, |x| = 2.332135e+00, |g| = 5.787070e-05
iteration 781, E = -231.811068, |x| = 2.326849e+00, |g| = 6.745395e-05
iteration 782, E = -231.811068, |x| = 2.321873e+00, |g| = 1.020711e-04
iteration 783, E = -231.811068, |x| = 2.316673e+00, |g| = 7.960372e-05
iteration 784, E = -231.811068, |x| = 2.318114e+00, |g| = 4.955459e-05
iteration 785, E = -231.811068, |x| = 2.315022e+00, |g| = 4.350461e-05
iteration 786, E = -231.811068, |x| = 2.313513e+00, |g| = 2.911591e-05
iteration 787, E = -231.811068, |x| = 2.312869e+00, |g| = 2.068502e-05
iteration 788, E = -231.811068, |x| = 2.312011e+00, |g| = 1.090251e-05
iteration 789, E = -231.811068, |x| = 2.309913e+00, |g| = 1.336444e-05
iteration 790, E = -231.811068, |x| = 2.308482e+00, |g| = 1.703754e-05
iteration 791, E = -231.811068, |x| = 2.306258e+00, |g| = 2.166104e-05
iteration 792, E = -231.811068, |x| = 2.303081e+00, |g| = 2.732679e-05
iteration 793, E = -231.811068, |x| = 2.297533e+00, |g| = 3.226075e-05
iteration 794, E = -231.811068, |x| = 2.295714e+00, |g| = 2.721977e-05
iteration 795, E = -231.811068, |x| = 2.294403e+00, |g| = 1.721381e-05
iteration 796, E = -231.811068, |x| = 2.290061e+00, |g| = 5.126202e-05
iteration 797, E = -231.811068, |x| = 2.290376e+00, |g| = 2.796655e-05
iteration 798, E = -231.811068, |x| = 2.289107e+00, |g| = 1.266255e-05
iteration 799, E = -231.811068, |x| = 2.289298e+00, |g| = 1.856059e-05
iteration 800, E = -231.811068, |x| = 2.287001e+00, |g| = 1.427936e-05
iteration 801, E = -231.811068, |x| = 2.287499e+00, |g| = 1.143174e-05
iteration 802, E = -231.811068, |x| = 2.287849e+00, |g| = 1.271563e-05
iteration 803, E = -231.811068, |x| = 2.288494e+00, |g| = 1.482823e-05
iteration 804, E = -231.811068, |x| = 2.289375e+00, |g| = 1.433304e-05
iteration 805, E = -231.811068, |x| = 2.291098e+00, |g| = 2.357548e-05
iteration 806, E = -231.811068, |x| = 2.293288e+00, |g| = 2.035848e-05
iteration 807, E = -231.811068, |x| = 2.296923e+00, |g| = 1.202290e-05
iteration 808, E = -231.811068, |x| = 2.299290e+00, |g| = 8.733853e-06
iteration 809, E = -231.811068, |x| = 2.299413e+00, |g| = 3.739416e-06
iteration 810, E = -231.811068, |x| = 2.299403e+00, |g| = 1.141699e-06
Fragment 0 local quantum numbers
<N>,<Sz>,<S^2> = 2.000190, -0.000006, 0.007197
Fragment 1 local quantum numbers
<N>,<Sz>,<S^2> = 1.999472, 0.000023, 0.012918
Fragment 2 local quantum numbers
<N>,<Sz>,<S^2> = 2.000339, -0.000018, 0.006780
Whole system quantum numbers
<N>,<Sz>,<S^2> = 6.000000, 0.000000, 0.000495
Density matrix diagonal elements [1.90519374 0.09499607 1.90702515 0.09244649 1.90564578 0.09469278]
CASCI converged
CASCI E = -231.811067958067  E(CI) = -5.84031957292254  S^2 = 0.0004948

******** CASCI flags ********
CAS (3e+3e, 6o), ncore = 19, nvir = 45
natorb = False
canonicalization = True
sorting_mo_energy = False
max_memory 4000 (MB)
******** <class 'mrh.exploratory.unitary_cc.lasuccsd.FCISolver_USCC'> ********
max. cycles = 100
conv_tol = 1e-10
davidson only = False
linear dependence = 1e-14
level shift = 0.001
max iter space = 12
max_memory 4000 MB
nroots = 1
pspace_size = 400
spin = None
LASCI object has 83 degrees of freedom
iteration 0, E = -231.807959, |x| = 1.439395e-01, |g| = 9.101385e-02
iteration 1, E = -231.810416, |x| = 1.135056e-01, |g| = 1.167361e-02
iteration 2, E = -231.810457, |x| = 1.142983e-01, |g| = 8.449112e-03
iteration 3, E = -231.810472, |x| = 1.163828e-01, |g| = 3.768800e-03
iteration 4, E = -231.810475, |x| = 1.168927e-01, |g| = 2.405591e-03
iteration 5, E = -231.810477, |x| = 1.167264e-01, |g| = 1.467843e-03
iteration 6, E = -231.810480, |x| = 1.166518e-01, |g| = 1.858068e-03
iteration 7, E = -231.810485, |x| = 1.170323e-01, |g| = 2.616328e-03
iteration 8, E = -231.810524, |x| = 1.335966e-01, |g| = 8.142049e-03
iteration 9, E = -231.810582, |x| = 2.026320e-01, |g| = 1.360984e-02
iteration 10, E = -231.810645, |x| = 3.227635e-01, |g| = 1.585516e-02
iteration 11, E = -231.810702, |x| = 3.788012e-01, |g| = 9.333155e-03
iteration 12, E = -231.810717, |x| = 4.094997e-01, |g| = 8.002086e-03
iteration 13, E = -231.810729, |x| = 3.885326e-01, |g| = 3.574369e-03
iteration 14, E = -231.810733, |x| = 3.975351e-01, |g| = 1.855561e-03
iteration 15, E = -231.810738, |x| = 4.024954e-01, |g| = 2.086096e-03
iteration 16, E = -231.810748, |x| = 4.114001e-01, |g| = 3.250239e-03
iteration 17, E = -231.810766, |x| = 4.256527e-01, |g| = 4.870035e-03
iteration 18, E = -231.810797, |x| = 4.529295e-01, |g| = 6.710939e-03
iteration 19, E = -231.810833, |x| = 4.950780e-01, |g| = 8.605090e-03
iteration 20, E = -231.810845, |x| = 4.838173e-01, |g| = 6.493246e-03
iteration 21, E = -231.810857, |x| = 4.793997e-01, |g| = 1.324999e-03
iteration 22, E = -231.810858, |x| = 4.754702e-01, |g| = 1.251394e-03
iteration 23, E = -231.810860, |x| = 4.757774e-01, |g| = 2.068825e-03
iteration 24, E = -231.810864, |x| = 4.786048e-01, |g| = 2.927897e-03
iteration 25, E = -231.810871, |x| = 4.872393e-01, |g| = 3.869752e-03
iteration 26, E = -231.810884, |x| = 5.068090e-01, |g| = 4.721314e-03
iteration 27, E = -231.810901, |x| = 5.545482e-01, |g| = 4.931586e-03
iteration 28, E = -231.810907, |x| = 5.844680e-01, |g| = 3.295875e-03
iteration 29, E = -231.810910, |x| = 5.973190e-01, |g| = 1.625470e-03
iteration 30, E = -231.810911, |x| = 6.013956e-01, |g| = 7.651171e-04
iteration 31, E = -231.810911, |x| = 6.018594e-01, |g| = 7.761392e-04
iteration 32, E = -231.810912, |x| = 6.010269e-01, |g| = 9.052237e-04
iteration 33, E = -231.810913, |x| = 6.005626e-01, |g| = 1.089652e-03
iteration 34, E = -231.810916, |x| = 6.018361e-01, |g| = 1.317329e-03
iteration 35, E = -231.810920, |x| = 6.058834e-01, |g| = 1.631667e-03
iteration 36, E = -231.810927, |x| = 6.175305e-01, |g| = 1.989784e-03
iteration 37, E = -231.810936, |x| = 6.454892e-01, |g| = 2.299271e-03
iteration 38, E = -231.810941, |x| = 6.635818e-01, |g| = 1.662375e-03
iteration 39, E = -231.810942, |x| = 6.692848e-01, |g| = 7.168788e-04
iteration 40, E = -231.810943, |x| = 6.698796e-01, |g| = 3.914216e-04
iteration 41, E = -231.810943, |x| = 6.713377e-01, |g| = 3.704375e-04
iteration 42, E = -231.810943, |x| = 6.728403e-01, |g| = 3.671055e-04
iteration 43, E = -231.810943, |x| = 6.738423e-01, |g| = 3.587656e-04
iteration 44, E = -231.810944, |x| = 6.751185e-01, |g| = 3.941470e-04
iteration 45, E = -231.810944, |x| = 6.767578e-01, |g| = 4.858984e-04
iteration 46, E = -231.810945, |x| = 6.799543e-01, |g| = 6.382413e-04
iteration 47, E = -231.810948, |x| = 6.855277e-01, |g| = 9.034061e-04
iteration 48, E = -231.810952, |x| = 6.972653e-01, |g| = 1.304999e-03
iteration 49, E = -231.810958, |x| = 7.212834e-01, |g| = 2.017071e-03
iteration 50, E = -231.810964, |x| = 7.590004e-01, |g| = 2.797131e-03
iteration 51, E = -231.810968, |x| = 7.746999e-01, |g| = 2.042269e-03
iteration 52, E = -231.810973, |x| = 7.966358e-01, |g| = 7.623548e-04
iteration 53, E = -231.810974, |x| = 7.919635e-01, |g| = 1.072799e-03
iteration 54, E = -231.810974, |x| = 8.009473e-01, |g| = 6.044161e-04
iteration 55, E = -231.810975, |x| = 7.970614e-01, |g| = 5.847828e-04
iteration 56, E = -231.810975, |x| = 7.916493e-01, |g| = 6.477971e-04
iteration 57, E = -231.810976, |x| = 7.867075e-01, |g| = 7.073526e-04
iteration 58, E = -231.810978, |x| = 7.834269e-01, |g| = 8.426977e-04
iteration 59, E = -231.810981, |x| = 7.843151e-01, |g| = 1.021376e-03
iteration 60, E = -231.810985, |x| = 8.018803e-01, |g| = 1.536977e-03
iteration 61, E = -231.810988, |x| = 8.254264e-01, |g| = 1.194615e-03
iteration 62, E = -231.810990, |x| = 8.622998e-01, |g| = 8.006853e-04
iteration 63, E = -231.810990, |x| = 8.651010e-01, |g| = 3.180403e-04
iteration 64, E = -231.810990, |x| = 8.703900e-01, |g| = 3.558177e-04
iteration 65, E = -231.810990, |x| = 8.712144e-01, |g| = 2.862478e-04
iteration 66, E = -231.810990, |x| = 8.734240e-01, |g| = 2.536143e-04
iteration 67, E = -231.810990, |x| = 8.788983e-01, |g| = 2.979955e-04
iteration 68, E = -231.810990, |x| = 8.825142e-01, |g| = 3.503799e-04
iteration 69, E = -231.810990, |x| = 8.868411e-01, |g| = 4.540321e-04
iteration 70, E = -231.810991, |x| = 8.925939e-01, |g| = 6.313879e-04
iteration 71, E = -231.810991, |x| = 9.008792e-01, |g| = 8.930109e-04
iteration 72, E = -231.810992, |x| = 9.142091e-01, |g| = 1.260226e-03
iteration 73, E = -231.810993, |x| = 9.360704e-01, |g| = 1.771733e-03
iteration 74, E = -231.810996, |x| = 9.730370e-01, |g| = 2.433138e-03
iteration 75, E = -231.810999, |x| = 1.020820e+00, |g| = 2.999102e-03
iteration 76, E = -231.811002, |x| = 1.032918e+00, |g| = 2.499261e-03
iteration 77, E = -231.811004, |x| = 1.041869e+00, |g| = 1.278137e-03
iteration 78, E = -231.811004, |x| = 1.043935e+00, |g| = 5.519783e-04
iteration 79, E = -231.811005, |x| = 1.047078e+00, |g| = 2.219177e-04
iteration 80, E = -231.811005, |x| = 1.044626e+00, |g| = 1.698325e-04
iteration 81, E = -231.811005, |x| = 1.044985e+00, |g| = 1.179089e-04
iteration 82, E = -231.811005, |x| = 1.045249e+00, |g| = 1.724803e-04
iteration 83, E = -231.811005, |x| = 1.046015e+00, |g| = 3.065266e-04
iteration 84, E = -231.811005, |x| = 1.047483e+00, |g| = 4.531821e-04
iteration 85, E = -231.811005, |x| = 1.050382e+00, |g| = 6.373304e-04
iteration 86, E = -231.811005, |x| = 1.055988e+00, |g| = 8.298908e-04
iteration 87, E = -231.811006, |x| = 1.067399e+00, |g| = 1.057127e-03
iteration 88, E = -231.811006, |x| = 1.087474e+00, |g| = 1.106756e-03
iteration 89, E = -231.811006, |x| = 1.100185e+00, |g| = 8.665380e-04
iteration 90, E = -231.811007, |x| = 1.114796e+00, |g| = 2.651828e-04
iteration 91, E = -231.811007, |x| = 1.112366e+00, |g| = 3.078753e-04
iteration 92, E = -231.811007, |x| = 1.112738e+00, |g| = 1.511917e-04
iteration 93, E = -231.811007, |x| = 1.110827e+00, |g| = 1.324682e-04
iteration 94, E = -231.811007, |x| = 1.110223e+00, |g| = 1.754259e-04
iteration 95, E = -231.811007, |x| = 1.109893e+00, |g| = 2.569488e-04
iteration 96, E = -231.811007, |x| = 1.111311e+00, |g| = 3.753215e-04
iteration 97, E = -231.811007, |x| = 1.115268e+00, |g| = 5.438861e-04
iteration 98, E = -231.811008, |x| = 1.125599e+00, |g| = 7.911119e-04
iteration 99, E = -231.811008, |x| = 1.148076e+00, |g| = 1.128184e-03
iteration 100, E = -231.811009, |x| = 1.167898e+00, |g| = 1.080768e-03
iteration 101, E = -231.811009, |x| = 1.194220e+00, |g| = 8.146709e-04
iteration 102, E = -231.811010, |x| = 1.217732e+00, |g| = 1.180196e-04
iteration 103, E = -231.811010, |x| = 1.233513e+00, |g| = 3.308041e-04
iteration 104, E = -231.811010, |x| = 1.241059e+00, |g| = 1.825963e-04
iteration 105, E = -231.811010, |x| = 1.249064e+00, |g| = 1.195346e-04
iteration 106, E = -231.811010, |x| = 1.256669e+00, |g| = 8.043479e-05
iteration 107, E = -231.811010, |x| = 1.259833e+00, |g| = 8.917475e-05
iteration 108, E = -231.811010, |x| = 1.263469e+00, |g| = 1.146977e-04
iteration 109, E = -231.811010, |x| = 1.267563e+00, |g| = 1.603092e-04
iteration 110, E = -231.811010, |x| = 1.272734e+00, |g| = 2.071288e-04
iteration 111, E = -231.811010, |x| = 1.279742e+00, |g| = 2.774626e-04
iteration 112, E = -231.811010, |x| = 1.289837e+00, |g| = 3.586780e-04
iteration 113, E = -231.811010, |x| = 1.304552e+00, |g| = 4.821381e-04
iteration 114, E = -231.811011, |x| = 1.324794e+00, |g| = 6.342595e-04
iteration 115, E = -231.811012, |x| = 1.348201e+00, |g| = 8.814895e-04
iteration 116, E = -231.811012, |x| = 1.351619e+00, |g| = 9.273202e-04
iteration 117, E = -231.811013, |x| = 1.373498e+00, |g| = 8.418420e-04
iteration 118, E = -231.811013, |x| = 1.360919e+00, |g| = 5.095607e-04
iteration 119, E = -231.811013, |x| = 1.347098e+00, |g| = 4.177222e-04
iteration 120, E = -231.811013, |x| = 1.342705e+00, |g| = 3.239883e-04
iteration 121, E = -231.811014, |x| = 1.332785e+00, |g| = 2.442035e-04
iteration 122, E = -231.811014, |x| = 1.310905e+00, |g| = 2.860830e-04
iteration 123, E = -231.811014, |x| = 1.290724e+00, |g| = 3.965660e-04
iteration 124, E = -231.811014, |x| = 1.275786e+00, |g| = 3.670808e-04
iteration 125, E = -231.811014, |x| = 1.266825e+00, |g| = 2.938685e-04
iteration 126, E = -231.811014, |x| = 1.257350e+00, |g| = 3.262776e-04
iteration 127, E = -231.811015, |x| = 1.251210e+00, |g| = 4.428282e-04
iteration 128, E = -231.811015, |x| = 1.250972e+00, |g| = 5.788285e-04
iteration 129, E = -231.811017, |x| = 1.267677e+00, |g| = 6.575633e-04
iteration 130, E = -231.811018, |x| = 1.328740e+00, |g| = 1.301552e-03
iteration 131, E = -231.811019, |x| = 1.325511e+00, |g| = 8.584294e-04
iteration 132, E = -231.811019, |x| = 1.356552e+00, |g| = 6.139061e-04
iteration 133, E = -231.811020, |x| = 1.374125e+00, |g| = 3.582784e-04
iteration 134, E = -231.811020, |x| = 1.394672e+00, |g| = 3.975865e-04
iteration 135, E = -231.811020, |x| = 1.399881e+00, |g| = 2.076169e-04
iteration 136, E = -231.811020, |x| = 1.412278e+00, |g| = 2.084130e-04
iteration 137, E = -231.811020, |x| = 1.431424e+00, |g| = 2.291703e-04
iteration 138, E = -231.811020, |x| = 1.435466e+00, |g| = 1.132165e-04
iteration 139, E = -231.811020, |x| = 1.441237e+00, |g| = 6.240923e-05
iteration 140, E = -231.811020, |x| = 1.444712e+00, |g| = 5.338465e-05
iteration 141, E = -231.811020, |x| = 1.446986e+00, |g| = 6.164849e-05
iteration 142, E = -231.811020, |x| = 1.449221e+00, |g| = 7.638668e-05
iteration 143, E = -231.811020, |x| = 1.451480e+00, |g| = 1.008206e-04
iteration 144, E = -231.811020, |x| = 1.454117e+00, |g| = 1.337631e-04
iteration 145, E = -231.811020, |x| = 1.457509e+00, |g| = 1.729666e-04
iteration 146, E = -231.811020, |x| = 1.463026e+00, |g| = 2.309226e-04
iteration 147, E = -231.811020, |x| = 1.471703e+00, |g| = 2.911827e-04
iteration 148, E = -231.811020, |x| = 1.485943e+00, |g| = 3.818059e-04
iteration 149, E = -231.811020, |x| = 1.510629e+00, |g| = 4.247948e-04
iteration 150, E = -231.811021, |x| = 1.525425e+00, |g| = 6.270592e-04
iteration 151, E = -231.811021, |x| = 1.551220e+00, |g| = 3.918966e-04
iteration 152, E = -231.811021, |x| = 1.548254e+00, |g| = 3.285996e-04
iteration 153, E = -231.811021, |x| = 1.544473e+00, |g| = 2.472215e-04
iteration 154, E = -231.811021, |x| = 1.538073e+00, |g| = 1.632195e-04
iteration 155, E = -231.811021, |x| = 1.532376e+00, |g| = 1.061412e-04
iteration 156, E = -231.811021, |x| = 1.525859e+00, |g| = 1.089629e-04
iteration 157, E = -231.811021, |x| = 1.517796e+00, |g| = 1.747992e-04
iteration 158, E = -231.811021, |x| = 1.510622e+00, |g| = 2.187711e-04
iteration 159, E = -231.811021, |x| = 1.503410e+00, |g| = 2.432885e-04
iteration 160, E = -231.811021, |x| = 1.497717e+00, |g| = 2.614599e-04
iteration 161, E = -231.811021, |x| = 1.493641e+00, |g| = 2.982702e-04
iteration 162, E = -231.811022, |x| = 1.493275e+00, |g| = 3.722341e-04
iteration 163, E = -231.811023, |x| = 1.509489e+00, |g| = 9.058678e-04
iteration 164, E = -231.811024, |x| = 1.523966e+00, |g| = 1.282849e-03
iteration 165, E = -231.811025, |x| = 1.528453e+00, |g| = 1.399053e-03
iteration 166, E = -231.811027, |x| = 1.558060e+00, |g| = 1.439733e-03
iteration 167, E = -231.811030, |x| = 1.557462e+00, |g| = 1.731468e-03
iteration 168, E = -231.811033, |x| = 1.624881e+00, |g| = 2.482286e-03
iteration 169, E = -231.811034, |x| = 1.621518e+00, |g| = 2.434641e-03
iteration 170, E = -231.811036, |x| = 1.624619e+00, |g| = 1.445067e-03
iteration 171, E = -231.811039, |x| = 1.628969e+00, |g| = 9.651384e-04
iteration 172, E = -231.811040, |x| = 1.710945e+00, |g| = 1.927245e-03
iteration 173, E = -231.811042, |x| = 1.700101e+00, |g| = 1.597697e-03
iteration 174, E = -231.811043, |x| = 1.708308e+00, |g| = 1.493939e-03
iteration 175, E = -231.811045, |x| = 1.722363e+00, |g| = 1.236068e-03
iteration 176, E = -231.811048, |x| = 1.773151e+00, |g| = 1.463671e-03
iteration 177, E = -231.811052, |x| = 1.826700e+00, |g| = 1.878073e-03
iteration 178, E = -231.811057, |x| = 1.842605e+00, |g| = 1.971202e-03
iteration 179, E = -231.811059, |x| = 1.880105e+00, |g| = 3.304087e-03
iteration 180, E = -231.811062, |x| = 1.874689e+00, |g| = 1.877576e-03
iteration 181, E = -231.811063, |x| = 1.818775e+00, |g| = 2.158818e-03
iteration 182, E = -231.811065, |x| = 1.819814e+00, |g| = 1.876712e-03
iteration 183, E = -231.811067, |x| = 1.822476e+00, |g| = 1.910128e-03
iteration 184, E = -231.811070, |x| = 1.845496e+00, |g| = 1.571836e-03
iteration 185, E = -231.811072, |x| = 1.801157e+00, |g| = 1.445659e-03
iteration 186, E = -231.811073, |x| = 1.785635e+00, |g| = 7.780464e-04
iteration 187, E = -231.811073, |x| = 1.784330e+00, |g| = 4.536041e-04
iteration 188, E = -231.811074, |x| = 1.779531e+00, |g| = 4.315619e-04
iteration 189, E = -231.811074, |x| = 1.771814e+00, |g| = 3.249734e-04
iteration 190, E = -231.811074, |x| = 1.761583e+00, |g| = 3.220065e-04
iteration 191, E = -231.811074, |x| = 1.739491e+00, |g| = 4.973742e-04
iteration 192, E = -231.811075, |x| = 1.696600e+00, |g| = 5.615862e-04
iteration 193, E = -231.811075, |x| = 1.670396e+00, |g| = 4.484654e-04
iteration 194, E = -231.811075, |x| = 1.666477e+00, |g| = 2.209741e-04
iteration 195, E = -231.811075, |x| = 1.662421e+00, |g| = 1.635107e-04
iteration 196, E = -231.811075, |x| = 1.658203e+00, |g| = 2.452402e-04
iteration 197, E = -231.811075, |x| = 1.654082e+00, |g| = 3.651575e-04
iteration 198, E = -231.811076, |x| = 1.648838e+00, |g| = 5.034685e-04
iteration 199, E = -231.811076, |x| = 1.644661e+00, |g| = 6.488702e-04
iteration 200, E = -231.811077, |x| = 1.640298e+00, |g| = 8.104931e-04
iteration 201, E = -231.811078, |x| = 1.644935e+00, |g| = 1.032681e-03
iteration 202, E = -231.811080, |x| = 1.661581e+00, |g| = 1.336623e-03
iteration 203, E = -231.811081, |x| = 1.698591e+00, |g| = 1.359481e-03
iteration 204, E = -231.811084, |x| = 1.709416e+00, |g| = 1.117200e-03
iteration 205, E = -231.811085, |x| = 1.757856e+00, |g| = 1.006170e-03
iteration 206, E = -231.811085, |x| = 1.746655e+00, |g| = 8.047171e-04
iteration 207, E = -231.811086, |x| = 1.753072e+00, |g| = 5.849885e-04
iteration 208, E = -231.811086, |x| = 1.761497e+00, |g| = 6.892209e-04
iteration 209, E = -231.811086, |x| = 1.759654e+00, |g| = 4.378319e-04
iteration 210, E = -231.811086, |x| = 1.762013e+00, |g| = 3.621794e-04
iteration 211, E = -231.811086, |x| = 1.762566e+00, |g| = 3.340037e-04
iteration 212, E = -231.811086, |x| = 1.761620e+00, |g| = 2.979688e-04
iteration 213, E = -231.811087, |x| = 1.752857e+00, |g| = 2.158204e-04
iteration 214, E = -231.811087, |x| = 1.745694e+00, |g| = 1.678982e-04
iteration 215, E = -231.811087, |x| = 1.738055e+00, |g| = 1.495228e-04
iteration 216, E = -231.811087, |x| = 1.734461e+00, |g| = 1.322483e-04
iteration 217, E = -231.811087, |x| = 1.730003e+00, |g| = 1.423421e-04
iteration 218, E = -231.811087, |x| = 1.726077e+00, |g| = 1.399185e-04
iteration 219, E = -231.811087, |x| = 1.724838e+00, |g| = 1.190523e-04
iteration 220, E = -231.811087, |x| = 1.725507e+00, |g| = 1.042879e-04
iteration 221, E = -231.811087, |x| = 1.727222e+00, |g| = 1.270644e-04
iteration 222, E = -231.811087, |x| = 1.729673e+00, |g| = 1.743447e-04
iteration 223, E = -231.811087, |x| = 1.732414e+00, |g| = 2.226419e-04
iteration 224, E = -231.811087, |x| = 1.735464e+00, |g| = 2.715891e-04
iteration 225, E = -231.811087, |x| = 1.739661e+00, |g| = 3.267027e-04
iteration 226, E = -231.811087, |x| = 1.746778e+00, |g| = 3.982642e-04
iteration 227, E = -231.811088, |x| = 1.759801e+00, |g| = 4.833654e-04
iteration 228, E = -231.811088, |x| = 1.784288e+00, |g| = 6.452559e-04
iteration 229, E = -231.811089, |x| = 1.829643e+00, |g| = 1.487369e-03
iteration 230, E = -231.811091, |x| = 1.873460e+00, |g| = 1.900535e-03
iteration 231, E = -231.811093, |x| = 1.908207e+00, |g| = 1.477615e-03
iteration 232, E = -231.811095, |x| = 1.958342e+00, |g| = 2.151055e-03
iteration 233, E = -231.811097, |x| = 2.016147e+00, |g| = 2.002877e-03
iteration 234, E = -231.811099, |x| = 2.045090e+00, |g| = 2.666188e-03
iteration 235, E = -231.811102, |x| = 2.102409e+00, |g| = 1.216149e-03
iteration 236, E = -231.811102, |x| = 2.147554e+00, |g| = 1.274364e-03
iteration 237, E = -231.811103, |x| = 2.180782e+00, |g| = 1.201269e-03
iteration 238, E = -231.811103, |x| = 2.190340e+00, |g| = 1.058504e-03
iteration 239, E = -231.811104, |x| = 2.206701e+00, |g| = 9.218579e-04
iteration 240, E = -231.811104, |x| = 2.210889e+00, |g| = 7.512895e-04
iteration 241, E = -231.811104, |x| = 2.246412e+00, |g| = 7.690692e-04
iteration 242, E = -231.811105, |x| = 2.267580e+00, |g| = 3.259416e-04
iteration 243, E = -231.811105, |x| = 2.284532e+00, |g| = 3.108274e-04
iteration 244, E = -231.811105, |x| = 2.296100e+00, |g| = 3.544351e-04
iteration 245, E = -231.811105, |x| = 2.301631e+00, |g| = 4.577526e-04
iteration 246, E = -231.811105, |x| = 2.317976e+00, |g| = 3.999525e-04
iteration 247, E = -231.811105, |x| = 2.305004e+00, |g| = 4.714636e-04
iteration 248, E = -231.811106, |x| = 2.299269e+00, |g| = 5.209738e-04
iteration 249, E = -231.811106, |x| = 2.294814e+00, |g| = 4.310167e-04
iteration 250, E = -231.811106, |x| = 2.299321e+00, |g| = 3.842885e-04
iteration 251, E = -231.811106, |x| = 2.307293e+00, |g| = 3.378626e-04
iteration 252, E = -231.811106, |x| = 2.320970e+00, |g| = 2.768196e-04
iteration 253, E = -231.811107, |x| = 2.326966e+00, |g| = 7.202027e-04
iteration 254, E = -231.811107, |x| = 2.343556e+00, |g| = 4.266860e-04
iteration 255, E = -231.811107, |x| = 2.349249e+00, |g| = 4.740359e-04
iteration 256, E = -231.811107, |x| = 2.359454e+00, |g| = 5.449464e-04
iteration 257, E = -231.811108, |x| = 2.363619e+00, |g| = 8.263385e-04
iteration 258, E = -231.811108, |x| = 2.380964e+00, |g| = 8.714354e-04
iteration 259, E = -231.811109, |x| = 2.392063e+00, |g| = 1.199238e-03
iteration 260, E = -231.811110, |x| = 2.422461e+00, |g| = 1.241399e-03
iteration 261, E = -231.811112, |x| = 2.441332e+00, |g| = 1.571871e-03
iteration 262, E = -231.811113, |x| = 2.494336e+00, |g| = 1.429583e-03
iteration 263, E = -231.811114, |x| = 2.477816e+00, |g| = 7.700217e-04
iteration 264, E = -231.811115, |x| = 2.481954e+00, |g| = 5.437193e-04
iteration 265, E = -231.811115, |x| = 2.484934e+00, |g| = 4.078504e-04
iteration 266, E = -231.811115, |x| = 2.498743e+00, |g| = 5.059616e-04
iteration 267, E = -231.811115, |x| = 2.508697e+00, |g| = 3.934821e-04
iteration 268, E = -231.811116, |x| = 2.527636e+00, |g| = 3.054464e-04
iteration 269, E = -231.811116, |x| = 2.538194e+00, |g| = 1.993803e-04
iteration 270, E = -231.811116, |x| = 2.551155e+00, |g| = 3.333111e-04
iteration 271, E = -231.811116, |x| = 2.557936e+00, |g| = 1.489468e-04
iteration 272, E = -231.811116, |x| = 2.556721e+00, |g| = 1.344686e-04
iteration 273, E = -231.811116, |x| = 2.556867e+00, |g| = 8.612689e-05
iteration 274, E = -231.811116, |x| = 2.557756e+00, |g| = 1.066314e-04
iteration 275, E = -231.811116, |x| = 2.560041e+00, |g| = 1.736461e-04
iteration 276, E = -231.811116, |x| = 2.563414e+00, |g| = 2.484837e-04
iteration 277, E = -231.811116, |x| = 2.567951e+00, |g| = 3.448344e-04
iteration 278, E = -231.811116, |x| = 2.574077e+00, |g| = 4.509367e-04
iteration 279, E = -231.811116, |x| = 2.583238e+00, |g| = 5.745682e-04
iteration 280, E = -231.811117, |x| = 2.596034e+00, |g| = 7.171900e-04
iteration 281, E = -231.811117, |x| = 2.615986e+00, |g| = 8.313455e-04
iteration 282, E = -231.811118, |x| = 2.627986e+00, |g| = 1.352291e-03
iteration 283, E = -231.811118, |x| = 2.651355e+00, |g| = 9.593929e-04
iteration 284, E = -231.811119, |x| = 2.657927e+00, |g| = 1.112739e-03
iteration 285, E = -231.811120, |x| = 2.659430e+00, |g| = 9.991752e-04
iteration 286, E = -231.811121, |x| = 2.665710e+00, |g| = 1.641174e-03
iteration 287, E = -231.811121, |x| = 2.655643e+00, |g| = 1.409259e-03
iteration 288, E = -231.811122, |x| = 2.655970e+00, |g| = 7.516307e-04
iteration 289, E = -231.811122, |x| = 2.647135e+00, |g| = 6.653859e-04
iteration 290, E = -231.811123, |x| = 2.624151e+00, |g| = 5.815901e-04
iteration 291, E = -231.811123, |x| = 2.608126e+00, |g| = 3.943022e-04
iteration 292, E = -231.811123, |x| = 2.586871e+00, |g| = 2.597767e-04
iteration 293, E = -231.811123, |x| = 2.580913e+00, |g| = 1.915939e-04
iteration 294, E = -231.811123, |x| = 2.571371e+00, |g| = 1.089511e-04
iteration 295, E = -231.811123, |x| = 2.568350e+00, |g| = 8.051040e-05
iteration 296, E = -231.811123, |x| = 2.566614e+00, |g| = 7.352631e-05
iteration 297, E = -231.811123, |x| = 2.565883e+00, |g| = 8.071960e-05
iteration 298, E = -231.811123, |x| = 2.565201e+00, |g| = 1.185228e-04
iteration 299, E = -231.811123, |x| = 2.564849e+00, |g| = 1.590025e-04
iteration 300, E = -231.811123, |x| = 2.563840e+00, |g| = 2.002710e-04
iteration 301, E = -231.811123, |x| = 2.562743e+00, |g| = 2.615725e-04
iteration 302, E = -231.811123, |x| = 2.561004e+00, |g| = 3.306176e-04
iteration 303, E = -231.811124, |x| = 2.559388e+00, |g| = 4.276687e-04
iteration 304, E = -231.811124, |x| = 2.558066e+00, |g| = 5.510487e-04
iteration 305, E = -231.811124, |x| = 2.557797e+00, |g| = 7.282880e-04
iteration 306, E = -231.811125, |x| = 2.554339e+00, |g| = 1.095655e-03
iteration 307, E = -231.811126, |x| = 2.528474e+00, |g| = 1.337897e-03
iteration 308, E = -231.811128, |x| = 2.542377e+00, |g| = 1.308796e-03
iteration 309, E = -231.811129, |x| = 2.517955e+00, |g| = 1.402037e-03
iteration 310, E = -231.811131, |x| = 2.537424e+00, |g| = 1.313055e-03
iteration 311, E = -231.811131, |x| = 2.571144e+00, |g| = 1.296133e-03
iteration 312, E = -231.811132, |x| = 2.552540e+00, |g| = 5.550645e-04
iteration 313, E = -231.811132, |x| = 2.561157e+00, |g| = 9.125659e-04
iteration 314, E = -231.811132, |x| = 2.563185e+00, |g| = 7.100890e-04
iteration 315, E = -231.811133, |x| = 2.576906e+00, |g| = 6.107386e-04
iteration 316, E = -231.811133, |x| = 2.578935e+00, |g| = 4.013386e-04
iteration 317, E = -231.811133, |x| = 2.584412e+00, |g| = 4.453774e-04
iteration 318, E = -231.811133, |x| = 2.593448e+00, |g| = 4.804970e-04
iteration 319, E = -231.811133, |x| = 2.600368e+00, |g| = 4.540895e-04
iteration 320, E = -231.811134, |x| = 2.610698e+00, |g| = 2.592931e-04
iteration 321, E = -231.811134, |x| = 2.621780e+00, |g| = 2.788463e-04
iteration 322, E = -231.811134, |x| = 2.622807e+00, |g| = 2.825552e-04
iteration 323, E = -231.811134, |x| = 2.628616e+00, |g| = 1.967858e-04
iteration 324, E = -231.811134, |x| = 2.626349e+00, |g| = 2.997766e-04
iteration 325, E = -231.811134, |x| = 2.624531e+00, |g| = 2.003437e-04
iteration 326, E = -231.811134, |x| = 2.619215e+00, |g| = 2.260448e-04
iteration 327, E = -231.811134, |x| = 2.617297e+00, |g| = 1.330590e-04
iteration 328, E = -231.811134, |x| = 2.611757e+00, |g| = 1.364612e-04
iteration 329, E = -231.811134, |x| = 2.604901e+00, |g| = 1.449208e-04
iteration 330, E = -231.811134, |x| = 2.599163e+00, |g| = 1.443748e-04
iteration 331, E = -231.811134, |x| = 2.596631e+00, |g| = 1.120080e-04
iteration 332, E = -231.811134, |x| = 2.596729e+00, |g| = 1.101719e-04
iteration 333, E = -231.811134, |x| = 2.597944e+00, |g| = 1.396472e-04
iteration 334, E = -231.811134, |x| = 2.599632e+00, |g| = 1.878101e-04
iteration 335, E = -231.811134, |x| = 2.602472e+00, |g| = 2.396080e-04
iteration 336, E = -231.811134, |x| = 2.606248e+00, |g| = 2.870583e-04
iteration 337, E = -231.811134, |x| = 2.612922e+00, |g| = 3.745290e-04
iteration 338, E = -231.811135, |x| = 2.623909e+00, |g| = 4.065432e-04
iteration 339, E = -231.811135, |x| = 2.641332e+00, |g| = 6.226797e-04
iteration 340, E = -231.811136, |x| = 2.670527e+00, |g| = 7.139749e-04
iteration 341, E = -231.811136, |x| = 2.688877e+00, |g| = 7.992381e-04
iteration 342, E = -231.811137, |x| = 2.731225e+00, |g| = 6.325028e-04
iteration 343, E = -231.811137, |x| = 2.728674e+00, |g| = 7.391382e-04
iteration 344, E = -231.811137, |x| = 2.732589e+00, |g| = 6.840200e-04
iteration 345, E = -231.811137, |x| = 2.726987e+00, |g| = 3.095523e-04
iteration 346, E = -231.811138, |x| = 2.728794e+00, |g| = 2.502437e-04
iteration 347, E = -231.811138, |x| = 2.723327e+00, |g| = 4.219828e-04
iteration 348, E = -231.811138, |x| = 2.722067e+00, |g| = 2.567839e-04
iteration 349, E = -231.811138, |x| = 2.716643e+00, |g| = 2.004035e-04
iteration 350, E = -231.811138, |x| = 2.715727e+00, |g| = 2.344460e-04
iteration 351, E = -231.811138, |x| = 2.712731e+00, |g| = 1.880619e-04
iteration 352, E = -231.811138, |x| = 2.716871e+00, |g| = 1.054694e-04
iteration 353, E = -231.811138, |x| = 2.719913e+00, |g| = 1.054924e-04
iteration 354, E = -231.811138, |x| = 2.722685e+00, |g| = 8.046680e-05
iteration 355, E = -231.811138, |x| = 2.724453e+00, |g| = 6.363817e-05
iteration 356, E = -231.811138, |x| = 2.725141e+00, |g| = 4.170110e-05
iteration 357, E = -231.811138, |x| = 2.724989e+00, |g| = 4.331912e-05
iteration 358, E = -231.811138, |x| = 2.724799e+00, |g| = 5.025969e-05
iteration 359, E = -231.811138, |x| = 2.724538e+00, |g| = 6.577392e-05
iteration 360, E = -231.811138, |x| = 2.724246e+00, |g| = 8.717411e-05
iteration 361, E = -231.811138, |x| = 2.723931e+00, |g| = 1.179453e-04
iteration 362, E = -231.811138, |x| = 2.723528e+00, |g| = 1.608643e-04
iteration 363, E = -231.811138, |x| = 2.723130e+00, |g| = 2.219698e-04
iteration 364, E = -231.811138, |x| = 2.722709e+00, |g| = 3.061227e-04
iteration 365, E = -231.811138, |x| = 2.722763e+00, |g| = 4.151089e-04
iteration 366, E = -231.811138, |x| = 2.723462e+00, |g| = 5.255385e-04
iteration 367, E = -231.811138, |x| = 2.725911e+00, |g| = 5.415951e-04
iteration 368, E = -231.811139, |x| = 2.726286e+00, |g| = 4.033031e-04
iteration 369, E = -231.811139, |x| = 2.728870e+00, |g| = 3.239978e-04
iteration 370, E = -231.811139, |x| = 2.730475e+00, |g| = 1.376614e-04
iteration 371, E = -231.811139, |x| = 2.731903e+00, |g| = 8.862990e-05
iteration 372, E = -231.811139, |x| = 2.733424e+00, |g| = 6.459335e-05
iteration 373, E = -231.811139, |x| = 2.734522e+00, |g| = 3.787910e-05
iteration 374, E = -231.811139, |x| = 2.735242e+00, |g| = 2.945112e-05
iteration 375, E = -231.811139, |x| = 2.735907e+00, |g| = 3.271689e-05
iteration 376, E = -231.811139, |x| = 2.736569e+00, |g| = 3.787993e-05
iteration 377, E = -231.811139, |x| = 2.737343e+00, |g| = 4.445062e-05
iteration 378, E = -231.811139, |x| = 2.738210e+00, |g| = 5.460515e-05
iteration 379, E = -231.811139, |x| = 2.739179e+00, |g| = 6.924724e-05
iteration 380, E = -231.811139, |x| = 2.740295e+00, |g| = 9.379949e-05
iteration 381, E = -231.811139, |x| = 2.741444e+00, |g| = 1.290858e-04
iteration 382, E = -231.811139, |x| = 2.742487e+00, |g| = 1.815333e-04
iteration 383, E = -231.811139, |x| = 2.742713e+00, |g| = 2.507131e-04
iteration 384, E = -231.811139, |x| = 2.740944e+00, |g| = 3.411503e-04
iteration 385, E = -231.811139, |x| = 2.733767e+00, |g| = 4.421211e-04
iteration 386, E = -231.811140, |x| = 2.720071e+00, |g| = 4.591650e-04
iteration 387, E = -231.811140, |x| = 2.703437e+00, |g| = 3.559245e-04
iteration 388, E = -231.811140, |x| = 2.686023e+00, |g| = 4.784488e-04
iteration 389, E = -231.811140, |x| = 2.685420e+00, |g| = 3.476771e-04
iteration 390, E = -231.811140, |x| = 2.684241e+00, |g| = 1.696474e-04
iteration 391, E = -231.811140, |x| = 2.686439e+00, |g| = 1.658784e-04
iteration 392, E = -231.811140, |x| = 2.686021e+00, |g| = 4.364180e-05
iteration 393, E = -231.811140, |x| = 2.685088e+00, |g| = 2.878235e-05
iteration 394, E = -231.811140, |x| = 2.684676e+00, |g| = 2.148354e-05
iteration 395, E = -231.811140, |x| = 2.684292e+00, |g| = 2.221665e-05
iteration 396, E = -231.811140, |x| = 2.683775e+00, |g| = 2.402539e-05
iteration 397, E = -231.811140, |x| = 2.683532e+00, |g| = 2.919343e-05
iteration 398, E = -231.811140, |x| = 2.683123e+00, |g| = 3.123077e-05
iteration 399, E = -231.811140, |x| = 2.683537e+00, |g| = 4.117591e-05
iteration 400, E = -231.811140, |x| = 2.683755e+00, |g| = 4.946509e-05
iteration 401, E = -231.811140, |x| = 2.684760e+00, |g| = 6.675924e-05
iteration 402, E = -231.811140, |x| = 2.685104e+00, |g| = 8.964049e-05
iteration 403, E = -231.811140, |x| = 2.685521e+00, |g| = 1.196571e-04
iteration 404, E = -231.811140, |x| = 2.684822e+00, |g| = 1.563245e-04
iteration 405, E = -231.811140, |x| = 2.683554e+00, |g| = 2.011125e-04
iteration 406, E = -231.811140, |x| = 2.680577e+00, |g| = 2.464753e-04
iteration 407, E = -231.811140, |x| = 2.676539e+00, |g| = 3.414371e-04
iteration 408, E = -231.811140, |x| = 2.671981e+00, |g| = 3.282988e-04
iteration 409, E = -231.811140, |x| = 2.667677e+00, |g| = 3.572456e-04
iteration 410, E = -231.811140, |x| = 2.662351e+00, |g| = 2.709671e-04
iteration 411, E = -231.811141, |x| = 2.659190e+00, |g| = 2.646681e-04
iteration 412, E = -231.811141, |x| = 2.662033e+00, |g| = 1.735506e-04
iteration 413, E = -231.811141, |x| = 2.663458e+00, |g| = 1.465804e-04
iteration 414, E = -231.811141, |x| = 2.668989e+00, |g| = 1.741109e-04
iteration 415, E = -231.811141, |x| = 2.676033e+00, |g| = 2.185504e-04
iteration 416, E = -231.811141, |x| = 2.676088e+00, |g| = 1.518687e-04
iteration 417, E = -231.811141, |x| = 2.673841e+00, |g| = 8.690055e-05
iteration 418, E = -231.811141, |x| = 2.672186e+00, |g| = 5.152775e-05
iteration 419, E = -231.811141, |x| = 2.671730e+00, |g| = 3.349714e-05
iteration 420, E = -231.811141, |x| = 2.670255e+00, |g| = 2.425806e-05
iteration 421, E = -231.811141, |x| = 2.669444e+00, |g| = 1.869643e-05
iteration 422, E = -231.811141, |x| = 2.668853e+00, |g| = 1.547641e-05
iteration 423, E = -231.811141, |x| = 2.668863e+00, |g| = 1.511154e-05
iteration 424, E = -231.811141, |x| = 2.668830e+00, |g| = 1.510913e-05
iteration 425, E = -231.811141, |x| = 2.669077e+00, |g| = 1.708283e-05
iteration 426, E = -231.811141, |x| = 2.669113e+00, |g| = 1.627133e-05
iteration 427, E = -231.811141, |x| = 2.669230e+00, |g| = 1.530879e-05
iteration 428, E = -231.811141, |x| = 2.669220e+00, |g| = 1.424044e-05
iteration 429, E = -231.811141, |x| = 2.669249e+00, |g| = 1.802051e-05
iteration 430, E = -231.811141, |x| = 2.669342e+00, |g| = 2.677247e-05
iteration 431, E = -231.811141, |x| = 2.669486e+00, |g| = 3.710987e-05
iteration 432, E = -231.811141, |x| = 2.669762e+00, |g| = 4.981880e-05
iteration 433, E = -231.811141, |x| = 2.670096e+00, |g| = 6.402444e-05
iteration 434, E = -231.811141, |x| = 2.670577e+00, |g| = 8.210296e-05
iteration 435, E = -231.811141, |x| = 2.671102e+00, |g| = 1.035217e-04
iteration 436, E = -231.811141, |x| = 2.671752e+00, |g| = 1.296813e-04
iteration 437, E = -231.811141, |x| = 2.672416e+00, |g| = 1.563515e-04
iteration 438, E = -231.811141, |x| = 2.673372e+00, |g| = 1.820396e-04
iteration 439, E = -231.811141, |x| = 2.673861e+00, |g| = 1.494055e-04
iteration 440, E = -231.811141, |x| = 2.671723e+00, |g| = 9.355579e-05
iteration 441, E = -231.811141, |x| = 2.667883e+00, |g| = 8.229203e-05
iteration 442, E = -231.811141, |x| = 2.666635e+00, |g| = 3.841147e-05
iteration 443, E = -231.811141, |x| = 2.667648e+00, |g| = 2.078092e-05
iteration 444, E = -231.811141, |x| = 2.667614e+00, |g| = 9.093062e-06
iteration 445, E = -231.811141, |x| = 2.667835e+00, |g| = 1.024859e-05
iteration 446, E = -231.811141, |x| = 2.668075e+00, |g| = 1.275100e-05
iteration 447, E = -231.811141, |x| = 2.668184e+00, |g| = 1.781047e-05
iteration 448, E = -231.811141, |x| = 2.668379e+00, |g| = 2.162991e-05
iteration 449, E = -231.811141, |x| = 2.668610e+00, |g| = 2.679885e-05
iteration 450, E = -231.811141, |x| = 2.668870e+00, |g| = 3.428585e-05
iteration 451, E = -231.811141, |x| = 2.669145e+00, |g| = 4.569196e-05
iteration 452, E = -231.811141, |x| = 2.669320e+00, |g| = 6.258269e-05
iteration 453, E = -231.811141, |x| = 2.669172e+00, |g| = 8.662543e-05
iteration 454, E = -231.811141, |x| = 2.668190e+00, |g| = 1.190240e-04
iteration 455, E = -231.811141, |x| = 2.665648e+00, |g| = 1.636798e-04
iteration 456, E = -231.811141, |x| = 2.660488e+00, |g| = 2.283627e-04
iteration 457, E = -231.811141, |x| = 2.651799e+00, |g| = 3.182076e-04
iteration 458, E = -231.811141, |x| = 2.644587e+00, |g| = 2.542030e-04
iteration 459, E = -231.811141, |x| = 2.632440e+00, |g| = 2.487511e-04
iteration 460, E = -231.811141, |x| = 2.629405e+00, |g| = 2.152263e-04
iteration 461, E = -231.811141, |x| = 2.623044e+00, |g| = 1.257804e-04
iteration 462, E = -231.811141, |x| = 2.614561e+00, |g| = 2.530883e-04
iteration 463, E = -231.811141, |x| = 2.614800e+00, |g| = 1.483115e-04
iteration 464, E = -231.811141, |x| = 2.614460e+00, |g| = 1.849332e-04
iteration 465, E = -231.811141, |x| = 2.609957e+00, |g| = 1.677117e-04
iteration 466, E = -231.811141, |x| = 2.608003e+00, |g| = 1.108613e-04
iteration 467, E = -231.811141, |x| = 2.602877e+00, |g| = 9.022082e-05
iteration 468, E = -231.811141, |x| = 2.601405e+00, |g| = 7.293517e-05
iteration 469, E = -231.811141, |x| = 2.596353e+00, |g| = 5.956251e-05
iteration 470, E = -231.811141, |x| = 2.594738e+00, |g| = 5.144568e-05
iteration 471, E = -231.811141, |x| = 2.592854e+00, |g| = 3.434512e-05
iteration 472, E = -231.811141, |x| = 2.593726e+00, |g| = 4.129180e-05
iteration 473, E = -231.811141, |x| = 2.594417e+00, |g| = 4.494629e-05
iteration 474, E = -231.811141, |x| = 2.595371e+00, |g| = 4.466321e-05
iteration 475, E = -231.811141, |x| = 2.595967e+00, |g| = 3.434489e-05
iteration 476, E = -231.811141, |x| = 2.596269e+00, |g| = 2.629351e-05
iteration 477, E = -231.811141, |x| = 2.596367e+00, |g| = 1.574448e-05
iteration 478, E = -231.811141, |x| = 2.596764e+00, |g| = 1.431373e-05
iteration 479, E = -231.811141, |x| = 2.597338e+00, |g| = 1.145520e-05
iteration 480, E = -231.811141, |x| = 2.597979e+00, |g| = 1.140216e-05
iteration 481, E = -231.811141, |x| = 2.598469e+00, |g| = 1.096116e-05
iteration 482, E = -231.811141, |x| = 2.598967e+00, |g| = 1.321472e-05
iteration 483, E = -231.811141, |x| = 2.599526e+00, |g| = 1.850875e-05
iteration 484, E = -231.811141, |x| = 2.600076e+00, |g| = 2.493386e-05
iteration 485, E = -231.811141, |x| = 2.600633e+00, |g| = 3.214215e-05
iteration 486, E = -231.811141, |x| = 2.600966e+00, |g| = 3.894724e-05
iteration 487, E = -231.811141, |x| = 2.600713e+00, |g| = 4.477233e-05
iteration 488, E = -231.811141, |x| = 2.599512e+00, |g| = 4.218391e-05
iteration 489, E = -231.811141, |x| = 2.597614e+00, |g| = 4.389654e-05
iteration 490, E = -231.811141, |x| = 2.595698e+00, |g| = 4.922058e-05
iteration 491, E = -231.811141, |x| = 2.593813e+00, |g| = 6.065467e-05
iteration 492, E = -231.811141, |x| = 2.591392e+00, |g| = 7.590122e-05
iteration 493, E = -231.811142, |x| = 2.588679e+00, |g| = 9.572970e-05
iteration 494, E = -231.811142, |x| = 2.585757e+00, |g| = 1.219390e-04
iteration 495, E = -231.811142, |x| = 2.586543e+00, |g| = 1.225719e-04
iteration 496, E = -231.811142, |x| = 2.588452e+00, |g| = 9.626596e-05
iteration 497, E = -231.811142, |x| = 2.595441e+00, |g| = 9.462697e-05
iteration 498, E = -231.811142, |x| = 2.594541e+00, |g| = 5.364689e-05
iteration 499, E = -231.811142, |x| = 2.593067e+00, |g| = 4.605543e-05
iteration 500, E = -231.811142, |x| = 2.591964e+00, |g| = 4.092406e-05
iteration 501, E = -231.811142, |x| = 2.590405e+00, |g| = 4.253933e-05
iteration 502, E = -231.811142, |x| = 2.588622e+00, |g| = 3.190913e-05
iteration 503, E = -231.811142, |x| = 2.586787e+00, |g| = 2.410437e-05
iteration 504, E = -231.811142, |x| = 2.585180e+00, |g| = 1.085043e-05
iteration 505, E = -231.811142, |x| = 2.584083e+00, |g| = 2.033004e-05
iteration 506, E = -231.811142, |x| = 2.584149e+00, |g| = 1.053594e-05
iteration 507, E = -231.811142, |x| = 2.583869e+00, |g| = 9.561848e-06
iteration 508, E = -231.811142, |x| = 2.583564e+00, |g| = 9.982425e-06
iteration 509, E = -231.811142, |x| = 2.583189e+00, |g| = 1.006670e-05
iteration 510, E = -231.811142, |x| = 2.582750e+00, |g| = 1.138259e-05
iteration 511, E = -231.811142, |x| = 2.582234e+00, |g| = 1.420658e-05
iteration 512, E = -231.811142, |x| = 2.581647e+00, |g| = 1.981546e-05
iteration 513, E = -231.811142, |x| = 2.581070e+00, |g| = 2.680092e-05
iteration 514, E = -231.811142, |x| = 2.580550e+00, |g| = 3.680284e-05
iteration 515, E = -231.811142, |x| = 2.580188e+00, |g| = 4.254036e-05
iteration 516, E = -231.811142, |x| = 2.580626e+00, |g| = 7.231133e-05
iteration 517, E = -231.811142, |x| = 2.580062e+00, |g| = 5.992042e-05
iteration 518, E = -231.811142, |x| = 2.580426e+00, |g| = 6.440379e-05
iteration 519, E = -231.811142, |x| = 2.580812e+00, |g| = 7.125271e-05
iteration 520, E = -231.811142, |x| = 2.583171e+00, |g| = 4.634536e-05
iteration 521, E = -231.811142, |x| = 2.582723e+00, |g| = 1.703464e-04
iteration 522, E = -231.811142, |x| = 2.583251e+00, |g| = 2.089849e-04
iteration 523, E = -231.811142, |x| = 2.583567e+00, |g| = 1.502991e-04
iteration 524, E = -231.811142, |x| = 2.583618e+00, |g| = 7.318864e-05
iteration 525, E = -231.811142, |x| = 2.580841e+00, |g| = 2.042476e-04
iteration 526, E = -231.811142, |x| = 2.578167e+00, |g| = 1.021832e-04
iteration 527, E = -231.811142, |x| = 2.575709e+00, |g| = 5.945120e-05
iteration 528, E = -231.811142, |x| = 2.573881e+00, |g| = 4.894147e-05
iteration 529, E = -231.811142, |x| = 2.573884e+00, |g| = 3.712040e-05
iteration 530, E = -231.811142, |x| = 2.574346e+00, |g| = 3.208194e-05
iteration 531, E = -231.811142, |x| = 2.574901e+00, |g| = 2.178799e-05
iteration 532, E = -231.811142, |x| = 2.575369e+00, |g| = 1.127796e-05
iteration 533, E = -231.811142, |x| = 2.575412e+00, |g| = 7.000079e-06
iteration 534, E = -231.811142, |x| = 2.575431e+00, |g| = 7.757058e-06
iteration 535, E = -231.811142, |x| = 2.575221e+00, |g| = 7.488020e-06
iteration 536, E = -231.811142, |x| = 2.574962e+00, |g| = 7.116258e-06
iteration 537, E = -231.811142, |x| = 2.574805e+00, |g| = 6.012035e-06
iteration 538, E = -231.811142, |x| = 2.574623e+00, |g| = 7.565042e-06
iteration 539, E = -231.811142, |x| = 2.574532e+00, |g| = 7.061618e-06
iteration 540, E = -231.811142, |x| = 2.574458e+00, |g| = 7.255156e-06
iteration 541, E = -231.811142, |x| = 2.574425e+00, |g| = 7.532455e-06
iteration 542, E = -231.811142, |x| = 2.574397e+00, |g| = 9.914940e-06
iteration 543, E = -231.811142, |x| = 2.574361e+00, |g| = 1.366082e-05
iteration 544, E = -231.811142, |x| = 2.574353e+00, |g| = 1.774270e-05
iteration 545, E = -231.811142, |x| = 2.574383e+00, |g| = 2.187870e-05
iteration 546, E = -231.811142, |x| = 2.574527e+00, |g| = 2.647972e-05
iteration 547, E = -231.811142, |x| = 2.574852e+00, |g| = 3.234265e-05
iteration 548, E = -231.811142, |x| = 2.575560e+00, |g| = 4.005826e-05
iteration 549, E = -231.811142, |x| = 2.576933e+00, |g| = 5.140887e-05
iteration 550, E = -231.811142, |x| = 2.579592e+00, |g| = 6.710875e-05
iteration 551, E = -231.811142, |x| = 2.584467e+00, |g| = 9.071327e-05
iteration 552, E = -231.811142, |x| = 2.593130e+00, |g| = 1.270749e-04
iteration 553, E = -231.811142, |x| = 2.605069e+00, |g| = 1.588710e-04
iteration 554, E = -231.811142, |x| = 2.611752e+00, |g| = 1.203917e-04
iteration 555, E = -231.811142, |x| = 2.621403e+00, |g| = 1.139450e-04
iteration 556, E = -231.811142, |x| = 2.620344e+00, |g| = 1.229605e-04
iteration 557, E = -231.811142, |x| = 2.619726e+00, |g| = 1.166557e-04
iteration 558, E = -231.811142, |x| = 2.620266e+00, |g| = 1.082640e-04
iteration 559, E = -231.811142, |x| = 2.621498e+00, |g| = 1.275922e-04
iteration 560, E = -231.811142, |x| = 2.622893e+00, |g| = 1.903240e-04
iteration 561, E = -231.811142, |x| = 2.623927e+00, |g| = 2.201954e-04
iteration 562, E = -231.811142, |x| = 2.624764e+00, |g| = 2.277534e-04
iteration 563, E = -231.811142, |x| = 2.629741e+00, |g| = 1.862253e-04
iteration 564, E = -231.811142, |x| = 2.636188e+00, |g| = 1.997273e-04
iteration 565, E = -231.811142, |x| = 2.651967e+00, |g| = 2.943184e-04
iteration 566, E = -231.811142, |x| = 2.650619e+00, |g| = 2.068443e-04
iteration 567, E = -231.811142, |x| = 2.653116e+00, |g| = 2.504205e-04
iteration 568, E = -231.811142, |x| = 2.654186e+00, |g| = 1.155794e-04
iteration 569, E = -231.811142, |x| = 2.658810e+00, |g| = 1.239363e-04
iteration 570, E = -231.811142, |x| = 2.672889e+00, |g| = 2.042685e-04
iteration 571, E = -231.811142, |x| = 2.674598e+00, |g| = 2.408485e-04
iteration 572, E = -231.811142, |x| = 2.675850e+00, |g| = 1.555376e-04
iteration 573, E = -231.811142, |x| = 2.686531e+00, |g| = 2.052254e-04
iteration 574, E = -231.811142, |x| = 2.688130e+00, |g| = 1.424287e-04
iteration 575, E = -231.811142, |x| = 2.689460e+00, |g| = 1.688594e-04
iteration 576, E = -231.811142, |x| = 2.687850e+00, |g| = 1.021641e-04
iteration 577, E = -231.811142, |x| = 2.692283e+00, |g| = 9.515221e-05
iteration 578, E = -231.811142, |x| = 2.696750e+00, |g| = 9.645870e-05
iteration 579, E = -231.811142, |x| = 2.701224e+00, |g| = 1.381753e-04
iteration 580, E = -231.811142, |x| = 2.709430e+00, |g| = 1.360900e-04
iteration 581, E = -231.811142, |x| = 2.714184e+00, |g| = 1.569514e-04
iteration 582, E = -231.811142, |x| = 2.727766e+00, |g| = 2.227502e-04
iteration 583, E = -231.811142, |x| = 2.726889e+00, |g| = 1.779340e-04
iteration 584, E = -231.811142, |x| = 2.729177e+00, |g| = 1.177629e-04
iteration 585, E = -231.811142, |x| = 2.732846e+00, |g| = 1.737070e-04
iteration 586, E = -231.811142, |x| = 2.741504e+00, |g| = 2.679883e-04
iteration 587, E = -231.811142, |x| = 2.734541e+00, |g| = 1.759632e-04
iteration 588, E = -231.811142, |x| = 2.732058e+00, |g| = 1.293297e-04
iteration 589, E = -231.811142, |x| = 2.735270e+00, |g| = 8.791111e-05
iteration 590, E = -231.811142, |x| = 2.739282e+00, |g| = 1.559372e-04
iteration 591, E = -231.811142, |x| = 2.739172e+00, |g| = 7.321089e-05
iteration 592, E = -231.811143, |x| = 2.740172e+00, |g| = 5.371945e-05
iteration 593, E = -231.811143, |x| = 2.741005e+00, |g| = 1.006610e-04
iteration 594, E = -231.811143, |x| = 2.742786e+00, |g| = 7.612171e-05
iteration 595, E = -231.811143, |x| = 2.742645e+00, |g| = 8.521659e-05
iteration 596, E = -231.811143, |x| = 2.742660e+00, |g| = 6.443039e-05
iteration 597, E = -231.811143, |x| = 2.738889e+00, |g| = 7.814697e-05
iteration 598, E = -231.811143, |x| = 2.738550e+00, |g| = 7.364111e-05
iteration 599, E = -231.811143, |x| = 2.737175e+00, |g| = 6.598708e-05
iteration 600, E = -231.811143, |x| = 2.735711e+00, |g| = 4.946702e-05
iteration 601, E = -231.811143, |x| = 2.734583e+00, |g| = 5.552440e-05
iteration 602, E = -231.811143, |x| = 2.733992e+00, |g| = 4.887592e-05
iteration 603, E = -231.811143, |x| = 2.733485e+00, |g| = 5.211828e-05
iteration 604, E = -231.811143, |x| = 2.733463e+00, |g| = 5.312935e-05
iteration 605, E = -231.811143, |x| = 2.733032e+00, |g| = 6.682691e-05
iteration 606, E = -231.811143, |x| = 2.733502e+00, |g| = 3.237538e-05
iteration 607, E = -231.811143, |x| = 2.733754e+00, |g| = 4.943064e-05
iteration 608, E = -231.811143, |x| = 2.732736e+00, |g| = 4.235947e-05
iteration 609, E = -231.811143, |x| = 2.732400e+00, |g| = 2.933530e-05
iteration 610, E = -231.811143, |x| = 2.731478e+00, |g| = 3.536942e-05
iteration 611, E = -231.811143, |x| = 2.731297e+00, |g| = 1.679956e-05
iteration 612, E = -231.811143, |x| = 2.731252e+00, |g| = 1.731610e-05
iteration 613, E = -231.811143, |x| = 2.731494e+00, |g| = 2.294393e-05
iteration 614, E = -231.811143, |x| = 2.731675e+00, |g| = 2.094688e-05
iteration 615, E = -231.811143, |x| = 2.732053e+00, |g| = 2.740417e-05
iteration 616, E = -231.811143, |x| = 2.732352e+00, |g| = 2.612886e-05
iteration 617, E = -231.811143, |x| = 2.732724e+00, |g| = 3.047189e-05
iteration 618, E = -231.811143, |x| = 2.733506e+00, |g| = 3.150531e-05
iteration 619, E = -231.811143, |x| = 2.734649e+00, |g| = 2.631234e-05
iteration 620, E = -231.811143, |x| = 2.735964e+00, |g| = 2.213576e-05
iteration 621, E = -231.811143, |x| = 2.736694e+00, |g| = 1.457476e-05
iteration 622, E = -231.811143, |x| = 2.737063e+00, |g| = 1.281877e-05
iteration 623, E = -231.811143, |x| = 2.737364e+00, |g| = 1.704824e-05
iteration 624, E = -231.811143, |x| = 2.737522e+00, |g| = 1.792859e-05
iteration 625, E = -231.811143, |x| = 2.737876e+00, |g| = 1.970322e-05
iteration 626, E = -231.811143, |x| = 2.738717e+00, |g| = 2.283752e-05
iteration 627, E = -231.811143, |x| = 2.740576e+00, |g| = 2.833796e-05
iteration 628, E = -231.811143, |x| = 2.743839e+00, |g| = 3.160609e-05
iteration 629, E = -231.811143, |x| = 2.746527e+00, |g| = 2.589309e-05
iteration 630, E = -231.811143, |x| = 2.751370e+00, |g| = 4.359284e-05
iteration 631, E = -231.811143, |x| = 2.752495e+00, |g| = 2.739793e-05
iteration 632, E = -231.811143, |x| = 2.753148e+00, |g| = 4.178380e-05
iteration 633, E = -231.811143, |x| = 2.754095e+00, |g| = 4.033875e-05
iteration 634, E = -231.811143, |x| = 2.755253e+00, |g| = 3.651213e-05
iteration 635, E = -231.811143, |x| = 2.756073e+00, |g| = 3.846912e-05
iteration 636, E = -231.811143, |x| = 2.756833e+00, |g| = 3.691499e-05
iteration 637, E = -231.811143, |x| = 2.756176e+00, |g| = 5.290220e-05
iteration 638, E = -231.811143, |x| = 2.757243e+00, |g| = 4.005458e-05
iteration 639, E = -231.811143, |x| = 2.756868e+00, |g| = 8.317638e-05
iteration 640, E = -231.811143, |x| = 2.758221e+00, |g| = 6.085542e-05
iteration 641, E = -231.811143, |x| = 2.758013e+00, |g| = 6.776029e-05
iteration 642, E = -231.811143, |x| = 2.758607e+00, |g| = 6.356334e-05
iteration 643, E = -231.811143, |x| = 2.757626e+00, |g| = 7.420949e-05
iteration 644, E = -231.811143, |x| = 2.755107e+00, |g| = 5.238390e-05
iteration 645, E = -231.811143, |x| = 2.754766e+00, |g| = 9.988749e-05
iteration 646, E = -231.811143, |x| = 2.753169e+00, |g| = 1.048471e-04
iteration 647, E = -231.811143, |x| = 2.750857e+00, |g| = 1.012117e-04
iteration 648, E = -231.811143, |x| = 2.746773e+00, |g| = 1.103959e-04
iteration 649, E = -231.811143, |x| = 2.740164e+00, |g| = 1.509289e-04
iteration 650, E = -231.811143, |x| = 2.729761e+00, |g| = 2.682442e-04
iteration 651, E = -231.811143, |x| = 2.726680e+00, |g| = 2.216376e-04
iteration 652, E = -231.811143, |x| = 2.724019e+00, |g| = 2.100629e-04
iteration 653, E = -231.811143, |x| = 2.726535e+00, |g| = 2.932748e-04
iteration 654, E = -231.811143, |x| = 2.726990e+00, |g| = 2.572932e-04
iteration 655, E = -231.811143, |x| = 2.729762e+00, |g| = 2.200561e-04
iteration 656, E = -231.811143, |x| = 2.727463e+00, |g| = 2.794369e-04
iteration 657, E = -231.811143, |x| = 2.732712e+00, |g| = 1.469226e-04
iteration 658, E = -231.811143, |x| = 2.740301e+00, |g| = 3.039832e-04
iteration 659, E = -231.811143, |x| = 2.746262e+00, |g| = 2.740201e-04
iteration 660, E = -231.811143, |x| = 2.743422e+00, |g| = 1.334574e-04
iteration 661, E = -231.811143, |x| = 2.748960e+00, |g| = 2.217783e-04
iteration 662, E = -231.811143, |x| = 2.751844e+00, |g| = 1.761854e-04
iteration 663, E = -231.811143, |x| = 2.753700e+00, |g| = 1.565927e-04
iteration 664, E = -231.811143, |x| = 2.757293e+00, |g| = 1.917535e-04
iteration 665, E = -231.811143, |x| = 2.756690e+00, |g| = 1.927620e-04
iteration 666, E = -231.811143, |x| = 2.757454e+00, |g| = 1.508147e-04
iteration 667, E = -231.811143, |x| = 2.756776e+00, |g| = 1.127539e-04
iteration 668, E = -231.811143, |x| = 2.754584e+00, |g| = 1.370853e-04
iteration 669, E = -231.811143, |x| = 2.753075e+00, |g| = 1.189091e-04
iteration 670, E = -231.811143, |x| = 2.753096e+00, |g| = 1.873700e-04
iteration 671, E = -231.811143, |x| = 2.746983e+00, |g| = 2.272669e-04
iteration 672, E = -231.811143, |x| = 2.749006e+00, |g| = 1.113314e-04
iteration 673, E = -231.811143, |x| = 2.752467e+00, |g| = 4.930861e-05
iteration 674, E = -231.811143, |x| = 2.750865e+00, |g| = 1.017655e-04
iteration 675, E = -231.811143, |x| = 2.750335e+00, |g| = 6.968145e-05
iteration 676, E = -231.811143, |x| = 2.749763e+00, |g| = 5.221130e-05
iteration 677, E = -231.811143, |x| = 2.748508e+00, |g| = 5.110918e-05
iteration 678, E = -231.811143, |x| = 2.747682e+00, |g| = 4.662030e-05
iteration 679, E = -231.811143, |x| = 2.747067e+00, |g| = 3.798326e-05
iteration 680, E = -231.811143, |x| = 2.746568e+00, |g| = 2.844633e-05
iteration 681, E = -231.811143, |x| = 2.745639e+00, |g| = 3.028668e-05
iteration 682, E = -231.811143, |x| = 2.743798e+00, |g| = 3.748939e-05
iteration 683, E = -231.811143, |x| = 2.741512e+00, |g| = 4.852340e-05
iteration 684, E = -231.811143, |x| = 2.740281e+00, |g| = 4.990572e-05
iteration 685, E = -231.811143, |x| = 2.739508e+00, |g| = 5.076896e-05
iteration 686, E = -231.811143, |x| = 2.739641e+00, |g| = 4.851435e-05
iteration 687, E = -231.811143, |x| = 2.739777e+00, |g| = 4.072973e-05
iteration 688, E = -231.811143, |x| = 2.739809e+00, |g| = 2.500443e-05
iteration 689, E = -231.811143, |x| = 2.739021e+00, |g| = 1.830092e-05
iteration 690, E = -231.811143, |x| = 2.737332e+00, |g| = 2.103194e-05
iteration 691, E = -231.811143, |x| = 2.734850e+00, |g| = 2.188116e-05
iteration 692, E = -231.811143, |x| = 2.733297e+00, |g| = 2.524120e-05
iteration 693, E = -231.811143, |x| = 2.732355e+00, |g| = 1.287856e-05
iteration 694, E = -231.811143, |x| = 2.732559e+00, |g| = 1.113371e-05
iteration 695, E = -231.811143, |x| = 2.733054e+00, |g| = 1.341739e-05
iteration 696, E = -231.811143, |x| = 2.732994e+00, |g| = 1.201863e-05
iteration 697, E = -231.811143, |x| = 2.732876e+00, |g| = 1.475884e-05
iteration 698, E = -231.811143, |x| = 2.732583e+00, |g| = 1.421016e-05
iteration 699, E = -231.811143, |x| = 2.732228e+00, |g| = 1.484131e-05
iteration 700, E = -231.811143, |x| = 2.731819e+00, |g| = 1.493252e-05
iteration 701, E = -231.811143, |x| = 2.731311e+00, |g| = 1.593675e-05
iteration 702, E = -231.811143, |x| = 2.730702e+00, |g| = 1.767742e-05
iteration 703, E = -231.811143, |x| = 2.729999e+00, |g| = 2.225733e-05
iteration 704, E = -231.811143, |x| = 2.729462e+00, |g| = 2.997085e-05
iteration 705, E = -231.811143, |x| = 2.729347e+00, |g| = 3.737093e-05
iteration 706, E = -231.811143, |x| = 2.729747e+00, |g| = 4.685053e-05
iteration 707, E = -231.811143, |x| = 2.730714e+00, |g| = 5.864938e-05
iteration 708, E = -231.811143, |x| = 2.732411e+00, |g| = 8.247184e-05
iteration 709, E = -231.811143, |x| = 2.735141e+00, |g| = 1.119997e-04
iteration 710, E = -231.811143, |x| = 2.737361e+00, |g| = 1.283102e-04
iteration 711, E = -231.811143, |x| = 2.740738e+00, |g| = 9.896079e-05
iteration 712, E = -231.811143, |x| = 2.740491e+00, |g| = 6.706335e-05
iteration 713, E = -231.811143, |x| = 2.738512e+00, |g| = 6.103219e-05
iteration 714, E = -231.811143, |x| = 2.736688e+00, |g| = 1.359693e-04
iteration 715, E = -231.811143, |x| = 2.733482e+00, |g| = 7.147751e-05
iteration 716, E = -231.811143, |x| = 2.732691e+00, |g| = 6.534897e-05
iteration 717, E = -231.811143, |x| = 2.732356e+00, |g| = 5.799437e-05
iteration 718, E = -231.811143, |x| = 2.729855e+00, |g| = 7.773850e-05
iteration 719, E = -231.811143, |x| = 2.728950e+00, |g| = 4.443196e-05
iteration 720, E = -231.811143, |x| = 2.727248e+00, |g| = 6.540681e-05
iteration 721, E = -231.811143, |x| = 2.727732e+00, |g| = 2.957918e-05
iteration 722, E = -231.811143, |x| = 2.728098e+00, |g| = 2.157177e-05
iteration 723, E = -231.811143, |x| = 2.728706e+00, |g| = 4.578842e-05
iteration 724, E = -231.811143, |x| = 2.728813e+00, |g| = 2.333701e-05
iteration 725, E = -231.811143, |x| = 2.728888e+00, |g| = 3.671930e-05
iteration 726, E = -231.811143, |x| = 2.729866e+00, |g| = 2.113084e-05
iteration 727, E = -231.811143, |x| = 2.729284e+00, |g| = 1.105278e-05
iteration 728, E = -231.811143, |x| = 2.728823e+00, |g| = 1.742823e-05
iteration 729, E = -231.811143, |x| = 2.728644e+00, |g| = 1.413480e-05
iteration 730, E = -231.811143, |x| = 2.728867e+00, |g| = 4.983554e-06
iteration 731, E = -231.811143, |x| = 2.728968e+00, |g| = 4.871530e-06
iteration 732, E = -231.811143, |x| = 2.728977e+00, |g| = 2.638005e-06
iteration 733, E = -231.811143, |x| = 2.729077e+00, |g| = 2.921432e-06
iteration 734, E = -231.811143, |x| = 2.729062e+00, |g| = 2.527175e-06
iteration 735, E = -231.811143, |x| = 2.729026e+00, |g| = 2.478994e-06
iteration 736, E = -231.811143, |x| = 2.728961e+00, |g| = 2.850224e-06
iteration 737, E = -231.811143, |x| = 2.728866e+00, |g| = 2.931453e-06
iteration 738, E = -231.811143, |x| = 2.728754e+00, |g| = 3.319831e-06
iteration 739, E = -231.811143, |x| = 2.728584e+00, |g| = 4.578088e-06
iteration 740, E = -231.811143, |x| = 2.728395e+00, |g| = 6.398244e-06
iteration 741, E = -231.811143, |x| = 2.728141e+00, |g| = 9.763425e-06
iteration 742, E = -231.811143, |x| = 2.727989e+00, |g| = 1.218673e-05
iteration 743, E = -231.811143, |x| = 2.727880e+00, |g| = 1.337551e-05
iteration 744, E = -231.811143, |x| = 2.727912e+00, |g| = 1.810655e-05
iteration 745, E = -231.811143, |x| = 2.728030e+00, |g| = 1.236833e-05
iteration 746, E = -231.811143, |x| = 2.728344e+00, |g| = 2.587972e-05
iteration 747, E = -231.811143, |x| = 2.728880e+00, |g| = 2.501300e-05
iteration 748, E = -231.811143, |x| = 2.729689e+00, |g| = 3.427643e-05
iteration 749, E = -231.811143, |x| = 2.731190e+00, |g| = 3.724167e-05
iteration 750, E = -231.811143, |x| = 2.732135e+00, |g| = 4.000361e-05
iteration 751, E = -231.811143, |x| = 2.732690e+00, |g| = 6.592187e-05
iteration 752, E = -231.811143, |x| = 2.731571e+00, |g| = 2.981134e-05
iteration 753, E = -231.811143, |x| = 2.732676e+00, |g| = 2.521027e-05
iteration 754, E = -231.811143, |x| = 2.732930e+00, |g| = 4.277805e-05
iteration 755, E = -231.811143, |x| = 2.732474e+00, |g| = 1.139930e-05
iteration 756, E = -231.811143, |x| = 2.732092e+00, |g| = 1.651898e-05
iteration 757, E = -231.811143, |x| = 2.731917e+00, |g| = 1.859765e-05
iteration 758, E = -231.811143, |x| = 2.731814e+00, |g| = 1.641080e-05
iteration 759, E = -231.811143, |x| = 2.731899e+00, |g| = 8.350052e-06
iteration 760, E = -231.811143, |x| = 2.732247e+00, |g| = 8.801916e-06
iteration 761, E = -231.811143, |x| = 2.732674e+00, |g| = 6.730790e-06
iteration 762, E = -231.811143, |x| = 2.732960e+00, |g| = 3.327984e-06
iteration 763, E = -231.811143, |x| = 2.732977e+00, |g| = 1.329149e-06
Fragment 0 local quantum numbers
<N>,<Sz>,<S^2> = 2.000206, -0.000112, 0.007317
Fragment 1 local quantum numbers
<N>,<Sz>,<S^2> = 1.999469, 0.000085, 0.013278
Fragment 2 local quantum numbers
<N>,<Sz>,<S^2> = 2.000324, 0.000027, 0.007112
Whole system quantum numbers
<N>,<Sz>,<S^2> = 6.000000, -0.000000, 0.000423
Density matrix diagonal elements [1.9052122  0.09499398 1.90641122 0.09305823 1.90575341 0.09457096]
CASCI converged
CASCI E = -231.811143493441  E(CI) = -5.84039510829604  S^2 = 0.0004232
